ticker,end,concept,value
A,2026-08-07,price,144.86
AAPL,2026-08-07,price,311.92
ABBV,2026-08-07,price,244.96
ABNB,2026-08-07,price,174.57
ABT,2026-08-07,price,107.215
ACGL,2026-08-07,price,98.765
ACN,2026-08-07,price,174.27
ADBE,2026-08-07,price,264.155
ADI,2026-08-07,price,389.895
ADM,2026-08-07,price,76.825
ADP,2026-08-07,price,270.32
ADSK,2026-08-07,price,247.505
AEE,2026-08-07,price,108.97
AEP,2026-08-07,price,125.48
AES,2026-08-07,price,14.71
AFL,2026-08-07,price,124.74
AIG,2026-08-07,price,79.44
AIZ,2026-08-07,price,292.01
AJG,2026-08-07,price,248.6
AKAM,2026-08-07,price,111.03
ALB,2026-08-07,price,129.31
ALGN,2026-08-07,price,170.86
ALL,2026-08-07,price,269.2066
ALLE,2026-08-07,price,169.9557
AMAT,2026-08-07,price,537.98
AMCR,2026-08-07,price,47.66
AMD,2026-08-07,price,478.6
AME,2026-08-07,price,252.695
AMGN,2026-08-07,price,408.19
AMP,2026-08-07,price,552.125
AMT,2026-08-07,price,172.155
AMZN,2026-08-07,price,274.375
ANET,2026-08-07,price,189.275
AON,2026-08-07,price,357.76
AOS,2026-08-07,price,63.82
APD,2026-08-07,price,301.59
APH,2026-08-07,price,168.4275
APO,2026-08-07,price,128.24
APP,2026-08-07,price,346.22
APTV,2026-08-07,price,48.82
ARE,2026-08-07,price,49.675
ARES,2026-08-07,price,137.6075
ATO,2026-08-07,price,170.9
AVB,2026-08-07,price,187.1
AVGO,2026-08-07,price,425.05
AVY,2026-08-07,price,177.61
AWK,2026-08-07,price,135.9
AXON,2026-08-07,price,563.425
AXP,2026-08-07,price,340.305
AZO,2026-08-07,price,3080.955
BA,2026-08-07,price,233.83
BAC,2026-08-07,price,63.115
BALL,2026-08-07,price,63.26
BAX,2026-08-07,price,27.625
BBY,2026-08-07,price,81.72
BDX,2026-08-07,price,175.99
BEN,2026-08-07,price,33.845
BF-B,2026-08-07,price,28.545
BG,2026-08-07,price,108.95
BIIB,2026-08-07,price,207.05
BKNG,2026-08-07,price,212.11
BKR,2026-08-07,price,61.97
BLDR,2026-08-07,price,74.9
BLK,2026-08-07,price,1141.92
BMY,2026-08-07,price,64.425
BNY,2026-08-07,price,158.125
BR,2026-08-07,price,166.23
BRO,2026-08-07,price,71.31
BSX,2026-08-07,price,49.205
BX,2026-08-07,price,137.215
BXP,2026-08-07,price,69.495
C,2026-08-07,price,134.935
CAG,2026-08-07,price,15.0101
CAH,2026-08-07,price,238.98
CARR,2026-08-07,price,64.01
CASY,2026-08-07,price,834.56
CAT,2026-08-07,price,843.955
CB,2026-08-07,price,350.67
CBOE,2026-08-07,price,286.965
CBRE,2026-08-07,price,148.765
CCI,2026-08-07,price,75.46
CCL,2026-08-07,price,28.84
CDNS,2026-08-07,price,336.4
CDW,2026-08-07,price,136.65
CE,2026-08-07,price,44.01
CEG,2026-08-07,price,268.76
CF,2026-08-07,price,115.15
CFG,2026-08-07,price,72.65
CHD,2026-08-07,price,102.95
CHRW,2026-08-07,price,149.215
CHTR,2026-08-07,price,153.57
CI,2026-08-07,price,281.75
CIEN,2026-08-07,price,411.83
CINF,2026-08-07,price,177.32
CL,2026-08-07,price,93.35
CLX,2026-08-07,price,105.655
CMCSA,2026-08-07,price,25.455
CME,2026-08-07,price,264.16
CMG,2026-08-07,price,32.935
CMI,2026-08-07,price,643.89
CMS,2026-08-07,price,71.04
CNC,2026-08-07,price,65.895
CNP,2026-08-07,price,40.755
COF,2026-08-07,price,217.45
COHR,2026-08-07,price,377.23
COIN,2026-08-07,price,152.17
COO,2026-08-07,price,74.08
COP,2026-08-07,price,117.86
COR,2026-08-07,price,322.9
COST,2026-08-07,price,943.52
CPAY,2026-08-07,price,391.12
CPB,2026-08-07,price,23.18
CPRT,2026-08-07,price,29.68
CPT,2026-08-07,price,111.67
CRH,2026-08-07,price,100.31
CRL,2026-08-07,price,262.125
CRM,2026-08-07,price,191.14
CRWD,2026-08-07,price,211.88
CSCO,2026-08-07,price,121.105
CSGP,2026-08-07,price,30.445
CSX,2026-08-07,price,50.39
CTAS,2026-08-07,price,202.28
CTSH,2026-08-07,price,57.725
CTVA,2026-08-07,price,76.77
CVS,2026-08-07,price,95.48
CVX,2026-08-07,price,186.8
D,2026-08-07,price,67.465
DAL,2026-08-07,price,91.35
DASH,2026-08-07,price,217.9
DD,2026-08-07,price,143.94
DDOG,2026-08-07,price,236.185
DE,2026-08-07,price,621.98
DECK,2026-08-07,price,97.255
DELL,2026-08-07,price,450.36
DG,2026-08-07,price,126.71
DGX,2026-08-07,price,238.57
DHI,2026-08-07,price,150.33
DHR,2026-08-07,price,203.64
DIS,2026-08-07,price,105.13
DLR,2026-08-07,price,192.955
DLTR,2026-08-07,price,131.02
DOC,2026-08-07,price,21.3
DOV,2026-08-07,price,211.755
DOW,2026-08-07,price,29.725
DPZ,2026-08-07,price,350.44
DRI,2026-08-07,price,214.59
DTE,2026-08-07,price,140.3
DUK,2026-08-07,price,124.87
DVA,2026-08-07,price,180.0
DVN,2026-08-07,price,43.12
DXCM,2026-08-07,price,84.415
EA,2026-08-07,price,209.7
EBAY,2026-08-07,price,112.075
ECL,2026-08-07,price,284.3375
ED,2026-08-07,price,108.14
EFX,2026-08-07,price,180.85
EG,2026-08-07,price,373.515
EIX,2026-08-07,price,68.365
EL,2026-08-07,price,88.45
ELV,2026-08-07,price,394.37
EME,2026-08-07,price,823.1175
EMR,2026-08-07,price,158.705
EOG,2026-08-07,price,135.34
EQIX,2026-08-07,price,1043.765
EQR,2026-08-07,price,66.95
EQT,2026-08-07,price,51.65
ERIE,2026-08-07,price,256.62
ES,2026-08-07,price,72.555
ESS,2026-08-07,price,286.96
ETN,2026-08-07,price,449.05
ETR,2026-08-07,price,107.305
EVRG,2026-08-07,price,83.55
EW,2026-08-07,price,89.235
EXC,2026-08-07,price,45.685
EXE,2026-08-07,price,93.24
EXPD,2026-08-07,price,179.145
EXPE,2026-08-07,price,309.2
EXR,2026-08-07,price,149.25
F,2026-08-07,price,14.025
FANG,2026-08-07,price,187.74
FAST,2026-08-07,price,51.67
FCX,2026-08-07,price,69.485
FDS,2026-08-07,price,281.84
FDX,2026-08-07,price,317.4
FE,2026-08-07,price,47.445
FFIV,2026-08-07,price,401.745
FICO,2026-08-07,price,1024.885
FIS,2026-08-07,price,42.57
FISV,2026-08-07,price,51.755
FITB,2026-08-07,price,57.005
FIX,2026-08-07,price,1698.69
FLEX,2026-08-07,price,122.06
FOX,2026-08-07,price,56.945
FOXA,2026-08-07,price,64.135
FRT,2026-08-07,price,118.48
FSLR,2026-08-07,price,251.915
FTNT,2026-08-07,price,159.53
FTV,2026-08-07,price,61.675
GD,2026-08-07,price,389.39
GDDY,2026-08-07,price,90.945
GE,2026-08-07,price,370.6
GEHC,2026-08-07,price,71.295
GEN,2026-08-07,price,29.195
GEV,2026-08-07,price,988.715
GILD,2026-08-07,price,133.41
GIS,2026-08-07,price,36.58
GL,2026-08-07,price,183.925
GLW,2026-08-07,price,165.9
GM,2026-08-07,price,87.59
GNRC,2026-08-07,price,213.63
GOOG,2026-08-07,price,353.28
GOOGL,2026-08-07,price,354.19
GPC,2026-08-07,price,135.0
GPN,2026-08-07,price,84.765
GRMN,2026-08-07,price,310.705
GS,2026-08-07,price,1038.42
GWW,2026-08-07,price,1281.13
HAL,2026-08-07,price,31.995
HAS,2026-08-07,price,92.87
HBAN,2026-08-07,price,17.505
HCA,2026-08-07,price,413.185
HD,2026-08-07,price,354.055
HIG,2026-08-07,price,143.38
HII,2026-08-07,price,323.3325
HLT,2026-08-07,price,318.06
HON,2026-08-07,price,245.28
HOOD,2026-08-07,price,92.83
HPE,2026-08-07,price,53.045
HPQ,2026-08-07,price,29.87
HRL,2026-08-07,price,25.025
HSIC,2026-08-07,price,88.195
HST,2026-08-07,price,23.375
HSY,2026-08-07,price,182.565
HUBB,2026-08-07,price,516.57
HUM,2026-08-07,price,383.735
HWM,2026-08-07,price,284.725
IBKR,2026-08-07,price,87.26
IBM,2026-08-07,price,235.555
ICE,2026-08-07,price,150.65
IDXX,2026-08-07,price,586.96
IEX,2026-08-07,price,234.705
IFF,2026-08-07,price,85.08
INCY,2026-08-07,price,120.83
INTC,2026-08-07,price,101.045
INTU,2026-08-07,price,325.315
INVH,2026-08-07,price,30.435
IP,2026-08-07,price,41.805
IQV,2026-08-07,price,236.49
IR,2026-08-07,price,87.35
IRM,2026-08-07,price,120.86
ISRG,2026-08-07,price,377.54
IT,2026-08-07,price,185.165
ITW,2026-08-07,price,296.29
IVZ,2026-08-07,price,31.665
J,2026-08-07,price,146.26
JBHT,2026-08-07,price,267.35
JBL,2026-08-07,price,343.28
JCI,2026-08-07,price,153.14
JKHY,2026-08-07,price,155.78
JNJ,2026-08-07,price,257.12
JPM,2026-08-07,price,358.1205
KDP,2026-08-07,price,30.095
KEY,2026-08-07,price,22.745
KEYS,2026-08-07,price,339.835
KHC,2026-08-07,price,25.245
KIM,2026-08-07,price,24.465
KKR,2026-08-07,price,103.265
KLAC,2026-08-07,price,197.7
KMB,2026-08-07,price,109.239
KMI,2026-08-07,price,30.855
KO,2026-08-07,price,87.045
KR,2026-08-07,price,56.535
KVUE,2026-08-07,price,19.185
L,2026-08-07,price,115.38
LDOS,2026-08-07,price,137.17
LEN,2026-08-07,price,87.9775
LH,2026-08-07,price,319.025
LHX,2026-08-07,price,286.73
LII,2026-08-07,price,439.25
LIN,2026-08-07,price,489.14
LITE,2026-08-07,price,892.1432
LLY,2026-08-07,price,1182.0275
LMT,2026-08-07,price,586.78
LNT,2026-08-07,price,69.48
LOW,2026-08-07,price,222.58
LRCX,2026-08-07,price,309.445
LULU,2026-08-07,price,127.02
LUV,2026-08-07,price,47.015
LVS,2026-08-07,price,45.74
LYB,2026-08-07,price,60.37
LYV,2026-08-07,price,182.165
MA,2026-08-07,price,562.03
MAA,2026-08-07,price,134.675
MAR,2026-08-07,price,355.18
MAS,2026-08-07,price,77.31
MCD,2026-08-07,price,273.89
MCHP,2026-08-07,price,85.04
MCK,2026-08-07,price,885.34
MCO,2026-08-07,price,474.38
MDLZ,2026-08-07,price,62.73
MDT,2026-08-07,price,86.32
MET,2026-08-07,price,97.63
META,2026-08-07,price,590.5251
MGM,2026-08-07,price,44.46
MKC,2026-08-07,price,52.945
MLM,2026-08-07,price,547.55
MMM,2026-08-07,price,183.05
MNST,2026-08-07,price,90.66
MO,2026-08-07,price,68.46
MOS,2026-08-07,price,23.0
MPC,2026-08-07,price,298.47
MPWR,2026-08-07,price,1388.635
MRK,2026-08-07,price,128.62
MRSH,2026-08-07,price,191.7
MRVL,2026-08-07,price,216.74
MS,2026-08-07,price,215.28
MSCI,2026-08-07,price,561.53
MSFT,2026-08-07,price,499.385
MSI,2026-08-07,price,471.365
MTB,2026-08-07,price,250.39
MTD,2026-08-07,price,1424.18
MU,2026-08-07,price,871.49
NCLH,2026-08-07,price,19.295
NDAQ,2026-08-07,price,94.88
NDSN,2026-08-07,price,310.655
NEE,2026-08-07,price,84.7123
NEM,2026-08-07,price,112.245
NFLX,2026-08-07,price,74.2857
NI,2026-08-07,price,42.825
NKE,2026-08-07,price,41.705
NOC,2026-08-07,price,570.73
NOW,2026-08-07,price,124.0799
NRG,2026-08-07,price,120.005
NSC,2026-08-07,price,336.73
NTAP,2026-08-07,price,190.345
NTRS,2026-08-07,price,185.275
NUE,2026-08-07,price,271.94
NVDA,2026-08-07,price,222.3
NWS,2026-08-07,price,32.605
NWSA,2026-08-07,price,28.595
NXPI,2026-08-07,price,238.5
O,2026-08-07,price,62.58
ODFL,2026-08-07,price,214.18
OKE,2026-08-07,price,86.92
OMC,2026-08-07,price,85.28
ON,2026-08-07,price,80.98
ORCL,2026-08-07,price,144.89
ORLY,2026-08-07,price,93.475
OTIS,2026-08-07,price,73.85
OXY,2026-08-07,price,56.06
PANW,2026-08-07,price,362.29
PAYX,2026-08-07,price,119.355
PCAR,2026-08-07,price,132.22
PCG,2026-08-07,price,17.455
PEG,2026-08-07,price,75.605
PEP,2026-08-07,price,138.96
PFE,2026-08-07,price,26.545
PFG,2026-08-07,price,113.7
PG,2026-08-07,price,145.52
PGR,2026-08-07,price,214.5145
PH,2026-08-07,price,1080.825
PKG,2026-08-07,price,256.42
PLD,2026-08-07,price,139.58
PLTR,2026-08-07,price,169.47
PM,2026-08-07,price,189.31
PNC,2026-08-07,price,252.42
PNR,2026-08-07,price,69.91
PNW,2026-08-07,price,101.73
PODD,2026-08-07,price,140.645
POOL,2026-08-07,price,207.66
PPG,2026-08-07,price,119.45
PPL,2026-08-07,price,35.37
PRU,2026-08-07,price,122.02
PSA,2026-08-07,price,327.22
PSKY,2026-08-07,price,9.305
PSX,2026-08-07,price,204.065
PTC,2026-08-07,price,146.731
PWR,2026-08-07,price,673.655
PYPL,2026-08-07,price,58.88
Q,2026-08-07,price,137.775
QCOM,2026-08-07,price,166.63
RCL,2026-08-07,price,321.355
RDDT,2026-08-07,price,159.17
REG,2026-08-07,price,76.91
REGN,2026-08-07,price,782.0
RF,2026-08-07,price,31.4834
RJF,2026-08-07,price,177.64
RL,2026-08-07,price,398.3
RMD,2026-08-07,price,209.375
ROK,2026-08-07,price,441.54
ROL,2026-08-07,price,37.38
ROP,2026-08-07,price,399.32
ROST,2026-08-07,price,255.0
RSG,2026-08-07,price,213.0
RTX,2026-08-07,price,222.66
RVTY,2026-08-07,price,114.31
SATS,2026-08-07,price,103.915
SBAC,2026-08-07,price,182.185
SBUX,2026-08-07,price,106.43
SCHW,2026-08-07,price,107.39
SHW,2026-08-07,price,368.85
SJM,2026-08-07,price,120.17
SLB,2026-08-07,price,50.46
SMCI,2026-08-07,price,31.015
SNA,2026-08-07,price,414.165
SNDK,2026-08-07,price,1227.445
SNPS,2026-08-07,price,410.495
SO,2026-08-07,price,92.88
SOFI,2026-08-07,price,18.295
SOLV,2026-08-07,price,82.56
SPG,2026-08-07,price,221.725
SPGI,2026-08-07,price,405.38
SRE,2026-08-07,price,84.53
STE,2026-08-07,price,236.95
STLD,2026-08-07,price,260.25
STT,2026-08-07,price,185.505
STX,2026-08-07,price,815.4499
STZ,2026-08-07,price,136.37
SW,2026-08-07,price,48.16
SWK,2026-08-07,price,103.995
SWKS,2026-08-07,price,69.42
SYF,2026-08-07,price,78.36
SYK,2026-08-07,price,337.98
SYY,2026-08-07,price,83.81
T,2026-08-07,price,23.835
TAP,2026-08-07,price,43.485
TDG,2026-08-07,price,1234.09
TDY,2026-08-07,price,685.77
TECH,2026-08-07,price,72.18
TEL,2026-08-07,price,215.9399
TER,2026-08-07,price,379.65
TFC,2026-08-07,price,52.505
TGT,2026-08-07,price,148.715
TJX,2026-08-07,price,162.04
TKO,2026-08-07,price,187.28
TMO,2026-08-07,price,586.66
TMUS,2026-08-07,price,176.87
TPL,2026-08-07,price,349.19
TPR,2026-08-07,price,162.56
TRGP,2026-08-07,price,258.06
TRMB,2026-08-07,price,59.01
TROW,2026-08-07,price,113.955
TRV,2026-08-07,price,384.75
TSCO,2026-08-07,price,34.3301
TSLA,2026-08-07,price,327.47
TSN,2026-08-07,price,58.19
TT,2026-08-07,price,481.81
TTD,2026-08-07,price,13.775
TTWO,2026-08-07,price,240.9
TXN,2026-08-07,price,284.62
TXT,2026-08-07,price,88.955
TYL,2026-08-07,price,308.55
UAL,2026-08-07,price,129.4
UBER,2026-08-07,price,74.485
UDR,2026-08-07,price,38.37
UHS,2026-08-07,price,173.14
ULTA,2026-08-07,price,561.445
UNH,2026-08-07,price,409.34
UNP,2026-08-07,price,293.925
UPS,2026-08-07,price,104.575
URI,2026-08-07,price,1168.645
USB,2026-08-07,price,63.975
V,2026-08-07,price,362.2382
VEEV,2026-08-07,price,227.765
VICI,2026-08-07,price,26.665
VLO,2026-08-07,price,298.3401
VLTO,2026-08-07,price,98.045
VMC,2026-08-07,price,284.25
VRSK,2026-08-07,price,192.72
VRSN,2026-08-07,price,292.025
VRT,2026-08-07,price,273.93
VRTX,2026-08-07,price,495.01
VST,2026-08-07,price,141.165
VTR,2026-08-07,price,92.79
VTRS,2026-08-07,price,16.525
VZ,2026-08-07,price,46.895
WAB,2026-08-07,price,293.43
WAT,2026-08-07,price,404.295
WBD,2026-08-07,price,26.685
WDAY,2026-08-07,price,177.76
WDC,2026-08-07,price,432.925
WEC,2026-08-07,price,107.875
WELL,2026-08-07,price,236.44
WFC,2026-08-07,price,87.12
WM,2026-08-07,price,227.666
WMB,2026-08-07,price,70.51
WMT,2026-08-07,price,111.35
WRB,2026-08-07,price,71.715
WSM,2026-08-07,price,249.795
WST,2026-08-07,price,354.06
WTW,2026-08-07,price,344.97
WY,2026-08-07,price,25.695
WYNN,2026-08-07,price,102.54
XEL,2026-08-07,price,77.685
XOM,2026-08-07,price,152.6
XYL,2026-08-07,price,120.435
XYZ,2026-08-07,price,78.47
YUM,2026-08-07,price,150.82
ZBH,2026-08-07,price,96.1
ZBRA,2026-08-07,price,377.055
ZTS,2026-08-07,price,72.355
A,2026-08-07,shares_outstanding,282431944.0
AAPL,2026-08-07,shares_outstanding,14594180000.0
ABBV,2026-08-07,shares_outstanding,1767117285.0
ABNB,2026-08-07,shares_outstanding,597000000.0
ABT,2026-08-07,shares_outstanding,1741813154.0
ACGL,2026-08-07,shares_outstanding,341000000.0
ACN,2026-08-07,shares_outstanding,611942109.0
ADBE,2026-08-07,shares_outstanding,397500000.0
ADI,2026-08-07,shares_outstanding,487087040.0
ADM,2026-08-07,shares_outstanding,481956527.0
ADP,2026-08-07,shares_outstanding,397262737.0
ADSK,2026-08-07,shares_outstanding,211145251.0
AEE,2026-08-07,shares_outstanding,276843251.0
AEP,2026-08-07,shares_outstanding,544397352.0
AES,2026-08-07,shares_outstanding,713157713.0
AFL,2026-08-07,shares_outstanding,508984904.0
AIG,2026-08-07,shares_outstanding,530206221.0
AIZ,2026-08-07,shares_outstanding,49547637.0
AJG,2026-08-07,shares_outstanding,256341000.0
AKAM,2026-08-07,shares_outstanding,145385451.0
ALB,2026-08-07,shares_outstanding,136212000.0
ALGN,2026-08-07,shares_outstanding,71039852.0
ALL,2026-08-07,shares_outstanding,252857950.0
ALLE,2026-08-07,shares_outstanding,85036786.0
AMAT,2026-08-07,shares_outstanding,793959430.0
AMCR,2026-08-07,shares_outstanding,462345690.0
AMD,2026-08-07,shares_outstanding,1632475042.0
AME,2026-08-07,shares_outstanding,229203002.0
AMGN,2026-08-07,shares_outstanding,539708274.0
AMP,2026-08-07,shares_outstanding,88400000.0
AMT,2026-08-07,shares_outstanding,465960048.0
AMZN,2026-08-07,shares_outstanding,10786313572.0
ANET,2026-08-07,shares_outstanding,1261224648.0
AON,2026-08-07,shares_outstanding,212125434.0
AOS,2026-08-07,shares_outstanding,137862584.0
APD,2026-08-07,shares_outstanding,222685530.0
APH,2026-08-07,shares_outstanding,1232983457.0
APO,2026-08-07,shares_outstanding,576517513.0
APP,2026-08-07,shares_outstanding,337031000.0
APTV,2026-08-07,shares_outstanding,211620527.0
ARE,2026-08-07,shares_outstanding,172095277.0
ARES,2026-08-07,shares_outstanding,313170171.0
ATO,2026-08-07,shares_outstanding,168988553.0
AVB,2026-08-07,shares_outstanding,142797963.0
AVGO,2026-08-07,shares_outstanding,4757580198.0
AVY,2026-08-07,shares_outstanding,76490385.0
AWK,2026-08-07,shares_outstanding,198728989.0
AXON,2026-08-07,shares_outstanding,81237415.0
AXP,2026-08-07,shares_outstanding,675309833.0
AZO,2026-08-07,shares_outstanding,16325355.0
BA,2026-08-07,shares_outstanding,789792534.0
BAC,2026-08-07,shares_outstanding,6992748365.0
BALL,2026-08-07,shares_outstanding,266246511.0
BAX,2026-08-07,shares_outstanding,516995999.0
BBY,2026-08-07,shares_outstanding,210767126.0
BDX,2026-08-07,shares_outstanding,275540427.0
BEN,2026-08-07,shares_outstanding,508076910.0
BF-B,2026-08-07,shares_outstanding,466733000.0
BG,2026-08-07,shares_outstanding,192119123.0
BIIB,2026-08-07,shares_outstanding,147753998.0
BKNG,2026-08-07,shares_outstanding,774878436.0
BKR,2026-08-07,shares_outstanding,992674071.0
BLDR,2026-08-07,shares_outstanding,107596457.0
BLK,2026-08-07,shares_outstanding,154995389.0
BMY,2026-08-07,shares_outstanding,2042714656.0
BNY,2026-08-07,shares_outstanding,678504142.0
BR,2026-08-07,shares_outstanding,115658297.0
BRO,2026-08-07,shares_outstanding,334610357.0
BSX,2026-08-07,shares_outstanding,1449229526.0
BX,2026-08-07,shares_outstanding,752601287.0
BXP,2026-08-07,shares_outstanding,159521510.0
C,2026-08-07,shares_outstanding,1873100000.0
CAG,2026-08-07,shares_outstanding,478565642.0
CAH,2026-08-07,shares_outstanding,234205855.0
CARR,2026-08-07,shares_outstanding,830580423.0
CASY,2026-08-07,shares_outstanding,37004914.0
CAT,2026-08-07,shares_outstanding,459674889.0
CB,2026-08-07,shares_outstanding,385799859.0
CBOE,2026-08-07,shares_outstanding,104431019.0
CBRE,2026-08-07,shares_outstanding,289575298.0
CCI,2026-08-07,shares_outstanding,425455439.0
CCL,2026-08-07,shares_outstanding,1369649119.0
CDNS,2026-08-07,shares_outstanding,275816000.0
CDW,2026-08-07,shares_outstanding,125017426.0
CE,2026-08-07,shares_outstanding,109748926.0
CEG,2026-08-07,shares_outstanding,357102017.0
CF,2026-08-07,shares_outstanding,151600000.0
CFG,2026-08-07,shares_outstanding,421176788.0
CHD,2026-08-07,shares_outstanding,237203907.0
CHRW,2026-08-07,shares_outstanding,116851258.0
CHTR,2026-08-07,shares_outstanding,119277492.0
CI,2026-08-07,shares_outstanding,264240486.0
CIEN,2026-08-07,shares_outstanding,141552922.0
CINF,2026-08-07,shares_outstanding,153478045.0
CL,2026-08-07,shares_outstanding,797172829.0
CLX,2026-08-07,shares_outstanding,120921351.0
CMCSA,2026-08-07,shares_outstanding,3539192198.0
CME,2026-08-07,shares_outstanding,359576125.0
CMG,2026-08-07,shares_outstanding,1265418000.0
CMI,2026-08-07,shares_outstanding,137989067.0
CMS,2026-08-07,shares_outstanding,308919602.0
CNC,2026-08-07,shares_outstanding,493995000.0
CNP,2026-08-07,shares_outstanding,658720288.0
COF,2026-08-07,shares_outstanding,613500000.0
COHR,2026-08-07,shares_outstanding,195639321.0
COIN,2026-08-07,shares_outstanding,263412000.0
COO,2026-08-07,shares_outstanding,195030630.0
COP,2026-08-07,shares_outstanding,1201337479.0
COR,2026-08-07,shares_outstanding,190827165.0
COST,2026-08-07,shares_outstanding,443478804.0
CPAY,2026-08-07,shares_outstanding,65361919.0
CPB,2026-08-07,shares_outstanding,298206243.0
CPRT,2026-08-07,shares_outstanding,963308388.0
CPT,2026-08-07,shares_outstanding,99090596.0
CRH,2026-08-07,shares_outstanding,665284511.0
CRL,2026-08-07,shares_outstanding,47738872.0
CRM,2026-08-07,shares_outstanding,819000000.0
CRWD,2026-08-07,shares_outstanding,257881000.0
CSCO,2026-08-07,shares_outstanding,3941434665.0
CSGP,2026-08-07,shares_outstanding,405197588.0
CSX,2026-08-07,shares_outstanding,1852474917.0
CTAS,2026-08-07,shares_outstanding,400169561.0
CTSH,2026-08-07,shares_outstanding,473000000.0
CTVA,2026-08-07,shares_outstanding,667196000.0
CVS,2026-08-07,shares_outstanding,1278970369.0
CVX,2026-08-07,shares_outstanding,1962000000.0
D,2026-08-07,shares_outstanding,879525949.0
DAL,2026-08-07,shares_outstanding,657623030.0
DASH,2026-08-07,shares_outstanding,408992917.0
DD,2026-08-07,shares_outstanding,135019401.0
DDOG,2026-08-07,shares_outstanding,371023000.0
DE,2026-08-07,shares_outstanding,270107282.0
DECK,2026-08-07,shares_outstanding,136181857.0
DELL,2026-08-07,shares_outstanding,656000000.0
DG,2026-08-07,shares_outstanding,220586647.0
DGX,2026-08-07,shares_outstanding,110373360.0
DHI,2026-08-07,shares_outstanding,279701267.0
DHR,2026-08-07,shares_outstanding,702986054.0
DIS,2026-08-07,shares_outstanding,1726686902.0
DLR,2026-08-07,shares_outstanding,370036176.0
DLTR,2026-08-07,shares_outstanding,192174588.0
DOC,2026-08-07,shares_outstanding,689527260.0
DOV,2026-08-07,shares_outstanding,134680225.0
DOW,2026-08-07,shares_outstanding,722340711.0
DPZ,2026-08-07,shares_outstanding,33081735.0
DRI,2026-08-07,shares_outstanding,114535003.0
DTE,2026-08-07,shares_outstanding,208088069.0
DUK,2026-08-07,shares_outstanding,779702193.0
DVA,2026-08-07,shares_outstanding,64185000.0
DVN,2026-08-07,shares_outstanding,1100000000.0
DXCM,2026-08-07,shares_outstanding,377360765.0
EA,2026-08-07,shares_outstanding,252387410.0
EBAY,2026-08-07,shares_outstanding,444000000.0
ECL,2026-08-07,shares_outstanding,280328603.0
ED,2026-08-07,shares_outstanding,368529705.0
EFX,2026-08-07,shares_outstanding,117484896.0
EG,2026-08-07,shares_outstanding,38342734.0
EIX,2026-08-07,shares_outstanding,384813979.0
EL,2026-08-07,shares_outstanding,365400000.0
ELV,2026-08-07,shares_outstanding,216869290.0
EME,2026-08-07,shares_outstanding,44109901.0
EMR,2026-08-07,shares_outstanding,560100000.0
EOG,2026-08-07,shares_outstanding,532628530.0
EQIX,2026-08-07,shares_outstanding,98671686.0
EQR,2026-08-07,shares_outstanding,374920696.0
EQT,2026-08-07,shares_outstanding,625516000.0
ERIE,2026-08-07,shares_outstanding,46189068.0
ES,2026-08-07,shares_outstanding,376080025.0
ESS,2026-08-07,shares_outstanding,64261739.0
ETN,2026-08-07,shares_outstanding,388300000.0
ETR,2026-08-07,shares_outstanding,466631498.0
EVRG,2026-08-07,shares_outstanding,230567172.0
EW,2026-08-07,shares_outstanding,575800000.0
EXC,2026-08-07,shares_outstanding,1030253967.0
EXE,2026-08-07,shares_outstanding,239228849.0
EXPD,2026-08-07,shares_outstanding,129990622.0
EXPE,2026-08-07,shares_outstanding,114495891.0
EXR,2026-08-07,shares_outstanding,211269558.0
F,2026-08-07,shares_outstanding,3916743591.0
FANG,2026-08-07,shares_outstanding,281313297.0
FAST,2026-08-07,shares_outstanding,1147497573.0
FCX,2026-08-07,shares_outstanding,1400000000.0
FDS,2026-08-07,shares_outstanding,35565543.0
FDX,2026-08-07,shares_outstanding,236581188.0
FE,2026-08-07,shares_outstanding,578431175.0
FFIV,2026-08-07,shares_outstanding,56826000.0
FICO,2026-08-07,shares_outstanding,21597635.0
FIS,2026-08-07,shares_outstanding,516879151.0
FISV,2026-08-07,shares_outstanding,533253986.0
FITB,2026-08-07,shares_outstanding,906573000.0
FIX,2026-08-07,shares_outstanding,35194329.0
FLEX,2026-08-07,shares_outstanding,369402978.0
FOX,2026-08-07,shares_outstanding,439000000.0
FOXA,2026-08-07,shares_outstanding,439000000.0
FRT,2026-08-07,shares_outstanding,86389197.0
FSLR,2026-08-07,shares_outstanding,107469788.0
FTNT,2026-08-07,shares_outstanding,733713653.0
FTV,2026-08-07,shares_outstanding,304861021.0
GD,2026-08-07,shares_outstanding,270557195.0
GDDY,2026-08-07,shares_outstanding,126647704.0
GE,2026-08-07,shares_outstanding,1037562513.0
GEHC,2026-08-07,shares_outstanding,454891786.0
GEN,2026-08-07,shares_outstanding,598577065.0
GEV,2026-08-07,shares_outstanding,266333581.0
GILD,2026-08-07,shares_outstanding,1241569874.0
GIS,2026-08-07,shares_outstanding,533708396.0
GL,2026-08-07,shares_outstanding,77644761.0
GLW,2026-08-07,shares_outstanding,859637825.0
GM,2026-08-07,shares_outstanding,904451541.0
GNRC,2026-08-07,shares_outstanding,59005639.0
GOOG,2026-08-07,shares_outstanding,12309000000.0
GOOGL,2026-08-07,shares_outstanding,12309000000.0
GPC,2026-08-07,shares_outstanding,137859758.0
GPN,2026-08-07,shares_outstanding,264618390.0
GRMN,2026-08-07,shares_outstanding,192856206.0
GS,2026-08-07,shares_outstanding,291171408.0
GWW,2026-08-07,shares_outstanding,47213119.0
HAL,2026-08-07,shares_outstanding,835397735.0
HAS,2026-08-07,shares_outstanding,141044467.0
HBAN,2026-08-07,shares_outstanding,2020414826.0
HCA,2026-08-07,shares_outstanding,221839800.0
HD,2026-08-07,shares_outstanding,997116682.0
HIG,2026-08-07,shares_outstanding,274130820.0
HII,2026-08-07,shares_outstanding,39404598.0
HLT,2026-08-07,shares_outstanding,225064910.0
HON,2026-08-07,shares_outstanding,316940010.0
HOOD,2026-08-07,shares_outstanding,912000000.0
HPE,2026-08-07,shares_outstanding,1324203521.0
HPQ,2026-08-07,shares_outstanding,914522690.0
HRL,2026-08-07,shares_outstanding,550284207.0
HSIC,2026-08-07,shares_outstanding,113916757.0
HST,2026-08-07,shares_outstanding,684879281.0
HSY,2026-08-07,shares_outstanding,202839656.0
HUBB,2026-08-07,shares_outstanding,52841777.0
HUM,2026-08-07,shares_outstanding,120080308.0
HWM,2026-08-07,shares_outstanding,400107483.0
IBKR,2026-08-07,shares_outstanding,450571783.0
IBM,2026-08-07,shares_outstanding,942134390.0
ICE,2026-08-07,shares_outstanding,561394487.0
IDXX,2026-08-07,shares_outstanding,78882997.0
IEX,2026-08-07,shares_outstanding,73719896.0
IFF,2026-08-07,shares_outstanding,255303473.0
INCY,2026-08-07,shares_outstanding,202697746.0
INTC,2026-08-07,shares_outstanding,5044000000.0
INTU,2026-08-07,shares_outstanding,273537000.0
INVH,2026-08-07,shares_outstanding,594041956.0
IP,2026-08-07,shares_outstanding,529569895.0
IQV,2026-08-07,shares_outstanding,164600000.0
IR,2026-08-07,shares_outstanding,387999429.0
IRM,2026-08-07,shares_outstanding,297702812.0
ISRG,2026-08-07,shares_outstanding,358278038.0
IT,2026-08-07,shares_outstanding,63148976.0
ITW,2026-08-07,shares_outstanding,287700000.0
IVZ,2026-08-07,shares_outstanding,441500000.0
J,2026-08-07,shares_outstanding,118080879.0
JBHT,2026-08-07,shares_outstanding,93900000.0
JBL,2026-08-07,shares_outstanding,104787089.0
JCI,2026-08-07,shares_outstanding,605741470.0
JKHY,2026-08-07,shares_outstanding,71050780.0
JNJ,2026-08-07,shares_outstanding,2409898597.0
JPM,2026-08-07,shares_outstanding,2658200000.0
KDP,2026-08-07,shares_outstanding,1360776911.0
KEY,2026-08-07,shares_outstanding,1072035000.0
KEYS,2026-08-07,shares_outstanding,170895368.0
KHC,2026-08-07,shares_outstanding,1185823758.0
KIM,2026-08-07,shares_outstanding,670789373.0
KKR,2026-08-07,shares_outstanding,897872941.0
KLAC,2026-08-07,shares_outstanding,1306275210.0
KMB,2026-08-07,shares_outstanding,331940357.0
KMI,2026-08-07,shares_outstanding,2224825757.0
KO,2026-08-07,shares_outstanding,4302549243.0
KR,2026-08-07,shares_outstanding,612647282.0
KVUE,2026-08-07,shares_outstanding,1920008668.0
L,2026-08-07,shares_outstanding,204427720.0
LDOS,2026-08-07,shares_outstanding,125785466.0
LEN,2026-08-07,shares_outstanding,240776000.0
LH,2026-08-07,shares_outstanding,81100000.0
LHX,2026-08-07,shares_outstanding,186214616.0
LII,2026-08-07,shares_outstanding,34560675.0
LIN,2026-08-07,shares_outstanding,460980163.0
LITE,2026-08-07,shares_outstanding,96200000.0
LLY,2026-08-07,shares_outstanding,891357065.0
LMT,2026-08-07,shares_outstanding,230790753.0
LNT,2026-08-07,shares_outstanding,259284699.0
LOW,2026-08-07,shares_outstanding,561000000.0
LRCX,2026-08-07,shares_outstanding,1251278000.0
LULU,2026-08-07,shares_outstanding,108437957.0
LUV,2026-08-07,shares_outstanding,489208201.0
LVS,2026-08-07,shares_outstanding,647701184.0
LYB,2026-08-07,shares_outstanding,323037952.0
LYV,2026-08-07,shares_outstanding,232959505.0
MA,2026-08-07,shares_outstanding,869464115.0
MAA,2026-08-07,shares_outstanding,116384802.0
MAR,2026-08-07,shares_outstanding,260766288.0
MAS,2026-08-07,shares_outstanding,197187430.0
MCD,2026-08-07,shares_outstanding,710505859.0
MCHP,2026-08-07,shares_outstanding,543008370.0
MCK,2026-08-07,shares_outstanding,116590363.0
MCO,2026-08-07,shares_outstanding,173180984.0
MDLZ,2026-08-07,shares_outstanding,1283649766.0
MDT,2026-08-07,shares_outstanding,1280045190.0
MET,2026-08-07,shares_outstanding,637800000.0
META,2026-08-07,shares_outstanding,2564000000.0
MGM,2026-08-07,shares_outstanding,251592756.0
MKC,2026-08-07,shares_outstanding,254055150.0
MLM,2026-08-07,shares_outstanding,60065839.0
MMM,2026-08-07,shares_outstanding,515722417.0
MNST,2026-08-07,shares_outstanding,978008110.0
MO,2026-08-07,shares_outstanding,1669743926.0
MOS,2026-08-07,shares_outstanding,317895646.0
MPC,2026-08-07,shares_outstanding,291936635.0
MPWR,2026-08-07,shares_outstanding,49130000.0
MRK,2026-08-07,shares_outstanding,2469824415.0
MRSH,2026-08-07,shares_outstanding,477211268.0
MRVL,2026-08-07,shares_outstanding,875766423.0
MS,2026-08-07,shares_outstanding,1572000000.0
MSCI,2026-08-07,shares_outstanding,72700000.0
MSFT,2026-08-07,shares_outstanding,7425545491.0
MSI,2026-08-07,shares_outstanding,165493788.0
MTB,2026-08-07,shares_outstanding,144933000.0
MTD,2026-08-07,shares_outstanding,20036559.0
MU,2026-08-07,shares_outstanding,1129393151.0
NCLH,2026-08-07,shares_outstanding,459187846.0
NDAQ,2026-08-07,shares_outstanding,558977372.0
NDSN,2026-08-07,shares_outstanding,55717948.0
NEE,2026-08-07,shares_outstanding,2085605358.0
NEM,2026-08-07,shares_outstanding,1053692271.0
NFLX,2026-08-07,shares_outstanding,4163939676.0
NI,2026-08-07,shares_outstanding,479439245.0
NKE,2026-08-07,shares_outstanding,1481000000.0
NOC,2026-08-07,shares_outstanding,142063026.0
NOW,2026-08-07,shares_outstanding,1033862000.0
NRG,2026-08-07,shares_outstanding,210210483.0
NSC,2026-08-07,shares_outstanding,224608373.0
NTAP,2026-08-07,shares_outstanding,195919927.0
NTRS,2026-08-07,shares_outstanding,182955653.0
NUE,2026-08-07,shares_outstanding,227740950.0
NVDA,2026-08-07,shares_outstanding,24221000000.0
NWS,2026-08-07,shares_outstanding,558400000.0
NWSA,2026-08-07,shares_outstanding,558400000.0
NXPI,2026-08-07,shares_outstanding,252164174.0
O,2026-08-07,shares_outstanding,946202000.0
ODFL,2026-08-07,shares_outstanding,207356622.0
OKE,2026-08-07,shares_outstanding,630032852.0
OMC,2026-08-07,shares_outstanding,285006196.0
ON,2026-08-07,shares_outstanding,404400000.0
ORCL,2026-08-07,shares_outstanding,2880471000.0
ORLY,2026-08-07,shares_outstanding,816165813.0
OTIS,2026-08-07,shares_outstanding,380669339.0
OXY,2026-08-07,shares_outstanding,999637371.0
PANW,2026-08-07,shares_outstanding,815000000.0
PAYX,2026-08-07,shares_outstanding,355682860.0
PCAR,2026-08-07,shares_outstanding,526364953.0
PCG,2026-08-07,shares_outstanding,2202366906.0
PEG,2026-08-07,shares_outstanding,498321402.0
PEP,2026-08-07,shares_outstanding,1366000000.0
PFE,2026-08-07,shares_outstanding,5699673589.0
PFG,2026-08-07,shares_outstanding,214104641.0
PG,2026-08-07,shares_outstanding,2328598978.0
PGR,2026-08-07,shares_outstanding,581371770.0
PH,2026-08-07,shares_outstanding,126086389.0
PKG,2026-08-07,shares_outstanding,89098647.0
PLD,2026-08-07,shares_outstanding,948083372.0
PLTR,2026-08-07,shares_outstanding,2568694000.0
PM,2026-08-07,shares_outstanding,1558613439.0
PNC,2026-08-07,shares_outstanding,399000000.0
PNR,2026-08-07,shares_outstanding,161605541.0
PNW,2026-08-07,shares_outstanding,121197234.0
PODD,2026-08-07,shares_outstanding,69354199.0
POOL,2026-08-07,shares_outstanding,36340747.0
PPG,2026-08-07,shares_outstanding,222300000.0
PPL,2026-08-07,shares_outstanding,752350362.0
PRU,2026-08-07,shares_outstanding,345000000.0
PSA,2026-08-07,shares_outstanding,186745748.0
PSKY,2026-08-07,shares_outstanding,1087672971.0
PSX,2026-08-07,shares_outstanding,399020916.0
PTC,2026-08-07,shares_outstanding,108506261.0
PWR,2026-08-07,shares_outstanding,150343393.0
PYPL,2026-08-07,shares_outstanding,862000000.0
Q,2026-08-07,shares_outstanding,209339207.0
QCOM,2026-08-07,shares_outstanding,1050000000.0
RCL,2026-08-07,shares_outstanding,267452084.0
RDDT,2026-08-07,shares_outstanding,202029721.0
REG,2026-08-07,shares_outstanding,183120547.0
REGN,2026-08-07,shares_outstanding,101137842.0
RF,2026-08-07,shares_outstanding,853379538.0
RJF,2026-08-07,shares_outstanding,192361711.0
RL,2026-08-07,shares_outstanding,61300000.0
RMD,2026-08-07,shares_outstanding,145056384.0
ROK,2026-08-07,shares_outstanding,111048676.0
ROL,2026-08-07,shares_outstanding,481145404.0
ROP,2026-08-07,shares_outstanding,98900874.0
ROST,2026-08-07,shares_outstanding,320781076.0
RSG,2026-08-07,shares_outstanding,307664087.0
RTX,2026-08-07,shares_outstanding,1347758144.0
RVTY,2026-08-07,shares_outstanding,111559773.0
SATS,2026-08-07,shares_outstanding,351622000.0
SBAC,2026-08-07,shares_outstanding,106063017.0
SBUX,2026-08-07,shares_outstanding,1140000000.0
SCHW,2026-08-07,shares_outstanding,1739135507.0
SHW,2026-08-07,shares_outstanding,242758151.0
SJM,2026-08-07,shares_outstanding,106880690.0
SLB,2026-08-07,shares_outstanding,1484143231.0
SMCI,2026-08-07,shares_outstanding,646873027.0
SNA,2026-08-07,shares_outstanding,51727124.0
SNDK,2026-08-07,shares_outstanding,146000000.0
SNPS,2026-08-07,shares_outstanding,191479325.0
SO,2026-08-07,shares_outstanding,1150362966.0
SOFI,2026-08-07,shares_outstanding,1290312404.0
SOLV,2026-08-07,shares_outstanding,170223729.0
SPG,2026-08-07,shares_outstanding,324281912.0
SPGI,2026-08-07,shares_outstanding,294800000.0
SRE,2026-08-07,shares_outstanding,653707401.0
STE,2026-08-07,shares_outstanding,97457680.0
STLD,2026-08-07,shares_outstanding,143328088.0
STT,2026-08-07,shares_outstanding,274701765.0
STX,2026-08-07,shares_outstanding,227000000.0
STZ,2026-08-07,shares_outstanding,170752511.0
SW,2026-08-07,shares_outstanding,524522908.0
SWK,2026-08-07,shares_outstanding,151016641.0
SWKS,2026-08-07,shares_outstanding,150405963.0
SYF,2026-08-07,shares_outstanding,325370840.0
SYK,2026-08-07,shares_outstanding,383573046.0
SYY,2026-08-07,shares_outstanding,478740332.0
T,2026-08-07,shares_outstanding,6852385650.0
TAP,2026-08-07,shares_outstanding,174500000.0
TDG,2026-08-07,shares_outstanding,55933583.0
TDY,2026-08-07,shares_outstanding,46329138.0
TECH,2026-08-07,shares_outstanding,155810652.0
TEL,2026-08-07,shares_outstanding,289940672.0
TER,2026-08-07,shares_outstanding,156340750.0
TFC,2026-08-07,shares_outstanding,1221626188.0
TGT,2026-08-07,shares_outstanding,454191112.0
TJX,2026-08-07,shares_outstanding,1104704446.0
TKO,2026-08-07,shares_outstanding,73111098.0
TMO,2026-08-07,shares_outstanding,369747286.0
TMUS,2026-08-07,shares_outstanding,1072671613.0
TPL,2026-08-07,shares_outstanding,68974683.0
TPR,2026-08-07,shares_outstanding,202044714.0
TRGP,2026-08-07,shares_outstanding,214643903.0
TRMB,2026-08-07,shares_outstanding,233111519.0
TROW,2026-08-07,shares_outstanding,213315850.0
TRV,2026-08-07,shares_outstanding,208575022.0
TSCO,2026-08-07,shares_outstanding,524449616.0
TSLA,2026-08-07,shares_outstanding,3949547394.0
TSN,2026-08-07,shares_outstanding,355000000.0
TT,2026-08-07,shares_outstanding,220023177.0
TTD,2026-08-07,shares_outstanding,469948000.0
TTWO,2026-08-07,shares_outstanding,186980443.0
TXN,2026-08-07,shares_outstanding,913247686.0
TXT,2026-08-07,shares_outstanding,173888981.0
TYL,2026-08-07,shares_outstanding,40952274.0
UAL,2026-08-07,shares_outstanding,324569728.0
UBER,2026-08-07,shares_outstanding,2042560121.0
UDR,2026-08-07,shares_outstanding,324915653.0
UHS,2026-08-07,shares_outstanding,61668000.0
ULTA,2026-08-07,shares_outstanding,42989311.0
UNH,2026-08-07,shares_outstanding,908144404.0
UNP,2026-08-07,shares_outstanding,594075498.0
UPS,2026-08-07,shares_outstanding,851000000.0
URI,2026-08-07,shares_outstanding,62242489.0
USB,2026-08-07,shares_outstanding,1557731728.0
V,2026-08-07,shares_outstanding,1704112694.0
VEEV,2026-08-07,shares_outstanding,162443291.0
VICI,2026-08-07,shares_outstanding,1101077562.0
VLO,2026-08-07,shares_outstanding,287927461.0
VLTO,2026-08-07,shares_outstanding,243793344.0
VMC,2026-08-07,shares_outstanding,129578739.0
VRSK,2026-08-07,shares_outstanding,131021840.0
VRSN,2026-08-07,shares_outstanding,90400000.0
VRT,2026-08-07,shares_outstanding,384988173.0
VRTX,2026-08-07,shares_outstanding,253300000.0
VST,2026-08-07,shares_outstanding,337182468.0
VTR,2026-08-07,shares_outstanding,512946359.0
VTRS,2026-08-07,shares_outstanding,1164552654.0
VZ,2026-08-07,shares_outstanding,4154775202.0
WAB,2026-08-07,shares_outstanding,168910851.0
WAT,2026-08-07,shares_outstanding,98185855.0
WBD,2026-08-07,shares_outstanding,2507136702.0
WDAY,2026-08-07,shares_outstanding,254313000.0
WDC,2026-08-07,shares_outstanding,387000000.0
WEC,2026-08-07,shares_outstanding,325849383.0
WELL,2026-08-07,shares_outstanding,720572011.0
WFC,2026-08-07,shares_outstanding,3023999336.0
WM,2026-08-07,shares_outstanding,399715184.0
WMB,2026-08-07,shares_outstanding,1223167472.0
WMT,2026-08-07,shares_outstanding,7958079155.0
WRB,2026-08-07,shares_outstanding,371227529.0
WSM,2026-08-07,shares_outstanding,117746611.0
WST,2026-08-07,shares_outstanding,70375762.0
WTW,2026-08-07,shares_outstanding,92871937.0
WY,2026-08-07,shares_outstanding,720736000.0
WYNN,2026-08-07,shares_outstanding,103786729.0
XEL,2026-08-07,shares_outstanding,624634306.0
XOM,2026-08-07,shares_outstanding,4144947162.0
XYL,2026-08-07,shares_outstanding,233486812.0
XYZ,2026-08-07,shares_outstanding,608847000.0
YUM,2026-08-07,shares_outstanding,272901085.0
ZBH,2026-08-07,shares_outstanding,190737689.0
ZBRA,2026-08-07,shares_outstanding,47633392.0
ZTS,2026-08-07,shares_outstanding,419228118.0
A,2026-08-07,market_cap,40913091407.840004
AAPL,2026-08-07,market_cap,4552216625600.0
ABBV,2026-08-07,market_cap,432873050133.60004
ABNB,2026-08-07,market_cap,104218290000.0
ABT,2026-08-07,market_cap,186748497306.11002
ACGL,2026-08-07,market_cap,33678865000.0
ACN,2026-08-07,market_cap,106643151335.43001
ADBE,2026-08-07,market_cap,105001612499.99998
ADI,2026-08-07,market_cap,189912801460.8
ADM,2026-08-07,market_cap,37026310186.775
ADP,2026-08-07,market_cap,107388063065.84
ADSK,2026-08-07,market_cap,52259505348.755
AEE,2026-08-07,market_cap,30167609061.47
AEP,2026-08-07,market_cap,68310979728.96
AES,2026-08-07,market_cap,10490549958.230001
AFL,2026-08-07,market_cap,63490776924.96
AIG,2026-08-07,market_cap,42119582196.24
AIZ,2026-08-07,market_cap,14468405480.369999
AJG,2026-08-07,market_cap,63726372600.0
AKAM,2026-08-07,market_cap,16142146624.53
ALB,2026-08-07,market_cap,17613573720.0
ALGN,2026-08-07,market_cap,12137869112.720001
ALL,2026-08-07,market_cap,68071029002.46999
ALLE,2026-08-07,market_cap,14452486490.380201
AMAT,2026-08-07,market_cap,427134294151.4
AMCR,2026-08-07,market_cap,22035395585.399998
AMD,2026-08-07,market_cap,781302555101.2001
AME,2026-08-07,market_cap,57918452590.39
AMGN,2026-08-07,market_cap,220303520364.06
AMP,2026-08-07,market_cap,48807850000.0
AMT,2026-08-07,market_cap,80217352063.44
AMZN,2026-08-07,market_cap,2959494786317.5
ANET,2026-08-07,market_cap,238718295250.2
AON,2026-08-07,market_cap,75889995267.84
AOS,2026-08-07,market_cap,8798390110.88
APD,2026-08-07,market_cap,67159728992.7
APH,2026-08-07,market_cap,207668321203.86752
APO,2026-08-07,market_cap,73932605867.12001
APP,2026-08-07,market_cap,116686872820.00002
APTV,2026-08-07,market_cap,10331314128.14
ARE,2026-08-07,market_cap,8548832884.974999
ARES,2026-08-07,market_cap,43094564305.8825
ATO,2026-08-07,market_cap,28880143707.7
AVB,2026-08-07,market_cap,26717498877.3
AVGO,2026-08-07,market_cap,2022209463159.9001
AVY,2026-08-07,market_cap,13585457279.85
AWK,2026-08-07,market_cap,27007269605.100002
AXON,2026-08-07,market_cap,45771190546.375
AXP,2026-08-07,market_cap,229811312719.065
AZO,2026-08-07,market_cap,50297684114.025
BA,2026-08-07,market_cap,184677188225.22
BAC,2026-08-07,market_cap,441347313056.97504
BALL,2026-08-07,market_cap,16842754285.859999
BAX,2026-08-07,market_cap,14282014472.375
BBY,2026-08-07,market_cap,17223889536.72
BDX,2026-08-07,market_cap,48492359747.73
BEN,2026-08-07,market_cap,17195863018.95
BF-B,2026-08-07,market_cap,13322893485.0
BG,2026-08-07,market_cap,20931378450.850002
BIIB,2026-08-07,market_cap,30592465285.9
BKNG,2026-08-07,market_cap,164359465059.96002
BKR,2026-08-07,market_cap,61516012179.869995
BLDR,2026-08-07,market_cap,8058974629.3
BLK,2026-08-07,market_cap,176992334606.88
BMY,2026-08-07,market_cap,131601891712.79999
BNY,2026-08-07,market_cap,107288467453.75
BR,2026-08-07,market_cap,19225878710.309998
BRO,2026-08-07,market_cap,23861064557.670002
BSX,2026-08-07,market_cap,71309338826.83
BX,2026-08-07,market_cap,103268185595.705
BXP,2026-08-07,market_cap,11085947337.45
C,2026-08-07,market_cap,252746748500.0
CAG,2026-08-07,market_cap,7183318142.9842
CAH,2026-08-07,market_cap,55970515227.899994
CARR,2026-08-07,market_cap,53165452876.23
CASY,2026-08-07,market_cap,30882821027.839996
CAT,2026-08-07,market_cap,387944920945.995
CB,2026-08-07,market_cap,135288436555.53
CBOE,2026-08-07,market_cap,29968047367.335
CBRE,2026-08-07,market_cap,43078669206.96999
CCI,2026-08-07,market_cap,32104867426.94
CCL,2026-08-07,market_cap,39500680591.96
CDNS,2026-08-07,market_cap,92784502400.0
CDW,2026-08-07,market_cap,17083631262.900002
CE,2026-08-07,market_cap,4830050233.26
CEG,2026-08-07,market_cap,95974738088.92
CF,2026-08-07,market_cap,17456740000.0
CFG,2026-08-07,market_cap,30598493648.2
CHD,2026-08-07,market_cap,24420142225.65
CHRW,2026-08-07,market_cap,17435960462.47
CHTR,2026-08-07,market_cap,18317444446.44
CI,2026-08-07,market_cap,74449756930.5
CIEN,2026-08-07,market_cap,58295739867.259995
CINF,2026-08-07,market_cap,27214726939.399998
CL,2026-08-07,market_cap,74416083587.15
CLX,2026-08-07,market_cap,12775945339.905
CMCSA,2026-08-07,market_cap,90090137400.09
CME,2026-08-07,market_cap,94985629180.00002
CMG,2026-08-07,market_cap,41676541830.0
CMI,2026-08-07,market_cap,88849780350.63
CMS,2026-08-07,market_cap,21945648526.08
CNC,2026-08-07,market_cap,32551800524.999996
CNP,2026-08-07,market_cap,26846145337.440002
COF,2026-08-07,market_cap,133405575000.0
COHR,2026-08-07,market_cap,73801021060.83
COIN,2026-08-07,market_cap,40083404040.0
COO,2026-08-07,market_cap,14447869070.4
COP,2026-08-07,market_cap,141589635274.94
COR,2026-08-07,market_cap,61618091578.49999
COST,2026-08-07,market_cap,418431121150.08
CPAY,2026-08-07,market_cap,25564353759.28
CPB,2026-08-07,market_cap,6912420712.74
CPRT,2026-08-07,market_cap,28590992955.84
CPT,2026-08-07,market_cap,11065446855.32
CRH,2026-08-07,market_cap,66734689298.41
CRL,2026-08-07,market_cap,12513551823.0
CRM,2026-08-07,market_cap,156543660000.0
CRWD,2026-08-07,market_cap,54639826280.0
CSCO,2026-08-07,market_cap,477327445104.825
CSGP,2026-08-07,market_cap,12336240566.66
CSX,2026-08-07,market_cap,93346211067.63
CTAS,2026-08-07,market_cap,80946298799.08
CTSH,2026-08-07,market_cap,27303925000.0
CTVA,2026-08-07,market_cap,51220636920.0
CVS,2026-08-07,market_cap,122116090832.12001
CVX,2026-08-07,market_cap,366501600000.0
D,2026-08-07,market_cap,59337218149.285
DAL,2026-08-07,market_cap,60073863790.5
DASH,2026-08-07,market_cap,89119556614.3
DD,2026-08-07,market_cap,19434692579.94
DDOG,2026-08-07,market_cap,87630067255.0
DE,2026-08-07,market_cap,168001327258.36002
DECK,2026-08-07,market_cap,13244366502.535
DELL,2026-08-07,market_cap,295436160000.0
DG,2026-08-07,market_cap,27950534041.37
DGX,2026-08-07,market_cap,26331772495.2
DHI,2026-08-07,market_cap,42047491468.11
DHR,2026-08-07,market_cap,143156080036.56
DIS,2026-08-07,market_cap,181526594007.25998
DLR,2026-08-07,market_cap,71400330340.08
DLTR,2026-08-07,market_cap,25178714519.760002
DOC,2026-08-07,market_cap,14686930638.0
DOV,2026-08-07,market_cap,28519211044.875
DOW,2026-08-07,market_cap,21471577634.475002
DPZ,2026-08-07,market_cap,11593163213.4
DRI,2026-08-07,market_cap,24578066293.77
DTE,2026-08-07,market_cap,29194756080.7
DUK,2026-08-07,market_cap,97361412839.91
DVA,2026-08-07,market_cap,11553300000.0
DVN,2026-08-07,market_cap,47432000000.0
DXCM,2026-08-07,market_cap,31854908977.475002
EA,2026-08-07,market_cap,52925639877.0
EBAY,2026-08-07,market_cap,49761300000.0
ECL,2026-08-07,market_cap,79707934155.5125
ED,2026-08-07,market_cap,39852802298.7
EFX,2026-08-07,market_cap,21247143441.6
EG,2026-08-07,market_cap,14321586290.01
EIX,2026-08-07,market_cap,26307807674.335
EL,2026-08-07,market_cap,32319630000.0
ELV,2026-08-07,market_cap,85526741897.3
EME,2026-08-07,market_cap,36307631436.3675
EMR,2026-08-07,market_cap,88890670500.0
EOG,2026-08-07,market_cap,72085945250.2
EQIX,2026-08-07,market_cap,102990052337.79001
EQR,2026-08-07,market_cap,25100940597.2
EQT,2026-08-07,market_cap,32307901400.0
ERIE,2026-08-07,market_cap,11853038630.16
ES,2026-08-07,market_cap,27286486213.875004
ESS,2026-08-07,market_cap,18440548623.44
ETN,2026-08-07,market_cap,174366115000.0
ETR,2026-08-07,market_cap,50071892892.89
EVRG,2026-08-07,market_cap,19263887220.6
EW,2026-08-07,market_cap,51381513000.0
EXC,2026-08-07,market_cap,47067152482.395004
EXE,2026-08-07,market_cap,22305697880.76
EXPD,2026-08-07,market_cap,23287169978.190002
EXPE,2026-08-07,market_cap,35402129497.2
EXR,2026-08-07,market_cap,31531981531.5
F,2026-08-07,market_cap,54932328863.775
FANG,2026-08-07,market_cap,52813758378.78
FAST,2026-08-07,market_cap,59291199596.91
FCX,2026-08-07,market_cap,97279000000.0
FDS,2026-08-07,market_cap,10023792639.119999
FDX,2026-08-07,market_cap,75090869071.2
FE,2026-08-07,market_cap,27443667097.875
FFIV,2026-08-07,market_cap,22829561370.0
FICO,2026-08-07,market_cap,22135092146.975
FIS,2026-08-07,market_cap,22003545458.07
FISV,2026-08-07,market_cap,27598560045.43
FITB,2026-08-07,market_cap,51679193865.0
FIX,2026-08-07,market_cap,59784254729.01
FLEX,2026-08-07,market_cap,45089327494.68
FOX,2026-08-07,market_cap,24998855000.0
FOXA,2026-08-07,market_cap,28155265000.000004
FRT,2026-08-07,market_cap,10235392060.56
FSLR,2026-08-07,market_cap,27073251644.02
FTNT,2026-08-07,market_cap,117049339063.09
FTV,2026-08-07,market_cap,18802303470.175
GD,2026-08-07,market_cap,105352266161.05
GDDY,2026-08-07,market_cap,11517975440.279999
GE,2026-08-07,market_cap,384520667317.80005
GEHC,2026-08-07,market_cap,32431509882.87
GEN,2026-08-07,market_cap,17475457412.675
GEV,2026-08-07,market_cap,263328006538.415
GILD,2026-08-07,market_cap,165637836890.34
GIS,2026-08-07,market_cap,19523053125.68
GL,2026-08-07,market_cap,14280812666.925001
GLW,2026-08-07,market_cap,142613915167.5
GM,2026-08-07,market_cap,79220910476.19
GNRC,2026-08-07,market_cap,12605374659.57
GOOG,2026-08-07,market_cap,4348523519999.9995
GOOGL,2026-08-07,market_cap,4359724710000.0
GPC,2026-08-07,market_cap,18611067330.0
GPN,2026-08-07,market_cap,22430377828.35
GRMN,2026-08-07,market_cap,59921387485.229996
GS,2026-08-07,market_cap,302358213495.36005
GWW,2026-08-07,market_cap,60486143144.47001
HAL,2026-08-07,market_cap,26728550531.325
HAS,2026-08-07,market_cap,13098799650.29
HBAN,2026-08-07,market_cap,35367361529.13
HCA,2026-08-07,market_cap,91660877763.0
HD,2026-08-07,market_cap,353034146845.51
HIG,2026-08-07,market_cap,39304876971.6
HII,2026-08-07,market_cap,12740787182.835
HLT,2026-08-07,market_cap,71584145274.6
HON,2026-08-07,market_cap,77739045652.8
HOOD,2026-08-07,market_cap,84660960000.0
HPE,2026-08-07,market_cap,70242375771.445
HPQ,2026-08-07,market_cap,27316792750.3
HRL,2026-08-07,market_cap,13770862280.175
HSIC,2026-08-07,market_cap,10046888383.615
HST,2026-08-07,market_cap,16009053193.375
HSY,2026-08-07,market_cap,37031421797.64
HUBB,2026-08-07,market_cap,27296476744.890003
HUM,2026-08-07,market_cap,46079016990.380005
HWM,2026-08-07,market_cap,113920603097.175
IBKR,2026-08-07,market_cap,39316893784.58
IBM,2026-08-07,market_cap,221924466236.45
ICE,2026-08-07,market_cap,84574079466.55
IDXX,2026-08-07,market_cap,46301163919.12
IEX,2026-08-07,market_cap,17302428190.68
IFF,2026-08-07,market_cap,21721219482.84
INCY,2026-08-07,market_cap,24491968649.18
INTC,2026-08-07,market_cap,509670980000.0
INTU,2026-08-07,market_cap,88985689155.0
INVH,2026-08-07,market_cap,18079666930.86
IP,2026-08-07,market_cap,22138669460.475
IQV,2026-08-07,market_cap,38926254000.0
IR,2026-08-07,market_cap,33891750123.149998
IRM,2026-08-07,market_cap,35980361858.32
ISRG,2026-08-07,market_cap,135264290466.52
IT,2026-08-07,market_cap,11692980141.039999
ITW,2026-08-07,market_cap,85242633000.0
IVZ,2026-08-07,market_cap,13980097500.0
J,2026-08-07,market_cap,17270509362.539997
JBHT,2026-08-07,market_cap,25104165000.000004
JBL,2026-08-07,market_cap,35971311911.92
JCI,2026-08-07,market_cap,92763248715.79999
JKHY,2026-08-07,market_cap,11068290508.4
JNJ,2026-08-07,market_cap,619633127260.64
JPM,2026-08-07,market_cap,951955913100.0
KDP,2026-08-07,market_cap,40952581136.545
KEY,2026-08-07,market_cap,24383436075.0
KEYS,2026-08-07,market_cap,58076227384.28
KHC,2026-08-07,market_cap,29936120770.710003
KIM,2026-08-07,market_cap,16410862010.445
KKR,2026-08-07,market_cap,92718849252.365
KLAC,2026-08-07,market_cap,258250609017.0
KMB,2026-08-07,market_cap,36260832658.323
KMI,2026-08-07,market_cap,68646998732.235
KO,2026-08-07,market_cap,374515398856.935
KR,2026-08-07,market_cap,34636014087.869995
KVUE,2026-08-07,market_cap,36835366295.579994
L,2026-08-07,market_cap,23586870333.6
LDOS,2026-08-07,market_cap,17253992371.219997
LEN,2026-08-07,market_cap,21182870540.0
LH,2026-08-07,market_cap,25872927500.0
LHX,2026-08-07,market_cap,53393316845.68
LII,2026-08-07,market_cap,15180776493.75
LIN,2026-08-07,market_cap,225483836929.82
LITE,2026-08-07,market_cap,85824175840.0
LLY,2026-08-07,market_cap,1053608563149.2875
LMT,2026-08-07,market_cap,135423398045.34
LNT,2026-08-07,market_cap,18015100886.52
LOW,2026-08-07,market_cap,124867380000.0
LRCX,2026-08-07,market_cap,387201720710.0
LULU,2026-08-07,market_cap,13773789298.14
LUV,2026-08-07,market_cap,23000123570.015
LVS,2026-08-07,market_cap,29625852156.16
LYB,2026-08-07,market_cap,19501801162.239998
LYV,2026-08-07,market_cap,42437068228.325
MA,2026-08-07,market_cap,488664916553.44995
MAA,2026-08-07,market_cap,15674123209.35
MAR,2026-08-07,market_cap,92618970171.84
MAS,2026-08-07,market_cap,15244560213.300001
MCD,2026-08-07,market_cap,194600449721.50998
MCHP,2026-08-07,market_cap,46177431784.8
MCK,2026-08-07,market_cap,103222111978.42
MCO,2026-08-07,market_cap,82153595189.92
MDLZ,2026-08-07,market_cap,80523349821.18
MDT,2026-08-07,market_cap,110493500800.79999
MET,2026-08-07,market_cap,62268414000.0
META,2026-08-07,market_cap,1514106356399.9998
MGM,2026-08-07,market_cap,11185813931.76
MKC,2026-08-07,market_cap,13450949916.75
MLM,2026-08-07,market_cap,32889050144.449997
MMM,2026-08-07,market_cap,94402988431.85
MNST,2026-08-07,market_cap,88666215252.59999
MO,2026-08-07,market_cap,114310669173.95999
MOS,2026-08-07,market_cap,7311599858.0
MPC,2026-08-07,market_cap,87134327448.45001
MPWR,2026-08-07,market_cap,68223637550.0
MRK,2026-08-07,market_cap,317668816257.3
MRSH,2026-08-07,market_cap,91481400075.59999
MRVL,2026-08-07,market_cap,189813614521.02002
MS,2026-08-07,market_cap,338420160000.0
MSCI,2026-08-07,market_cap,40823231000.0
MSFT,2026-08-07,market_cap,3708206035023.035
MSI,2026-08-07,market_cap,78007979380.62
MTB,2026-08-07,market_cap,36289773870.0
MTD,2026-08-07,market_cap,28535666596.620003
MU,2026-08-07,market_cap,984254837164.99
NCLH,2026-08-07,market_cap,8860029488.570002
NDAQ,2026-08-07,market_cap,53035773055.36
NDSN,2026-08-07,market_cap,17309059135.94
NEE,2026-08-07,market_cap,176676426768.5034
NEM,2026-08-07,market_cap,118271688958.395
NFLX,2026-08-07,market_cap,309321173589.4332
NI,2026-08-07,market_cap,20531985667.125
NKE,2026-08-07,market_cap,61765105000.0
NOC,2026-08-07,market_cap,81079630828.98
NOW,2026-08-07,market_cap,128281493573.79999
NRG,2026-08-07,market_cap,25226309012.415
NSC,2026-08-07,market_cap,75632377440.29001
NTAP,2026-08-07,market_cap,37292378504.815
NTRS,2026-08-07,market_cap,33897108609.575
NUE,2026-08-07,market_cap,61931873943.0
NVDA,2026-08-07,market_cap,5384328300000.0
NWS,2026-08-07,market_cap,18206632000.0
NWSA,2026-08-07,market_cap,15967448000.0
NXPI,2026-08-07,market_cap,60141155499.0
O,2026-08-07,market_cap,59213321160.0
ODFL,2026-08-07,market_cap,44411641299.96
OKE,2026-08-07,market_cap,54762455495.840004
OMC,2026-08-07,market_cap,24305328394.88
ON,2026-08-07,market_cap,32748312000.0
ORCL,2026-08-07,market_cap,417351443189.99994
ORLY,2026-08-07,market_cap,76291099370.17499
OTIS,2026-08-07,market_cap,28112430685.149998
OXY,2026-08-07,market_cap,56039671018.26
PANW,2026-08-07,market_cap,295266350000.0
PAYX,2026-08-07,market_cap,42452527755.3
PCAR,2026-08-07,market_cap,69595974085.66
PCG,2026-08-07,market_cap,38442314344.229996
PEG,2026-08-07,market_cap,37675589598.21
PEP,2026-08-07,market_cap,189819360000.0
PFE,2026-08-07,market_cap,151297835420.005
PFG,2026-08-07,market_cap,24343697681.7
PG,2026-08-07,market_cap,338857723278.56
PGR,2026-08-07,market_cap,124712674555.665
PH,2026-08-07,market_cap,136277321390.925
PKG,2026-08-07,market_cap,22846675063.74
PLD,2026-08-07,market_cap,132333477063.76001
PLTR,2026-08-07,market_cap,435316572180.0
PM,2026-08-07,market_cap,295061110137.09
PNC,2026-08-07,market_cap,100715580000.0
PNR,2026-08-07,market_cap,11297843371.31
PNW,2026-08-07,market_cap,12329394614.82
PODD,2026-08-07,market_cap,9754321318.355001
POOL,2026-08-07,market_cap,7546519522.0199995
PPG,2026-08-07,market_cap,26553735000.0
PPL,2026-08-07,market_cap,26610632303.94
PRU,2026-08-07,market_cap,42096900000.0
PSA,2026-08-07,market_cap,61106943660.560005
PSKY,2026-08-07,market_cap,10120796995.154999
PSX,2026-08-07,market_cap,81426203223.54
PTC,2026-08-07,market_cap,15921232182.790998
PWR,2026-08-07,market_cap,101279578411.415
PYPL,2026-08-07,market_cap,50754560000.0
Q,2026-08-07,market_cap,28841709244.425003
QCOM,2026-08-07,market_cap,174961500000.0
RCL,2026-08-07,market_cap,85947064453.82
RDDT,2026-08-07,market_cap,32157070691.569996
REG,2026-08-07,market_cap,14083801269.769999
REGN,2026-08-07,market_cap,79089792444.0
RF,2026-08-07,market_cap,26867289346.6692
RJF,2026-08-07,market_cap,34171134342.039997
RL,2026-08-07,market_cap,24415790000.0
RMD,2026-08-07,market_cap,30371180400.0
ROK,2026-08-07,market_cap,49032432401.04
ROL,2026-08-07,market_cap,17985215201.52
ROP,2026-08-07,market_cap,39493097005.68
ROST,2026-08-07,market_cap,81799174380.0
RSG,2026-08-07,market_cap,65532450531.0
RTX,2026-08-07,market_cap,300091828343.04
RVTY,2026-08-07,market_cap,12752397651.630001
SATS,2026-08-07,market_cap,36538800130.0
SBAC,2026-08-07,market_cap,19323090752.145
SBUX,2026-08-07,market_cap,121330200000.00002
SCHW,2026-08-07,market_cap,186765762096.73
SHW,2026-08-07,market_cap,89541343996.35
SJM,2026-08-07,market_cap,12843852517.3
SLB,2026-08-07,market_cap,74889867436.26
SMCI,2026-08-07,market_cap,20062766932.405
SNA,2026-08-07,market_cap,21423564311.460003
SNDK,2026-08-07,market_cap,179206970000.0
SNPS,2026-08-07,market_cap,78601305515.875
SO,2026-08-07,market_cap,106845712282.08
SOFI,2026-08-07,market_cap,23606265431.18
SOLV,2026-08-07,market_cap,14053671066.24
SPG,2026-08-07,market_cap,71901406938.2
SPGI,2026-08-07,market_cap,119506024000.0
SRE,2026-08-07,market_cap,55257886606.53
STE,2026-08-07,market_cap,23092597276.0
STLD,2026-08-07,market_cap,37301134902.0
STT,2026-08-07,market_cap,50958550916.325
STX,2026-08-07,market_cap,185107127300.0
STZ,2026-08-07,market_cap,23285519925.07
SW,2026-08-07,market_cap,25261023249.28
SWK,2026-08-07,market_cap,15704975580.795
SWKS,2026-08-07,market_cap,10441181951.460001
SYF,2026-08-07,market_cap,25496059022.4
SYK,2026-08-07,market_cap,129640018087.08
SYY,2026-08-07,market_cap,40123227224.92
T,2026-08-07,market_cap,163326611967.75
TAP,2026-08-07,market_cap,7588132500.0
TDG,2026-08-07,market_cap,69027075444.47
TDY,2026-08-07,market_cap,31771132966.26
TECH,2026-08-07,market_cap,11246412861.36
TEL,2026-08-07,market_cap,62609759717.6128
TER,2026-08-07,market_cap,59354765737.5
TFC,2026-08-07,market_cap,64141483000.94
TGT,2026-08-07,market_cap,67545031221.08
TJX,2026-08-07,market_cap,179006308429.84
TKO,2026-08-07,market_cap,13692246433.44
TMO,2026-08-07,market_cap,216915942804.75998
TMUS,2026-08-07,market_cap,189723428191.31
TPL,2026-08-07,market_cap,24085269556.77
TPR,2026-08-07,market_cap,32844388707.84
TRGP,2026-08-07,market_cap,55391005608.18
TRMB,2026-08-07,market_cap,13755910736.189999
TROW,2026-08-07,market_cap,24308407686.75
TRV,2026-08-07,market_cap,80249239714.5
TSCO,2026-08-07,market_cap,18004407762.2416
TSLA,2026-08-07,market_cap,1293358285113.1802
TSN,2026-08-07,market_cap,20657450000.0
TT,2026-08-07,market_cap,106009366910.37
TTD,2026-08-07,market_cap,6473533700.0
TTWO,2026-08-07,market_cap,45043588718.700005
TXN,2026-08-07,market_cap,259928556389.32
TXT,2026-08-07,market_cap,15468294304.855
TYL,2026-08-07,market_cap,12635824142.7
UAL,2026-08-07,market_cap,41999322803.200005
UBER,2026-08-07,market_cap,152140090612.685
UDR,2026-08-07,market_cap,12467013605.609999
UHS,2026-08-07,market_cap,10677197520.0
ULTA,2026-08-07,market_cap,24136133714.395
UNH,2026-08-07,market_cap,371739830333.36
UNP,2026-08-07,market_cap,174613640749.65
UPS,2026-08-07,market_cap,88993325000.0
URI,2026-08-07,market_cap,72739373557.405
USB,2026-08-07,market_cap,99655887298.8
V,2026-08-07,market_cap,617294714871.7108
VEEV,2026-08-07,market_cap,36998896174.615
VICI,2026-08-07,market_cap,29360233190.73
VLO,2026-08-07,market_cap,85900307507.4861
VLTO,2026-08-07,market_cap,23902718412.48
VMC,2026-08-07,market_cap,36832756560.75
VRSK,2026-08-07,market_cap,25250529004.8
VRSN,2026-08-07,market_cap,26399059999.999996
VRT,2026-08-07,market_cap,105459810229.89
VRTX,2026-08-07,market_cap,125386033000.0
VST,2026-08-07,market_cap,47598363095.21999
VTR,2026-08-07,market_cap,47596292651.61
VTRS,2026-08-07,market_cap,19244232607.35
VZ,2026-08-07,market_cap,194838183097.79
WAB,2026-08-07,market_cap,49563511008.93
WAT,2026-08-07,market_cap,39696050247.225
WBD,2026-08-07,market_cap,66902942892.869995
WDAY,2026-08-07,market_cap,45206678880.0
WDC,2026-08-07,market_cap,167541975000.0
WEC,2026-08-07,market_cap,35151002191.125
WELL,2026-08-07,market_cap,170372046280.84
WFC,2026-08-07,market_cap,263450822152.32
WM,2026-08-07,market_cap,91001557080.544
WMB,2026-08-07,market_cap,86245538450.72
WMT,2026-08-07,market_cap,886132113909.25
WRB,2026-08-07,market_cap,26622582242.235
WSM,2026-08-07,market_cap,29412514694.745
WST,2026-08-07,market_cap,24917242293.72
WTW,2026-08-07,market_cap,32038032106.890003
WY,2026-08-07,market_cap,18519311520.0
WYNN,2026-08-07,market_cap,10642291191.66
XEL,2026-08-07,market_cap,48524716061.61
XOM,2026-08-07,market_cap,632518936921.2
XYL,2026-08-07,market_cap,28119984203.22
XYZ,2026-08-07,market_cap,47776224090.0
YUM,2026-08-07,market_cap,41158941639.7
ZBH,2026-08-07,market_cap,18329891912.899998
ZBRA,2026-08-07,market_cap,17960408620.56
ZTS,2026-08-07,market_cap,30333250477.890003
A,2026-08-07,shares_source_is_edgar,0.0
AAPL,2026-08-07,shares_source_is_edgar,0.0
ABBV,2026-08-07,shares_source_is_edgar,0.0
ABNB,2026-08-07,shares_source_is_edgar,1.0
ABT,2026-08-07,shares_source_is_edgar,0.0
ACGL,2026-08-07,shares_source_is_edgar,0.0
ACN,2026-08-07,shares_source_is_edgar,0.0
ADBE,2026-08-07,shares_source_is_edgar,0.0
ADI,2026-08-07,shares_source_is_edgar,0.0
ADM,2026-08-07,shares_source_is_edgar,0.0
ADP,2026-08-07,shares_source_is_edgar,0.0
ADSK,2026-08-07,shares_source_is_edgar,0.0
AEE,2026-08-07,shares_source_is_edgar,0.0
AEP,2026-08-07,shares_source_is_edgar,0.0
AES,2026-08-07,shares_source_is_edgar,0.0
AFL,2026-08-07,shares_source_is_edgar,0.0
AIG,2026-08-07,shares_source_is_edgar,0.0
AIZ,2026-08-07,shares_source_is_edgar,0.0
AJG,2026-08-07,shares_source_is_edgar,0.0
AKAM,2026-08-07,shares_source_is_edgar,0.0
ALB,2026-08-07,shares_source_is_edgar,1.0
ALGN,2026-08-07,shares_source_is_edgar,0.0
ALL,2026-08-07,shares_source_is_edgar,0.0
ALLE,2026-08-07,shares_source_is_edgar,0.0
AMAT,2026-08-07,shares_source_is_edgar,0.0
AMCR,2026-08-07,shares_source_is_edgar,0.0
AMD,2026-08-07,shares_source_is_edgar,0.0
AME,2026-08-07,shares_source_is_edgar,0.0
AMGN,2026-08-07,shares_source_is_edgar,0.0
AMP,2026-08-07,shares_source_is_edgar,0.0
AMT,2026-08-07,shares_source_is_edgar,0.0
AMZN,2026-08-07,shares_source_is_edgar,0.0
ANET,2026-08-07,shares_source_is_edgar,0.0
AON,2026-08-07,shares_source_is_edgar,0.0
AOS,2026-08-07,shares_source_is_edgar,1.0
APD,2026-08-07,shares_source_is_edgar,0.0
APH,2026-08-07,shares_source_is_edgar,0.0
APO,2026-08-07,shares_source_is_edgar,0.0
APP,2026-08-07,shares_source_is_edgar,1.0
APTV,2026-08-07,shares_source_is_edgar,0.0
ARE,2026-08-07,shares_source_is_edgar,0.0
ARES,2026-08-07,shares_source_is_edgar,1.0
ATO,2026-08-07,shares_source_is_edgar,0.0
AVB,2026-08-07,shares_source_is_edgar,0.0
AVGO,2026-08-07,shares_source_is_edgar,0.0
AVY,2026-08-07,shares_source_is_edgar,0.0
AWK,2026-08-07,shares_source_is_edgar,0.0
AXON,2026-08-07,shares_source_is_edgar,0.0
AXP,2026-08-07,shares_source_is_edgar,0.0
AZO,2026-08-07,shares_source_is_edgar,0.0
BA,2026-08-07,shares_source_is_edgar,0.0
BAC,2026-08-07,shares_source_is_edgar,0.0
BALL,2026-08-07,shares_source_is_edgar,0.0
BAX,2026-08-07,shares_source_is_edgar,0.0
BBY,2026-08-07,shares_source_is_edgar,0.0
BDX,2026-08-07,shares_source_is_edgar,0.0
BEN,2026-08-07,shares_source_is_edgar,0.0
BF-B,2026-08-07,shares_source_is_edgar,1.0
BG,2026-08-07,shares_source_is_edgar,0.0
BIIB,2026-08-07,shares_source_is_edgar,0.0
BKNG,2026-08-07,shares_source_is_edgar,0.0
BKR,2026-08-07,shares_source_is_edgar,0.0
BLDR,2026-08-07,shares_source_is_edgar,0.0
BLK,2026-08-07,shares_source_is_edgar,0.0
BMY,2026-08-07,shares_source_is_edgar,0.0
BNY,2026-08-07,shares_source_is_edgar,0.0
BR,2026-08-07,shares_source_is_edgar,0.0
BRO,2026-08-07,shares_source_is_edgar,0.0
BSX,2026-08-07,shares_source_is_edgar,0.0
BX,2026-08-07,shares_source_is_edgar,0.0
BXP,2026-08-07,shares_source_is_edgar,0.0
C,2026-08-07,shares_source_is_edgar,1.0
CAG,2026-08-07,shares_source_is_edgar,0.0
CAH,2026-08-07,shares_source_is_edgar,0.0
CARR,2026-08-07,shares_source_is_edgar,0.0
CASY,2026-08-07,shares_source_is_edgar,0.0
CAT,2026-08-07,shares_source_is_edgar,0.0
CB,2026-08-07,shares_source_is_edgar,0.0
CBOE,2026-08-07,shares_source_is_edgar,0.0
CBRE,2026-08-07,shares_source_is_edgar,0.0
CCI,2026-08-07,shares_source_is_edgar,0.0
CCL,2026-08-07,shares_source_is_edgar,0.0
CDNS,2026-08-07,shares_source_is_edgar,0.0
CDW,2026-08-07,shares_source_is_edgar,0.0
CE,2026-08-07,shares_source_is_edgar,0.0
CEG,2026-08-07,shares_source_is_edgar,0.0
CF,2026-08-07,shares_source_is_edgar,0.0
CFG,2026-08-07,shares_source_is_edgar,0.0
CHD,2026-08-07,shares_source_is_edgar,0.0
CHRW,2026-08-07,shares_source_is_edgar,0.0
CHTR,2026-08-07,shares_source_is_edgar,0.0
CI,2026-08-07,shares_source_is_edgar,0.0
CIEN,2026-08-07,shares_source_is_edgar,0.0
CINF,2026-08-07,shares_source_is_edgar,0.0
CL,2026-08-07,shares_source_is_edgar,0.0
CLX,2026-08-07,shares_source_is_edgar,0.0
CMCSA,2026-08-07,shares_source_is_edgar,0.0
CME,2026-08-07,shares_source_is_edgar,0.0
CMG,2026-08-07,shares_source_is_edgar,0.0
CMI,2026-08-07,shares_source_is_edgar,0.0
CMS,2026-08-07,shares_source_is_edgar,0.0
CNC,2026-08-07,shares_source_is_edgar,0.0
CNP,2026-08-07,shares_source_is_edgar,0.0
COF,2026-08-07,shares_source_is_edgar,0.0
COHR,2026-08-07,shares_source_is_edgar,0.0
COIN,2026-08-07,shares_source_is_edgar,1.0
COO,2026-08-07,shares_source_is_edgar,0.0
COP,2026-08-07,shares_source_is_edgar,0.0
COR,2026-08-07,shares_source_is_edgar,0.0
COST,2026-08-07,shares_source_is_edgar,0.0
CPAY,2026-08-07,shares_source_is_edgar,0.0
CPB,2026-08-07,shares_source_is_edgar,0.0
CPRT,2026-08-07,shares_source_is_edgar,0.0
CPT,2026-08-07,shares_source_is_edgar,0.0
CRH,2026-08-07,shares_source_is_edgar,0.0
CRL,2026-08-07,shares_source_is_edgar,0.0
CRM,2026-08-07,shares_source_is_edgar,0.0
CRWD,2026-08-07,shares_source_is_edgar,1.0
CSCO,2026-08-07,shares_source_is_edgar,0.0
CSGP,2026-08-07,shares_source_is_edgar,0.0
CSX,2026-08-07,shares_source_is_edgar,0.0
CTAS,2026-08-07,shares_source_is_edgar,0.0
CTSH,2026-08-07,shares_source_is_edgar,0.0
CTVA,2026-08-07,shares_source_is_edgar,0.0
CVS,2026-08-07,shares_source_is_edgar,0.0
CVX,2026-08-07,shares_source_is_edgar,0.0
D,2026-08-07,shares_source_is_edgar,0.0
DAL,2026-08-07,shares_source_is_edgar,0.0
DASH,2026-08-07,shares_source_is_edgar,0.0
DD,2026-08-07,shares_source_is_edgar,0.0
DDOG,2026-08-07,shares_source_is_edgar,1.0
DE,2026-08-07,shares_source_is_edgar,0.0
DECK,2026-08-07,shares_source_is_edgar,0.0
DELL,2026-08-07,shares_source_is_edgar,1.0
DG,2026-08-07,shares_source_is_edgar,0.0
DGX,2026-08-07,shares_source_is_edgar,0.0
DHI,2026-08-07,shares_source_is_edgar,0.0
DHR,2026-08-07,shares_source_is_edgar,0.0
DIS,2026-08-07,shares_source_is_edgar,0.0
DLR,2026-08-07,shares_source_is_edgar,0.0
DLTR,2026-08-07,shares_source_is_edgar,0.0
DOC,2026-08-07,shares_source_is_edgar,0.0
DOV,2026-08-07,shares_source_is_edgar,0.0
DOW,2026-08-07,shares_source_is_edgar,0.0
DPZ,2026-08-07,shares_source_is_edgar,0.0
DRI,2026-08-07,shares_source_is_edgar,0.0
DTE,2026-08-07,shares_source_is_edgar,0.0
DUK,2026-08-07,shares_source_is_edgar,0.0
DVA,2026-08-07,shares_source_is_edgar,0.0
DVN,2026-08-07,shares_source_is_edgar,0.0
DXCM,2026-08-07,shares_source_is_edgar,0.0
EA,2026-08-07,shares_source_is_edgar,0.0
EBAY,2026-08-07,shares_source_is_edgar,0.0
ECL,2026-08-07,shares_source_is_edgar,0.0
ED,2026-08-07,shares_source_is_edgar,0.0
EFX,2026-08-07,shares_source_is_edgar,0.0
EG,2026-08-07,shares_source_is_edgar,0.0
EIX,2026-08-07,shares_source_is_edgar,0.0
EL,2026-08-07,shares_source_is_edgar,1.0
ELV,2026-08-07,shares_source_is_edgar,0.0
EME,2026-08-07,shares_source_is_edgar,0.0
EMR,2026-08-07,shares_source_is_edgar,0.0
EOG,2026-08-07,shares_source_is_edgar,0.0
EQIX,2026-08-07,shares_source_is_edgar,0.0
EQR,2026-08-07,shares_source_is_edgar,0.0
EQT,2026-08-07,shares_source_is_edgar,0.0
ERIE,2026-08-07,shares_source_is_edgar,0.0
ES,2026-08-07,shares_source_is_edgar,0.0
ESS,2026-08-07,shares_source_is_edgar,0.0
ETN,2026-08-07,shares_source_is_edgar,0.0
ETR,2026-08-07,shares_source_is_edgar,0.0
EVRG,2026-08-07,shares_source_is_edgar,0.0
EW,2026-08-07,shares_source_is_edgar,0.0
EXC,2026-08-07,shares_source_is_edgar,0.0
EXE,2026-08-07,shares_source_is_edgar,0.0
EXPD,2026-08-07,shares_source_is_edgar,0.0
EXPE,2026-08-07,shares_source_is_edgar,0.0
EXR,2026-08-07,shares_source_is_edgar,0.0
F,2026-08-07,shares_source_is_edgar,0.0
FANG,2026-08-07,shares_source_is_edgar,0.0
FAST,2026-08-07,shares_source_is_edgar,0.0
FCX,2026-08-07,shares_source_is_edgar,0.0
FDS,2026-08-07,shares_source_is_edgar,0.0
FDX,2026-08-07,shares_source_is_edgar,0.0
FE,2026-08-07,shares_source_is_edgar,0.0
FFIV,2026-08-07,shares_source_is_edgar,0.0
FICO,2026-08-07,shares_source_is_edgar,0.0
FIS,2026-08-07,shares_source_is_edgar,0.0
FISV,2026-08-07,shares_source_is_edgar,0.0
FITB,2026-08-07,shares_source_is_edgar,0.0
FIX,2026-08-07,shares_source_is_edgar,0.0
FLEX,2026-08-07,shares_source_is_edgar,0.0
FOX,2026-08-07,shares_source_is_edgar,1.0
FOXA,2026-08-07,shares_source_is_edgar,1.0
FRT,2026-08-07,shares_source_is_edgar,0.0
FSLR,2026-08-07,shares_source_is_edgar,0.0
FTNT,2026-08-07,shares_source_is_edgar,0.0
FTV,2026-08-07,shares_source_is_edgar,0.0
GD,2026-08-07,shares_source_is_edgar,0.0
GDDY,2026-08-07,shares_source_is_edgar,0.0
GE,2026-08-07,shares_source_is_edgar,0.0
GEHC,2026-08-07,shares_source_is_edgar,0.0
GEN,2026-08-07,shares_source_is_edgar,0.0
GEV,2026-08-07,shares_source_is_edgar,0.0
GILD,2026-08-07,shares_source_is_edgar,0.0
GIS,2026-08-07,shares_source_is_edgar,0.0
GL,2026-08-07,shares_source_is_edgar,0.0
GLW,2026-08-07,shares_source_is_edgar,0.0
GM,2026-08-07,shares_source_is_edgar,0.0
GNRC,2026-08-07,shares_source_is_edgar,0.0
GOOG,2026-08-07,shares_source_is_edgar,1.0
GOOGL,2026-08-07,shares_source_is_edgar,1.0
GPC,2026-08-07,shares_source_is_edgar,0.0
GPN,2026-08-07,shares_source_is_edgar,0.0
GRMN,2026-08-07,shares_source_is_edgar,0.0
GS,2026-08-07,shares_source_is_edgar,0.0
GWW,2026-08-07,shares_source_is_edgar,0.0
HAL,2026-08-07,shares_source_is_edgar,0.0
HAS,2026-08-07,shares_source_is_edgar,0.0
HBAN,2026-08-07,shares_source_is_edgar,0.0
HCA,2026-08-07,shares_source_is_edgar,0.0
HD,2026-08-07,shares_source_is_edgar,0.0
HIG,2026-08-07,shares_source_is_edgar,0.0
HII,2026-08-07,shares_source_is_edgar,0.0
HLT,2026-08-07,shares_source_is_edgar,0.0
HON,2026-08-07,shares_source_is_edgar,0.0
HOOD,2026-08-07,shares_source_is_edgar,1.0
HPE,2026-08-07,shares_source_is_edgar,0.0
HPQ,2026-08-07,shares_source_is_edgar,0.0
HRL,2026-08-07,shares_source_is_edgar,0.0
HSIC,2026-08-07,shares_source_is_edgar,0.0
HST,2026-08-07,shares_source_is_edgar,0.0
HSY,2026-08-07,shares_source_is_edgar,1.0
HUBB,2026-08-07,shares_source_is_edgar,0.0
HUM,2026-08-07,shares_source_is_edgar,0.0
HWM,2026-08-07,shares_source_is_edgar,0.0
IBKR,2026-08-07,shares_source_is_edgar,0.0
IBM,2026-08-07,shares_source_is_edgar,0.0
ICE,2026-08-07,shares_source_is_edgar,0.0
IDXX,2026-08-07,shares_source_is_edgar,0.0
IEX,2026-08-07,shares_source_is_edgar,0.0
IFF,2026-08-07,shares_source_is_edgar,0.0
INCY,2026-08-07,shares_source_is_edgar,0.0
INTC,2026-08-07,shares_source_is_edgar,0.0
INTU,2026-08-07,shares_source_is_edgar,0.0
INVH,2026-08-07,shares_source_is_edgar,0.0
IP,2026-08-07,shares_source_is_edgar,0.0
IQV,2026-08-07,shares_source_is_edgar,0.0
IR,2026-08-07,shares_source_is_edgar,0.0
IRM,2026-08-07,shares_source_is_edgar,0.0
ISRG,2026-08-07,shares_source_is_edgar,0.0
IT,2026-08-07,shares_source_is_edgar,0.0
ITW,2026-08-07,shares_source_is_edgar,0.0
IVZ,2026-08-07,shares_source_is_edgar,0.0
J,2026-08-07,shares_source_is_edgar,0.0
JBHT,2026-08-07,shares_source_is_edgar,0.0
JBL,2026-08-07,shares_source_is_edgar,0.0
JCI,2026-08-07,shares_source_is_edgar,0.0
JKHY,2026-08-07,shares_source_is_edgar,0.0
JNJ,2026-08-07,shares_source_is_edgar,0.0
JPM,2026-08-07,shares_source_is_edgar,0.0
KDP,2026-08-07,shares_source_is_edgar,0.0
KEY,2026-08-07,shares_source_is_edgar,0.0
KEYS,2026-08-07,shares_source_is_edgar,0.0
KHC,2026-08-07,shares_source_is_edgar,0.0
KIM,2026-08-07,shares_source_is_edgar,0.0
KKR,2026-08-07,shares_source_is_edgar,0.0
KLAC,2026-08-07,shares_source_is_edgar,0.0
KMB,2026-08-07,shares_source_is_edgar,0.0
KMI,2026-08-07,shares_source_is_edgar,0.0
KO,2026-08-07,shares_source_is_edgar,0.0
KR,2026-08-07,shares_source_is_edgar,0.0
KVUE,2026-08-07,shares_source_is_edgar,0.0
L,2026-08-07,shares_source_is_edgar,0.0
LDOS,2026-08-07,shares_source_is_edgar,0.0
LEN,2026-08-07,shares_source_is_edgar,1.0
LH,2026-08-07,shares_source_is_edgar,0.0
LHX,2026-08-07,shares_source_is_edgar,0.0
LII,2026-08-07,shares_source_is_edgar,0.0
LIN,2026-08-07,shares_source_is_edgar,0.0
LITE,2026-08-07,shares_source_is_edgar,1.0
LLY,2026-08-07,shares_source_is_edgar,0.0
LMT,2026-08-07,shares_source_is_edgar,0.0
LNT,2026-08-07,shares_source_is_edgar,0.0
LOW,2026-08-07,shares_source_is_edgar,0.0
LRCX,2026-08-07,shares_source_is_edgar,0.0
LULU,2026-08-07,shares_source_is_edgar,0.0
LUV,2026-08-07,shares_source_is_edgar,0.0
LVS,2026-08-07,shares_source_is_edgar,0.0
LYB,2026-08-07,shares_source_is_edgar,0.0
LYV,2026-08-07,shares_source_is_edgar,0.0
MA,2026-08-07,shares_source_is_edgar,0.0
MAA,2026-08-07,shares_source_is_edgar,0.0
MAR,2026-08-07,shares_source_is_edgar,0.0
MAS,2026-08-07,shares_source_is_edgar,0.0
MCD,2026-08-07,shares_source_is_edgar,0.0
MCHP,2026-08-07,shares_source_is_edgar,0.0
MCK,2026-08-07,shares_source_is_edgar,0.0
MCO,2026-08-07,shares_source_is_edgar,0.0
MDLZ,2026-08-07,shares_source_is_edgar,0.0
MDT,2026-08-07,shares_source_is_edgar,0.0
MET,2026-08-07,shares_source_is_edgar,0.0
META,2026-08-07,shares_source_is_edgar,1.0
MGM,2026-08-07,shares_source_is_edgar,0.0
MKC,2026-08-07,shares_source_is_edgar,0.0
MLM,2026-08-07,shares_source_is_edgar,0.0
MMM,2026-08-07,shares_source_is_edgar,0.0
MNST,2026-08-07,shares_source_is_edgar,0.0
MO,2026-08-07,shares_source_is_edgar,0.0
MOS,2026-08-07,shares_source_is_edgar,0.0
MPC,2026-08-07,shares_source_is_edgar,0.0
MPWR,2026-08-07,shares_source_is_edgar,0.0
MRK,2026-08-07,shares_source_is_edgar,0.0
MRSH,2026-08-07,shares_source_is_edgar,0.0
MRVL,2026-08-07,shares_source_is_edgar,0.0
MS,2026-08-07,shares_source_is_edgar,0.0
MSCI,2026-08-07,shares_source_is_edgar,0.0
MSFT,2026-08-07,shares_source_is_edgar,0.0
MSI,2026-08-07,shares_source_is_edgar,0.0
MTB,2026-08-07,shares_source_is_edgar,0.0
MTD,2026-08-07,shares_source_is_edgar,0.0
MU,2026-08-07,shares_source_is_edgar,0.0
NCLH,2026-08-07,shares_source_is_edgar,0.0
NDAQ,2026-08-07,shares_source_is_edgar,0.0
NDSN,2026-08-07,shares_source_is_edgar,0.0
NEE,2026-08-07,shares_source_is_edgar,0.0
NEM,2026-08-07,shares_source_is_edgar,0.0
NFLX,2026-08-07,shares_source_is_edgar,0.0
NI,2026-08-07,shares_source_is_edgar,0.0
NKE,2026-08-07,shares_source_is_edgar,1.0
NOC,2026-08-07,shares_source_is_edgar,0.0
NOW,2026-08-07,shares_source_is_edgar,0.0
NRG,2026-08-07,shares_source_is_edgar,0.0
NSC,2026-08-07,shares_source_is_edgar,0.0
NTAP,2026-08-07,shares_source_is_edgar,0.0
NTRS,2026-08-07,shares_source_is_edgar,0.0
NUE,2026-08-07,shares_source_is_edgar,0.0
NVDA,2026-08-07,shares_source_is_edgar,0.0
NWS,2026-08-07,shares_source_is_edgar,1.0
NWSA,2026-08-07,shares_source_is_edgar,1.0
NXPI,2026-08-07,shares_source_is_edgar,0.0
O,2026-08-07,shares_source_is_edgar,0.0
ODFL,2026-08-07,shares_source_is_edgar,0.0
OKE,2026-08-07,shares_source_is_edgar,0.0
OMC,2026-08-07,shares_source_is_edgar,0.0
ON,2026-08-07,shares_source_is_edgar,1.0
ORCL,2026-08-07,shares_source_is_edgar,0.0
ORLY,2026-08-07,shares_source_is_edgar,0.0
OTIS,2026-08-07,shares_source_is_edgar,0.0
OXY,2026-08-07,shares_source_is_edgar,0.0
PANW,2026-08-07,shares_source_is_edgar,0.0
PAYX,2026-08-07,shares_source_is_edgar,0.0
PCAR,2026-08-07,shares_source_is_edgar,0.0
PCG,2026-08-07,shares_source_is_edgar,0.0
PEG,2026-08-07,shares_source_is_edgar,0.0
PEP,2026-08-07,shares_source_is_edgar,0.0
PFE,2026-08-07,shares_source_is_edgar,0.0
PFG,2026-08-07,shares_source_is_edgar,0.0
PG,2026-08-07,shares_source_is_edgar,0.0
PGR,2026-08-07,shares_source_is_edgar,0.0
PH,2026-08-07,shares_source_is_edgar,0.0
PKG,2026-08-07,shares_source_is_edgar,0.0
PLD,2026-08-07,shares_source_is_edgar,0.0
PLTR,2026-08-07,shares_source_is_edgar,1.0
PM,2026-08-07,shares_source_is_edgar,0.0
PNC,2026-08-07,shares_source_is_edgar,0.0
PNR,2026-08-07,shares_source_is_edgar,0.0
PNW,2026-08-07,shares_source_is_edgar,0.0
PODD,2026-08-07,shares_source_is_edgar,0.0
POOL,2026-08-07,shares_source_is_edgar,0.0
PPG,2026-08-07,shares_source_is_edgar,0.0
PPL,2026-08-07,shares_source_is_edgar,0.0
PRU,2026-08-07,shares_source_is_edgar,0.0
PSA,2026-08-07,shares_source_is_edgar,0.0
PSKY,2026-08-07,shares_source_is_edgar,0.0
PSX,2026-08-07,shares_source_is_edgar,0.0
PTC,2026-08-07,shares_source_is_edgar,0.0
PWR,2026-08-07,shares_source_is_edgar,0.0
PYPL,2026-08-07,shares_source_is_edgar,0.0
Q,2026-08-07,shares_source_is_edgar,0.0
QCOM,2026-08-07,shares_source_is_edgar,0.0
RCL,2026-08-07,shares_source_is_edgar,0.0
RDDT,2026-08-07,shares_source_is_edgar,1.0
REG,2026-08-07,shares_source_is_edgar,0.0
REGN,2026-08-07,shares_source_is_edgar,0.0
RF,2026-08-07,shares_source_is_edgar,0.0
RJF,2026-08-07,shares_source_is_edgar,0.0
RL,2026-08-07,shares_source_is_edgar,1.0
RMD,2026-08-07,shares_source_is_edgar,0.0
ROK,2026-08-07,shares_source_is_edgar,0.0
ROL,2026-08-07,shares_source_is_edgar,0.0
ROP,2026-08-07,shares_source_is_edgar,0.0
ROST,2026-08-07,shares_source_is_edgar,0.0
RSG,2026-08-07,shares_source_is_edgar,0.0
RTX,2026-08-07,shares_source_is_edgar,0.0
RVTY,2026-08-07,shares_source_is_edgar,0.0
SATS,2026-08-07,shares_source_is_edgar,1.0
SBAC,2026-08-07,shares_source_is_edgar,0.0
SBUX,2026-08-07,shares_source_is_edgar,0.0
SCHW,2026-08-07,shares_source_is_edgar,0.0
SHW,2026-08-07,shares_source_is_edgar,0.0
SJM,2026-08-07,shares_source_is_edgar,0.0
SLB,2026-08-07,shares_source_is_edgar,0.0
SMCI,2026-08-07,shares_source_is_edgar,0.0
SNA,2026-08-07,shares_source_is_edgar,0.0
SNDK,2026-08-07,shares_source_is_edgar,0.0
SNPS,2026-08-07,shares_source_is_edgar,0.0
SO,2026-08-07,shares_source_is_edgar,0.0
SOFI,2026-08-07,shares_source_is_edgar,0.0
SOLV,2026-08-07,shares_source_is_edgar,0.0
SPG,2026-08-07,shares_source_is_edgar,0.0
SPGI,2026-08-07,shares_source_is_edgar,0.0
SRE,2026-08-07,shares_source_is_edgar,0.0
STE,2026-08-07,shares_source_is_edgar,0.0
STLD,2026-08-07,shares_source_is_edgar,0.0
STT,2026-08-07,shares_source_is_edgar,0.0
STX,2026-08-07,shares_source_is_edgar,0.0
STZ,2026-08-07,shares_source_is_edgar,0.0
SW,2026-08-07,shares_source_is_edgar,0.0
SWK,2026-08-07,shares_source_is_edgar,0.0
SWKS,2026-08-07,shares_source_is_edgar,0.0
SYF,2026-08-07,shares_source_is_edgar,0.0
SYK,2026-08-07,shares_source_is_edgar,0.0
SYY,2026-08-07,shares_source_is_edgar,0.0
T,2026-08-07,shares_source_is_edgar,0.0
TAP,2026-08-07,shares_source_is_edgar,0.0
TDG,2026-08-07,shares_source_is_edgar,0.0
TDY,2026-08-07,shares_source_is_edgar,0.0
TECH,2026-08-07,shares_source_is_edgar,0.0
TEL,2026-08-07,shares_source_is_edgar,0.0
TER,2026-08-07,shares_source_is_edgar,0.0
TFC,2026-08-07,shares_source_is_edgar,0.0
TGT,2026-08-07,shares_source_is_edgar,0.0
TJX,2026-08-07,shares_source_is_edgar,0.0
TKO,2026-08-07,shares_source_is_edgar,0.0
TMO,2026-08-07,shares_source_is_edgar,0.0
TMUS,2026-08-07,shares_source_is_edgar,0.0
TPL,2026-08-07,shares_source_is_edgar,0.0
TPR,2026-08-07,shares_source_is_edgar,0.0
TRGP,2026-08-07,shares_source_is_edgar,0.0
TRMB,2026-08-07,shares_source_is_edgar,0.0
TROW,2026-08-07,shares_source_is_edgar,0.0
TRV,2026-08-07,shares_source_is_edgar,0.0
TSCO,2026-08-07,shares_source_is_edgar,0.0
TSLA,2026-08-07,shares_source_is_edgar,0.0
TSN,2026-08-07,shares_source_is_edgar,1.0
TT,2026-08-07,shares_source_is_edgar,0.0
TTD,2026-08-07,shares_source_is_edgar,1.0
TTWO,2026-08-07,shares_source_is_edgar,0.0
TXN,2026-08-07,shares_source_is_edgar,0.0
TXT,2026-08-07,shares_source_is_edgar,0.0
TYL,2026-08-07,shares_source_is_edgar,0.0
UAL,2026-08-07,shares_source_is_edgar,0.0
UBER,2026-08-07,shares_source_is_edgar,0.0
UDR,2026-08-07,shares_source_is_edgar,0.0
UHS,2026-08-07,shares_source_is_edgar,1.0
ULTA,2026-08-07,shares_source_is_edgar,0.0
UNH,2026-08-07,shares_source_is_edgar,0.0
UNP,2026-08-07,shares_source_is_edgar,0.0
UPS,2026-08-07,shares_source_is_edgar,1.0
URI,2026-08-07,shares_source_is_edgar,0.0
USB,2026-08-07,shares_source_is_edgar,0.0
V,2026-08-07,shares_source_is_edgar,0.0
VEEV,2026-08-07,shares_source_is_edgar,0.0
VICI,2026-08-07,shares_source_is_edgar,0.0
VLO,2026-08-07,shares_source_is_edgar,0.0
VLTO,2026-08-07,shares_source_is_edgar,0.0
VMC,2026-08-07,shares_source_is_edgar,0.0
VRSK,2026-08-07,shares_source_is_edgar,0.0
VRSN,2026-08-07,shares_source_is_edgar,0.0
VRT,2026-08-07,shares_source_is_edgar,0.0
VRTX,2026-08-07,shares_source_is_edgar,0.0
VST,2026-08-07,shares_source_is_edgar,0.0
VTR,2026-08-07,shares_source_is_edgar,0.0
VTRS,2026-08-07,shares_source_is_edgar,0.0
VZ,2026-08-07,shares_source_is_edgar,0.0
WAB,2026-08-07,shares_source_is_edgar,0.0
WAT,2026-08-07,shares_source_is_edgar,0.0
WBD,2026-08-07,shares_source_is_edgar,0.0
WDAY,2026-08-07,shares_source_is_edgar,1.0
WDC,2026-08-07,shares_source_is_edgar,1.0
WEC,2026-08-07,shares_source_is_edgar,0.0
WELL,2026-08-07,shares_source_is_edgar,0.0
WFC,2026-08-07,shares_source_is_edgar,0.0
WM,2026-08-07,shares_source_is_edgar,0.0
WMB,2026-08-07,shares_source_is_edgar,0.0
WMT,2026-08-07,shares_source_is_edgar,0.0
WRB,2026-08-07,shares_source_is_edgar,0.0
WSM,2026-08-07,shares_source_is_edgar,0.0
WST,2026-08-07,shares_source_is_edgar,0.0
WTW,2026-08-07,shares_source_is_edgar,0.0
WY,2026-08-07,shares_source_is_edgar,0.0
WYNN,2026-08-07,shares_source_is_edgar,0.0
XEL,2026-08-07,shares_source_is_edgar,0.0
XOM,2026-08-07,shares_source_is_edgar,0.0
XYL,2026-08-07,shares_source_is_edgar,0.0
XYZ,2026-08-07,shares_source_is_edgar,1.0
YUM,2026-08-07,shares_source_is_edgar,0.0
ZBH,2026-08-07,shares_source_is_edgar,0.0
ZBRA,2026-08-07,shares_source_is_edgar,0.0
ZTS,2026-08-07,shares_source_is_edgar,0.0
A,2026-08-07,shares_delta_pct,0.20113022342826775
AAPL,2026-08-07,shares_delta_pct,0.8256441951517659
ABBV,2026-08-07,shares_delta_pct,0.2197202773668755
ABNB,2026-08-07,shares_delta_pct,42.84680859640035
ABT,2026-08-07,shares_delta_pct,0.3019753288646941
ACGL,2026-08-07,shares_delta_pct,2.287390029325513
ACN,2026-08-07,shares_delta_pct,0.5966740883327576
ADBE,2026-08-07,shares_delta_pct,1.257861635220126
ADI,2026-08-07,shares_delta_pct,0.6920652210331854
ADM,2026-08-07,shares_delta_pct,0.6314828889120948
ADP,2026-08-07,shares_delta_pct,1.5197154018500356
ADSK,2026-08-07,shares_delta_pct,0.40481564039534096
AEE,2026-08-07,shares_delta_pct,0.6706860265847695
AEP,2026-08-07,shares_delta_pct,0.4880170688265949
AES,2026-08-07,shares_delta_pct,0.25832813225144213
AFL,2026-08-07,shares_delta_pct,-0.6693526611940538
AIG,2026-08-07,shares_delta_pct,0.6352843227012985
AIZ,2026-08-07,shares_delta_pct,0.5727397252062697
AJG,2026-08-07,shares_delta_pct,0.14004782691805057
AKAM,2026-08-07,shares_delta_pct,3.189142357855326
ALB,2026-08-07,shares_delta_pct,15.42895148976539
ALGN,2026-08-07,shares_delta_pct,0.6758854171036279
ALL,2026-08-07,shares_delta_pct,2.468599464640127
ALLE,2026-08-07,shares_delta_pct,1.1327027340849876
AMAT,2026-08-07,shares_delta_pct,0.6348649325822605
AMCR,2026-08-07,shares_delta_pct,0.31455035300534545
AMD,2026-08-07,shares_delta_pct,1.6248308438151302
AME,2026-08-07,shares_delta_pct,0.284463115365304
AMGN,2026-08-07,shares_delta_pct,0.7951936641979293
AMP,2026-08-07,shares_delta_pct,5.090497737556561
AMT,2026-08-07,shares_delta_pct,0.1873448171676727
AMZN,2026-08-07,shares_delta_pct,1.0818008137915092
ANET,2026-08-07,shares_delta_pct,1.171508344959018
AON,2026-08-07,shares_delta_pct,0.8365644640236777
AOS,2026-08-07,shares_delta_pct,25.275851145127582
APD,2026-08-07,shares_delta_pct,0.05140432788785154
APH,2026-08-07,shares_delta_pct,4.559391505282783
APO,2026-08-07,shares_delta_pct,3.18053772635351
APP,2026-08-07,shares_delta_pct,10.70413837729887
APTV,2026-08-07,shares_delta_pct,0.22657206595086118
ARE,2026-08-07,shares_delta_pct,-0.8002991273258476
ARES,2026-08-07,shares_delta_pct,41.049587070657054
ATO,2026-08-07,shares_delta_pct,0.2280905973554315
AVB,2026-08-07,shares_delta_pct,-0.6745152240021799
AVGO,2026-08-07,shares_delta_pct,2.4890763176158655
AVY,2026-08-07,shares_delta_pct,-0.1181651785384529
AWK,2026-08-07,shares_delta_pct,-1.3732213975083423
AXON,2026-08-07,shares_delta_pct,1.6046608573155607
AXP,2026-08-07,shares_delta_pct,0.546440584702696
AZO,2026-08-07,shares_delta_pct,3.2259329123317686
BA,2026-08-07,shares_delta_pct,0.10223773525820644
BAC,2026-08-07,shares_delta_pct,4.310917814643828
BALL,2026-08-07,shares_delta_pct,0.33521152883764926
BAX,2026-08-07,shares_delta_pct,0.19419898837553673
BBY,2026-08-07,shares_delta_pct,0.252825955410143
BDX,2026-08-07,shares_delta_pct,-0.1387916118747976
BEN,2026-08-07,shares_delta_pct,1.5594272922184162
BF-B,2026-08-07,shares_delta_pct,60.72990890085816
BG,2026-08-07,shares_delta_pct,1.8814066728797214
BIIB,2026-08-07,shares_delta_pct,0.43721456525325286
BKNG,2026-08-07,shares_delta_pct,-0.629574365907377
BKR,2026-08-07,shares_delta_pct,-18.805172458261982
BLDR,2026-08-07,shares_delta_pct,-0.03016549141576288
BLK,2026-08-07,shares_delta_pct,6.227525258832054
BMY,2026-08-07,shares_delta_pct,0.2587411797568265
BNY,2026-08-07,shares_delta_pct,2.0219269346774307
BR,2026-08-07,shares_delta_pct,1.2465193050525376
BRO,2026-08-07,shares_delta_pct,-0.1824082809247892
BSX,2026-08-07,shares_delta_pct,1.7644185093700608
BX,2026-08-07,shares_delta_pct,4.477141294072754
BXP,2026-08-07,shares_delta_pct,0.067382762362267
C,2026-08-07,shares_delta_pct,11.666865386908311
CAG,2026-08-07,shares_delta_pct,0.09076247057451735
CAH,2026-08-07,shares_delta_pct,1.1930295252439356
CARR,2026-08-07,shares_delta_pct,1.4712093689691985
CASY,2026-08-07,shares_delta_pct,0.7478439214856708
CAT,2026-08-07,shares_delta_pct,0.614588933962847
CB,2026-08-07,shares_delta_pct,2.280883415252881
CBOE,2026-08-07,shares_delta_pct,0.4490820873824855
CBRE,2026-08-07,shares_delta_pct,1.4795153556226333
CCI,2026-08-07,shares_delta_pct,2.008332769251541
CCL,2026-08-07,shares_delta_pct,1.3398235172376292
CDNS,2026-08-07,shares_delta_pct,-0.7581141050555443
CDW,2026-08-07,shares_delta_pct,1.9057935171373628
CE,2026-08-07,shares_delta_pct,0.4561520720485228
CEG,2026-08-07,shares_delta_pct,0.8115280401790617
CF,2026-08-07,shares_delta_pct,1.517150395778364
CFG,2026-08-07,shares_delta_pct,1.3070663333896737
CHD,2026-08-07,shares_delta_pct,0.4199311101566299
CHRW,2026-08-07,shares_delta_pct,2.481566779537795
CHTR,2026-08-07,shares_delta_pct,1.6584646162747956
CI,2026-08-07,shares_delta_pct,-0.10539111709021003
CIEN,2026-08-07,shares_delta_pct,3.3634614762668056
CINF,2026-08-07,shares_delta_pct,1.447734755808233
CL,2026-08-07,shares_delta_pct,0.580447655974988
CLX,2026-08-07,shares_delta_pct,0.7158777112902087
CMCSA,2026-08-07,shares_delta_pct,0.8704755287777113
CME,2026-08-07,shares_delta_pct,0.47441275474004285
CMG,2026-08-07,shares_delta_pct,1.0783788439867301
CMI,2026-08-07,shares_delta_pct,0.3702706389050373
CMS,2026-08-07,shares_delta_pct,0.6087014186946933
CNC,2026-08-07,shares_delta_pct,0.7372544256520815
CNP,2026-08-07,shares_delta_pct,0.10212407485466729
COF,2026-08-07,shares_delta_pct,1.6136919315403422
COHR,2026-08-07,shares_delta_pct,0.3719492565607504
COIN,2026-08-07,shares_delta_pct,18.22639828348476
COO,2026-08-07,shares_delta_pct,-0.01570522537921351
COP,2026-08-07,shares_delta_pct,1.0752616334547904
COR,2026-08-07,shares_delta_pct,1.633328776854176
COST,2026-08-07,shares_delta_pct,0.2144851098678439
CPAY,2026-08-07,shares_delta_pct,4.713877816225072
CPB,2026-08-07,shares_delta_pct,0.2661771906633088
CPRT,2026-08-07,shares_delta_pct,-2.1320678046457537
CPT,2026-08-07,shares_delta_pct,3.3024364895332754
CRH,2026-08-07,shares_delta_pct,0.5284188857359404
CRL,2026-08-07,shares_delta_pct,0.5909817056423118
CRM,2026-08-07,shares_delta_pct,6.349206349206349
CRWD,2026-08-07,shares_delta_pct,-74.67432852662044
CSCO,2026-08-07,shares_delta_pct,1.0292022689154483
CSGP,2026-08-07,shares_delta_pct,-0.1968392763483084
CSX,2026-08-07,shares_delta_pct,0.3522359703831822
CTAS,2026-08-07,shares_delta_pct,1.1363780365093785
CTSH,2026-08-07,shares_delta_pct,0.8456659619450317
CTVA,2026-08-07,shares_delta_pct,0.39029010965293554
CVS,2026-08-07,shares_delta_pct,0.6278199397440458
CVX,2026-08-07,shares_delta_pct,0.6670234454638124
D,2026-08-07,shares_delta_pct,0.06526822780529469
DAL,2026-08-07,shares_delta_pct,0.05732311412512424
DASH,2026-08-07,shares_delta_pct,7.421175707059984
DD,2026-08-07,shares_delta_pct,1.318772699932212
DDOG,2026-08-07,shares_delta_pct,12.15056450948242
DE,2026-08-07,shares_delta_pct,0.2564603200886676
DECK,2026-08-07,shares_delta_pct,1.7455651232601417
DELL,2026-08-07,shares_delta_pct,101.81715861973098
DG,2026-08-07,shares_delta_pct,0.44080320056725825
DGX,2026-08-07,shares_delta_pct,1.4737614221402702
DHI,2026-08-07,shares_delta_pct,1.1793772103291902
DHR,2026-08-07,shares_delta_pct,0.6563353531334777
DIS,2026-08-07,shares_delta_pct,0.94476294347891
DLR,2026-08-07,shares_delta_pct,-4.535279815452422
DLTR,2026-08-07,shares_delta_pct,2.7190962417986295
DOC,2026-08-07,shares_delta_pct,0.05188192269584816
DOV,2026-08-07,shares_delta_pct,0.6480350029115262
DOW,2026-08-07,shares_delta_pct,-0.15791869164079275
DPZ,2026-08-07,shares_delta_pct,0.714923204602177
DRI,2026-08-07,shares_delta_pct,1.541011004295342
DTE,2026-08-07,shares_delta_pct,-0.042322945483241524
DUK,2026-08-07,shares_delta_pct,-0.0900591285113905
DVA,2026-08-07,shares_delta_pct,2.9710991664719173
DVN,2026-08-07,shares_delta_pct,-14.545454545454545
DXCM,2026-08-07,shares_delta_pct,3.375876927745787
EA,2026-08-07,shares_delta_pct,0.6389344064349327
EBAY,2026-08-07,shares_delta_pct,2.4774774774774775
ECL,2026-08-07,shares_delta_pct,0.6675726201225353
ED,2026-08-07,shares_delta_pct,-1.1205894515341714
EFX,2026-08-07,shares_delta_pct,1.4598506347573394
EG,2026-08-07,shares_delta_pct,1.1925753651265452
EIX,2026-08-07,shares_delta_pct,0.5680721385643841
EL,2026-08-07,shares_delta_pct,47.76318863191066
ELV,2026-08-07,shares_delta_pct,0.47526784451592935
EME,2026-08-07,shares_delta_pct,1.004293797893584
EMR,2026-08-07,shares_delta_pct,0.17853954650955187
EOG,2026-08-07,shares_delta_pct,-0.6812496506711723
EQIX,2026-08-07,shares_delta_pct,0.47056457513049893
EQR,2026-08-07,shares_delta_pct,2.389119644651465
EQT,2026-08-07,shares_delta_pct,0.5648136898176865
ES,2026-08-07,shares_delta_pct,0.24432406374148694
ESS,2026-08-07,shares_delta_pct,0.026879135654887896
ETN,2026-08-07,shares_delta_pct,0.3090394025238218
ETR,2026-08-07,shares_delta_pct,-0.8831019803982456
EVRG,2026-08-07,shares_delta_pct,2.182803369770264
EW,2026-08-07,shares_delta_pct,0.3126085446335533
EXC,2026-08-07,shares_delta_pct,-0.41290469498381466
EXE,2026-08-07,shares_delta_pct,0.6396180922142881
EXPD,2026-08-07,shares_delta_pct,1.0626751212868264
EXPE,2026-08-07,shares_delta_pct,7.036155559503878
EXR,2026-08-07,shares_delta_pct,4.30416813765474
F,2026-08-07,shares_delta_pct,3.9383841555126198
FANG,2026-08-07,shares_delta_pct,-0.03956336269451209
FAST,2026-08-07,shares_delta_pct,0.24256879190802436
FCX,2026-08-07,shares_delta_pct,3.0714285714285716
FDS,2026-08-07,shares_delta_pct,1.7586038261808628
FDX,2026-08-07,shares_delta_pct,1.0224025081825188
FE,2026-08-07,shares_delta_pct,0.27122068584909864
FFIV,2026-08-07,shares_delta_pct,1.274064688698835
FICO,2026-08-07,shares_delta_pct,5.117990928173385
FIS,2026-08-07,shares_delta_pct,0.023380513562250453
FISV,2026-08-07,shares_delta_pct,0.08364006865576434
FITB,2026-08-07,shares_delta_pct,1.0353691318845808
FIX,2026-08-07,shares_delta_pct,0.16954720176651186
FLEX,2026-08-07,shares_delta_pct,1.2444463834289934
FOX,2026-08-07,shares_delta_pct,99.32007427746564
FOXA,2026-08-07,shares_delta_pct,120.15895225602368
FRT,2026-08-07,shares_delta_pct,0.3157836968897859
FSLR,2026-08-07,shares_delta_pct,0.24398671001379474
FTNT,2026-08-07,shares_delta_pct,0.8431554973395049
FTV,2026-08-07,shares_delta_pct,2.604130555608157
GD,2026-08-07,shares_delta_pct,1.3201663330372715
GDDY,2026-08-07,shares_delta_pct,3.4318000743227057
GE,2026-08-07,shares_delta_pct,0.9095824956813952
GEHC,2026-08-07,shares_delta_pct,0.463453960894339
GEN,2026-08-07,shares_delta_pct,3.411914053205497
GEV,2026-08-07,shares_delta_pct,1.376626629745199
GILD,2026-08-07,shares_delta_pct,0.11518691214635578
GIS,2026-08-07,shares_delta_pct,0.7478997950783596
GL,2026-08-07,shares_delta_pct,1.628430538925865
GLW,2026-08-07,shares_delta_pct,1.321739768721787
GM,2026-08-07,shares_delta_pct,0.6134611693917165
GNRC,2026-08-07,shares_delta_pct,1.0673691712753082
GOOG,2026-08-07,shares_delta_pct,122.70671250226161
GOOGL,2026-08-07,shares_delta_pct,109.79500869875487
GPC,2026-08-07,shares_delta_pct,0.08504439707488823
GPN,2026-08-07,shares_delta_pct,2.077183675707497
GRMN,2026-08-07,shares_delta_pct,0.36752460016765026
GS,2026-08-07,shares_delta_pct,4.714951957096007
GWW,2026-08-07,shares_delta_pct,-0.02778676833445382
HAL,2026-08-07,shares_delta_pct,0.31150012634401025
HAS,2026-08-07,shares_delta_pct,1.4573652151842298
HBAN,2026-08-07,shares_delta_pct,-5.927882950508502
HCA,2026-08-07,shares_delta_pct,2.1692230158880417
HD,2026-08-07,shares_delta_pct,-0.11199110597168807
HIG,2026-08-07,shares_delta_pct,0.791293733408013
HII,2026-08-07,shares_delta_pct,0.2421088016175168
HLT,2026-08-07,shares_delta_pct,1.7484244878510826
HON,2026-08-07,shares_delta_pct,0.5237552683865947
HOOD,2026-08-07,shares_delta_pct,15.351015023288369
HPE,2026-08-07,shares_delta_pct,8.140476693385864
HPQ,2026-08-07,shares_delta_pct,1.145658835430316
HRL,2026-08-07,shares_delta_pct,0.11463040224957792
HSIC,2026-08-07,shares_delta_pct,0.415750072660513
HST,2026-08-07,shares_delta_pct,0.30964858462406897
HSY,2026-08-07,shares_delta_pct,38.634874618711585
HUBB,2026-08-07,shares_delta_pct,0.8671604666133768
HUM,2026-08-07,shares_delta_pct,0.47609138377626414
HWM,2026-08-07,shares_delta_pct,0.47300215077457075
IBKR,2026-08-07,shares_delta_pct,-0.10736380267292503
IBM,2026-08-07,shares_delta_pct,1.1812692666913476
ICE,2026-08-07,shares_delta_pct,0.8203701864995336
IDXX,2026-08-07,shares_delta_pct,0.5438472374471269
IEX,2026-08-07,shares_delta_pct,0.6512543099626728
IFF,2026-08-07,shares_delta_pct,0.6645138744352295
INCY,2026-08-07,shares_delta_pct,2.038628490718392
INTC,2026-08-07,shares_delta_pct,1.189532117367169
INTU,2026-08-07,shares_delta_pct,0.9004266333256562
INVH,2026-08-07,shares_delta_pct,-0.259939888824957
IP,2026-08-07,shares_delta_pct,-0.013198446637530255
IQV,2026-08-07,shares_delta_pct,3.1591737545565004
IR,2026-08-07,shares_delta_pct,1.0053032835777704
IRM,2026-08-07,shares_delta_pct,0.7209162673276999
ISRG,2026-08-07,shares_delta_pct,-0.2729829619084829
IT,2026-08-07,shares_delta_pct,5.434805466996013
ITW,2026-08-07,shares_delta_pct,-0.24330900243309003
IVZ,2026-08-07,shares_delta_pct,2.9218573046432614
J,2026-08-07,shares_delta_pct,0.6920011156082264
JBHT,2026-08-07,shares_delta_pct,1.1118210862619808
JBL,2026-08-07,shares_delta_pct,1.6346584453739335
JCI,2026-08-07,shares_delta_pct,1.3633753687030872
JKHY,2026-08-07,shares_delta_pct,1.3050103038981415
JNJ,2026-08-07,shares_delta_pct,1.253222979489539
JPM,2026-08-07,shares_delta_pct,1.3542999021894515
KDP,2026-08-07,shares_delta_pct,0.21481030258309547
KEY,2026-08-07,shares_delta_pct,0.7437257179103294
KEYS,2026-08-07,shares_delta_pct,1.2315325012202787
KHC,2026-08-07,shares_delta_pct,0.014862410945219062
KIM,2026-08-07,shares_delta_pct,0.17466391793896233
KKR,2026-08-07,shares_delta_pct,-0.010728912254857672
KLAC,2026-08-07,shares_delta_pct,1.0225861975900161
KMB,2026-08-07,shares_delta_pct,0.4096046085773174
KMI,2026-08-07,shares_delta_pct,0.007831759383932735
KO,2026-08-07,shares_delta_pct,0.26613889471758456
KR,2026-08-07,shares_delta_pct,6.913067150439101
KVUE,2026-08-07,shares_delta_pct,0.1557978383043425
L,2026-08-07,shares_delta_pct,0.5587696228280588
LDOS,2026-08-07,shares_delta_pct,0.17055547578127986
LEN,2026-08-07,shares_delta_pct,14.379636004964667
LH,2026-08-07,shares_delta_pct,1.1097410604192355
LHX,2026-08-07,shares_delta_pct,0.5828672438902432
LII,2026-08-07,shares_delta_pct,1.2711701956052652
LIN,2026-08-07,shares_delta_pct,0.7685443505732805
LITE,2026-08-07,shares_delta_pct,23.65038560411311
LLY,2026-08-07,shares_delta_pct,0.262850331477431
LMT,2026-08-07,shares_delta_pct,0.13399453660086633
LNT,2026-08-07,shares_delta_pct,-0.18693698543314352
LOW,2026-08-07,shares_delta_pct,-0.17825311942959002
LRCX,2026-08-07,shares_delta_pct,0.48326590893470517
LULU,2026-08-07,shares_delta_pct,6.495920058693101
LUV,2026-08-07,shares_delta_pct,0.7750890095973678
LVS,2026-08-07,shares_delta_pct,1.2812723220218785
LYB,2026-08-07,shares_delta_pct,-0.010499695094649436
LYV,2026-08-07,shares_delta_pct,4.75482895621709
MA,2026-08-07,shares_delta_pct,1.556807781537942
MAA,2026-08-07,shares_delta_pct,0.3051927690696247
MAR,2026-08-07,shares_delta_pct,1.4318231197124685
MAS,2026-08-07,shares_delta_pct,3.454870323123538
MCD,2026-08-07,shares_delta_pct,0.08362225201579934
MCHP,2026-08-07,shares_delta_pct,1.3796527666783478
MCK,2026-08-07,shares_delta_pct,2.2382956299741514
MCO,2026-08-07,shares_delta_pct,0.7616402041000068
MDLZ,2026-08-07,shares_delta_pct,0.18308997222222062
MDT,2026-08-07,shares_delta_pct,0.62925981542886
MET,2026-08-07,shares_delta_pct,1.4267795547193478
META,2026-08-07,shares_delta_pct,16.274402581768083
MGM,2026-08-07,shares_delta_pct,2.45048549808008
MKC,2026-08-07,shares_delta_pct,5.961245028884477
MLM,2026-08-07,shares_delta_pct,0.22335657377565307
MMM,2026-08-07,shares_delta_pct,1.294801773179466
MNST,2026-08-07,shares_delta_pct,1.070634271120717
MO,2026-08-07,shares_delta_pct,0.015336124061456834
MOS,2026-08-07,shares_delta_pct,0.0013696318445330328
MPC,2026-08-07,shares_delta_pct,-0.6633751190562295
MPWR,2026-08-07,shares_delta_pct,0.2646041115408101
MRK,2026-08-07,shares_delta_pct,0.08808662619038853
MRSH,2026-08-07,shares_delta_pct,1.0034825916977301
MRVL,2026-08-07,shares_delta_pct,2.0020837222712293
MS,2026-08-07,shares_delta_pct,-0.19083969465648853
MSCI,2026-08-07,shares_delta_pct,0.2751031636863824
MSFT,2026-08-07,shares_delta_pct,0.36973053405000006
MSI,2026-08-07,shares_delta_pct,1.0309825043100713
MTB,2026-08-07,shares_delta_pct,1.2592025280646921
MTD,2026-08-07,shares_delta_pct,0.6475113815700589
MU,2026-08-07,shares_delta_pct,1.3818791964676966
NCLH,2026-08-07,shares_delta_pct,1.033257966501143
NDAQ,2026-08-07,shares_delta_pct,1.5694452833772312
NDSN,2026-08-07,shares_delta_pct,0.6856892863319374
NEE,2026-08-07,shares_delta_pct,0.3257875213034431
NEM,2026-08-07,shares_delta_pct,1.262961622312213
NFLX,2026-08-07,shares_delta_pct,2.338178061540198
NI,2026-08-07,shares_delta_pct,0.3672529978224874
NKE,2026-08-07,shares_delta_pct,23.199942465210935
NOC,2026-08-07,shares_delta_pct,0.2372003535951712
NOW,2026-08-07,shares_delta_pct,0.04565406214755934
NRG,2026-08-07,shares_delta_pct,0.8512976966995505
NSC,2026-08-07,shares_delta_pct,0.17435992913763726
NTAP,2026-08-07,shares_delta_pct,2.5929332854437006
NTRS,2026-08-07,shares_delta_pct,1.0572458233908737
NUE,2026-08-07,shares_delta_pct,0.6845716591592333
NVDA,2026-08-07,shares_delta_pct,0.7018702778580571
NWS,2026-08-07,shares_delta_pct,209.41836362746352
NWSA,2026-08-07,shares_delta_pct,54.974640872843594
NXPI,2026-08-07,shares_delta_pct,0.5396587383582887
O,2026-08-07,shares_delta_pct,-1.21961272540113
ODFL,2026-08-07,shares_delta_pct,0.6550926548176503
OKE,2026-08-07,shares_delta_pct,0.31222943275980153
OMC,2026-08-07,shares_delta_pct,4.980173834536566
ON,2026-08-07,shares_delta_pct,70.16684092918165
ORCL,2026-08-07,shares_delta_pct,1.1640110245859097
ORLY,2026-08-07,shares_delta_pct,3.228533538196607
OTIS,2026-08-07,shares_delta_pct,0.7436009969796911
OXY,2026-08-07,shares_delta_pct,1.2567186226174012
PANW,2026-08-07,shares_delta_pct,-1.7177914110429449
PAYX,2026-08-07,shares_delta_pct,1.2137610454436853
PCAR,2026-08-07,shares_delta_pct,0.23463701239242654
PCG,2026-08-07,shares_delta_pct,3.752013062622727
PEG,2026-08-07,shares_delta_pct,0.13617677211463616
PEP,2026-08-07,shares_delta_pct,0.21961932650073207
PFE,2026-08-07,shares_delta_pct,-0.011818027637582317
PFG,2026-08-07,shares_delta_pct,2.8936126611099477
PG,2026-08-07,shares_delta_pct,4.032511518176919
PGR,2026-08-07,shares_delta_pct,0.4864752892972426
PH,2026-08-07,shares_delta_pct,1.5176983139710662
PKG,2026-08-07,shares_delta_pct,-0.11071660830046051
PLD,2026-08-07,shares_delta_pct,0.9996618736184311
PLTR,2026-08-07,shares_delta_pct,11.64772106207935
PM,2026-08-07,shares_delta_pct,0.0889611859685755
PNC,2026-08-07,shares_delta_pct,1.0025062656641603
PNR,2026-08-07,shares_delta_pct,1.296031675052528
PNW,2026-08-07,shares_delta_pct,2.72016603943288
PODD,2026-08-07,shares_delta_pct,0.07036488158417056
POOL,2026-08-07,shares_delta_pct,0.2676142017664084
PPG,2026-08-07,shares_delta_pct,0.9446693657219973
PPL,2026-08-07,shares_delta_pct,0.6390158419303054
PRU,2026-08-07,shares_delta_pct,0.8985507246376812
PSA,2026-08-07,shares_delta_pct,-5.480043379622223
PSKY,2026-08-07,shares_delta_pct,2.9721276396414193
PSX,2026-08-07,shares_delta_pct,0.9014775556276854
PTC,2026-08-07,shares_delta_pct,5.964392229864044
PWR,2026-08-07,shares_delta_pct,1.39388034165226
PYPL,2026-08-07,shares_delta_pct,6.728538283062645
Q,2026-08-07,shares_delta_pct,0.41119530943861843
QCOM,2026-08-07,shares_delta_pct,1.8095238095238095
RCL,2026-08-07,shares_delta_pct,1.3265613589311198
RDDT,2026-08-07,shares_delta_pct,38.278778972671375
REG,2026-08-07,shares_delta_pct,-0.01774022660602909
REGN,2026-08-07,shares_delta_pct,4.807456738102045
RF,2026-08-07,shares_delta_pct,0.4242499191491043
RJF,2026-08-07,shares_delta_pct,2.5152037663046154
RL,2026-08-07,shares_delta_pct,62.87999464329413
RMD,2026-08-07,shares_delta_pct,0.45955647150283296
ROK,2026-08-07,shares_delta_pct,0.4964705747594865
ROL,2026-08-07,shares_delta_pct,0.05062835433423365
ROP,2026-08-07,shares_delta_pct,1.7180090845304359
ROST,2026-08-07,shares_delta_pct,0.140258897317247
RSG,2026-08-07,shares_delta_pct,-0.011079291162117338
RTX,2026-08-07,shares_delta_pct,1.27929896597234
RVTY,2026-08-07,shares_delta_pct,0.28345970191244474
SATS,2026-08-07,shares_delta_pct,121.89250346858884
SBAC,2026-08-07,shares_delta_pct,0.1894939496205355
SBUX,2026-08-07,shares_delta_pct,0.33333333333333337
SCHW,2026-08-07,shares_delta_pct,0.7397061901284039
SHW,2026-08-07,shares_delta_pct,1.3354233366194983
SJM,2026-08-07,shares_delta_pct,-0.2047441871866658
SLB,2026-08-07,shares_delta_pct,2.079096434594728
SMCI,2026-08-07,shares_delta_pct,7.005389173538688
SNA,2026-08-07,shares_delta_pct,1.5370794633778595
SNDK,2026-08-07,shares_delta_pct,7.534246575342466
SNPS,2026-08-07,shares_delta_pct,0.34712624979224255
SO,2026-08-07,shares_delta_pct,-1.943992171250061
SOFI,2026-08-07,shares_delta_pct,4.780051389787307
SOLV,2026-08-07,shares_delta_pct,1.8071928150510674
SPG,2026-08-07,shares_delta_pct,0.20954329392260398
SPGI,2026-08-07,shares_delta_pct,0.9497964721845319
SRE,2026-08-07,shares_delta_pct,0.2723847087054779
STE,2026-08-07,shares_delta_pct,1.2747276561477763
STLD,2026-08-07,shares_delta_pct,0.8811336407417923
STT,2026-08-07,shares_delta_pct,2.315323674749596
STX,2026-08-07,shares_delta_pct,0.881057268722467
SW,2026-08-07,shares_delta_pct,0.2816067663530913
SWK,2026-08-07,shares_delta_pct,-0.244106210785075
SWKS,2026-08-07,shares_delta_pct,0.6609026531747282
SYF,2026-08-07,shares_delta_pct,2.6828341470305084
SYK,2026-08-07,shares_delta_pct,0.6327227695764629
SYY,2026-08-07,shares_delta_pct,0.5113949747605556
T,2026-08-07,shares_delta_pct,1.36615705509803
TAP,2026-08-07,shares_delta_pct,7.564469914040115
TDG,2026-08-07,shares_delta_pct,2.6217111819923997
TDY,2026-08-07,shares_delta_pct,1.2321878296116797
TECH,2026-08-07,shares_delta_pct,1.0219763408730231
TEL,2026-08-07,shares_delta_pct,1.0551565528550613
TER,2026-08-07,shares_delta_pct,0.8649376442162392
TFC,2026-08-07,shares_delta_pct,1.4254615831794857
TGT,2026-08-07,shares_delta_pct,0.3542315024429628
TJX,2026-08-07,shares_delta_pct,1.3845833657484892
TKO,2026-08-07,shares_delta_pct,3.7745404945224594
TMO,2026-08-07,shares_delta_pct,0.33880275729731796
TMUS,2026-08-07,shares_delta_pct,0.9078289088647674
TPL,2026-08-07,shares_delta_pct,0.08683910877850645
TPR,2026-08-07,shares_delta_pct,3.095990920108902
TRGP,2026-08-07,shares_delta_pct,0.2590788707378285
TRMB,2026-08-07,shares_delta_pct,1.6251796634725715
TROW,2026-08-07,shares_delta_pct,0.4144792803722742
TRV,2026-08-07,shares_delta_pct,2.4091945199459213
TSCO,2026-08-07,shares_delta_pct,0.03153477378082397
TSLA,2026-08-07,shares_delta_pct,-10.369476629706194
TSN,2026-08-07,shares_delta_pct,25.979219170650268
TT,2026-08-07,shares_delta_pct,1.1257100428106264
TTD,2026-08-07,shares_delta_pct,10.058148701601526
TTWO,2026-08-07,shares_delta_pct,-1.6474680188879431
TXN,2026-08-07,shares_delta_pct,0.7393737869268469
TXT,2026-08-07,shares_delta_pct,0.6423748034960306
TYL,2026-08-07,shares_delta_pct,2.2018948202974027
UAL,2026-08-07,shares_delta_pct,0.6255272210722006
UBER,2026-08-07,shares_delta_pct,0.37525842795008724
UDR,2026-08-07,shares_delta_pct,1.6553056001891049
UHS,2026-08-07,shares_delta_pct,15.726722645412144
ULTA,2026-08-07,shares_delta_pct,2.2672822088262823
UNH,2026-08-07,shares_delta_pct,0.20432829755123394
UNP,2026-08-07,shares_delta_pct,-0.012708485748725493
UPS,2026-08-07,shares_delta_pct,13.565179917638021
URI,2026-08-07,shares_delta_pct,1.2588040944185248
USB,2026-08-07,shares_delta_pct,-0.17536575463525514
VEEV,2026-08-07,shares_delta_pct,2.1827364972555254
VICI,2026-08-07,shares_delta_pct,-0.9845765070635415
VLO,2026-08-07,shares_delta_pct,2.1090516961839914
VLTO,2026-08-07,shares_delta_pct,2.217720923504786
VMC,2026-08-07,shares_delta_pct,1.251178250777699
VRSK,2026-08-07,shares_delta_pct,3.2061296040415854
VRSN,2026-08-07,shares_delta_pct,0.7743362831858407
VRT,2026-08-07,shares_delta_pct,2.0153393127741612
VRTX,2026-08-07,shares_delta_pct,0.7500986971969996
VST,2026-08-07,shares_delta_pct,1.3862838206641277
VTR,2026-08-07,shares_delta_pct,-2.967631748020654
VTRS,2026-08-07,shares_delta_pct,-0.10756525226209307
VZ,2026-08-07,shares_delta_pct,0.3905096476023494
WAB,2026-08-07,shares_delta_pct,0.40799569472301106
WAT,2026-08-07,shares_delta_pct,-0.020221853748689157
WBD,2026-08-07,shares_delta_pct,2.706804856147808
WDAY,2026-08-07,shares_delta_pct,26.523880597014927
WDC,2026-08-07,shares_delta_pct,12.277360847580463
WEC,2026-08-07,shares_delta_pct,0.9362046267861125
WELL,2026-08-07,shares_delta_pct,0.7886774553057128
WFC,2026-08-07,shares_delta_pct,1.6733027483707092
WM,2026-08-07,shares_delta_pct,0.671682264639714
WMB,2026-08-07,shares_delta_pct,0.1498182417329685
WMT,2026-08-07,shares_delta_pct,0.5142050512816242
WRB,2026-08-07,shares_delta_pct,5.542819266509731
WSM,2026-08-07,shares_delta_pct,1.8237374152535057
WST,2026-08-07,shares_delta_pct,1.3132902205733843
WTW,2026-08-07,shares_delta_pct,1.214643558042727
WY,2026-08-07,shares_delta_pct,0.16164032322514763
WYNN,2026-08-07,shares_delta_pct,-0.7744044038616922
XEL,2026-08-07,shares_delta_pct,0.37873264040672144
XOM,2026-08-07,shares_delta_pct,1.3764430708079554
XYL,2026-08-07,shares_delta_pct,1.3222108664535623
XYZ,2026-08-07,shares_delta_pct,12.579324576195972
YUM,2026-08-07,shares_delta_pct,1.5019782717243504
ZBH,2026-08-07,shares_delta_pct,1.0812288912654278
ZBRA,2026-08-07,shares_delta_pct,1.0410197115502502
ZTS,2026-08-07,shares_delta_pct,-0.364507516168083
A,2026-08-07,shares_basis,0.0
AAPL,2026-08-07,shares_basis,0.0
ABBV,2026-08-07,shares_basis,0.0
ABNB,2026-08-07,shares_basis,0.0
ABT,2026-08-07,shares_basis,0.0
ACGL,2026-08-07,shares_basis,0.0
ACN,2026-08-07,shares_basis,0.0
ADBE,2026-08-07,shares_basis,0.0
ADI,2026-08-07,shares_basis,0.0
ADM,2026-08-07,shares_basis,0.0
ADP,2026-08-07,shares_basis,0.0
ADSK,2026-08-07,shares_basis,0.0
AEE,2026-08-07,shares_basis,0.0
AEP,2026-08-07,shares_basis,0.0
AES,2026-08-07,shares_basis,0.0
AFL,2026-08-07,shares_basis,0.0
AIG,2026-08-07,shares_basis,0.0
AIZ,2026-08-07,shares_basis,0.0
AJG,2026-08-07,shares_basis,0.0
AKAM,2026-08-07,shares_basis,0.0
ALB,2026-08-07,shares_basis,0.0
ALGN,2026-08-07,shares_basis,0.0
ALL,2026-08-07,shares_basis,0.0
ALLE,2026-08-07,shares_basis,0.0
AMAT,2026-08-07,shares_basis,0.0
AMCR,2026-08-07,shares_basis,0.0
AMD,2026-08-07,shares_basis,0.0
AME,2026-08-07,shares_basis,0.0
AMGN,2026-08-07,shares_basis,0.0
AMP,2026-08-07,shares_basis,0.0
AMT,2026-08-07,shares_basis,0.0
AMZN,2026-08-07,shares_basis,0.0
ANET,2026-08-07,shares_basis,0.0
AON,2026-08-07,shares_basis,0.0
AOS,2026-08-07,shares_basis,0.0
APD,2026-08-07,shares_basis,0.0
APH,2026-08-07,shares_basis,0.0
APO,2026-08-07,shares_basis,0.0
APP,2026-08-07,shares_basis,0.0
APTV,2026-08-07,shares_basis,0.0
ARE,2026-08-07,shares_basis,0.0
ARES,2026-08-07,shares_basis,1.0
ATO,2026-08-07,shares_basis,0.0
AVB,2026-08-07,shares_basis,0.0
AVGO,2026-08-07,shares_basis,0.0
AVY,2026-08-07,shares_basis,0.0
AWK,2026-08-07,shares_basis,0.0
AXON,2026-08-07,shares_basis,0.0
AXP,2026-08-07,shares_basis,0.0
AZO,2026-08-07,shares_basis,0.0
BA,2026-08-07,shares_basis,0.0
BAC,2026-08-07,shares_basis,0.0
BALL,2026-08-07,shares_basis,0.0
BAX,2026-08-07,shares_basis,0.0
BBY,2026-08-07,shares_basis,0.0
BDX,2026-08-07,shares_basis,0.0
BEN,2026-08-07,shares_basis,0.0
BF-B,2026-08-07,shares_basis,0.0
BG,2026-08-07,shares_basis,0.0
BIIB,2026-08-07,shares_basis,0.0
BKNG,2026-08-07,shares_basis,0.0
BKR,2026-08-07,shares_basis,0.0
BLDR,2026-08-07,shares_basis,0.0
BLK,2026-08-07,shares_basis,0.0
BMY,2026-08-07,shares_basis,0.0
BNY,2026-08-07,shares_basis,0.0
BR,2026-08-07,shares_basis,0.0
BRO,2026-08-07,shares_basis,0.0
BSX,2026-08-07,shares_basis,0.0
BX,2026-08-07,shares_basis,0.0
BXP,2026-08-07,shares_basis,0.0
C,2026-08-07,shares_basis,0.0
CAG,2026-08-07,shares_basis,0.0
CAH,2026-08-07,shares_basis,0.0
CARR,2026-08-07,shares_basis,0.0
CASY,2026-08-07,shares_basis,0.0
CAT,2026-08-07,shares_basis,0.0
CB,2026-08-07,shares_basis,0.0
CBOE,2026-08-07,shares_basis,0.0
CBRE,2026-08-07,shares_basis,0.0
CCI,2026-08-07,shares_basis,0.0
CCL,2026-08-07,shares_basis,0.0
CDNS,2026-08-07,shares_basis,0.0
CDW,2026-08-07,shares_basis,0.0
CE,2026-08-07,shares_basis,0.0
CEG,2026-08-07,shares_basis,0.0
CF,2026-08-07,shares_basis,0.0
CFG,2026-08-07,shares_basis,0.0
CHD,2026-08-07,shares_basis,0.0
CHRW,2026-08-07,shares_basis,0.0
CHTR,2026-08-07,shares_basis,0.0
CI,2026-08-07,shares_basis,0.0
CIEN,2026-08-07,shares_basis,0.0
CINF,2026-08-07,shares_basis,0.0
CL,2026-08-07,shares_basis,0.0
CLX,2026-08-07,shares_basis,0.0
CMCSA,2026-08-07,shares_basis,0.0
CME,2026-08-07,shares_basis,0.0
CMG,2026-08-07,shares_basis,0.0
CMI,2026-08-07,shares_basis,0.0
CMS,2026-08-07,shares_basis,0.0
CNC,2026-08-07,shares_basis,0.0
CNP,2026-08-07,shares_basis,0.0
COF,2026-08-07,shares_basis,0.0
COHR,2026-08-07,shares_basis,0.0
COIN,2026-08-07,shares_basis,0.0
COO,2026-08-07,shares_basis,0.0
COP,2026-08-07,shares_basis,0.0
COR,2026-08-07,shares_basis,0.0
COST,2026-08-07,shares_basis,0.0
CPAY,2026-08-07,shares_basis,0.0
CPB,2026-08-07,shares_basis,0.0
CPRT,2026-08-07,shares_basis,0.0
CPT,2026-08-07,shares_basis,0.0
CRH,2026-08-07,shares_basis,0.0
CRL,2026-08-07,shares_basis,0.0
CRM,2026-08-07,shares_basis,0.0
CRWD,2026-08-07,shares_basis,0.0
CSCO,2026-08-07,shares_basis,0.0
CSGP,2026-08-07,shares_basis,0.0
CSX,2026-08-07,shares_basis,0.0
CTAS,2026-08-07,shares_basis,0.0
CTSH,2026-08-07,shares_basis,0.0
CTVA,2026-08-07,shares_basis,0.0
CVS,2026-08-07,shares_basis,0.0
CVX,2026-08-07,shares_basis,0.0
D,2026-08-07,shares_basis,0.0
DAL,2026-08-07,shares_basis,0.0
DASH,2026-08-07,shares_basis,0.0
DD,2026-08-07,shares_basis,0.0
DDOG,2026-08-07,shares_basis,0.0
DE,2026-08-07,shares_basis,0.0
DECK,2026-08-07,shares_basis,0.0
DELL,2026-08-07,shares_basis,0.0
DG,2026-08-07,shares_basis,0.0
DGX,2026-08-07,shares_basis,0.0
DHI,2026-08-07,shares_basis,0.0
DHR,2026-08-07,shares_basis,0.0
DIS,2026-08-07,shares_basis,0.0
DLR,2026-08-07,shares_basis,0.0
DLTR,2026-08-07,shares_basis,0.0
DOC,2026-08-07,shares_basis,0.0
DOV,2026-08-07,shares_basis,0.0
DOW,2026-08-07,shares_basis,0.0
DPZ,2026-08-07,shares_basis,0.0
DRI,2026-08-07,shares_basis,0.0
DTE,2026-08-07,shares_basis,0.0
DUK,2026-08-07,shares_basis,0.0
DVA,2026-08-07,shares_basis,0.0
DVN,2026-08-07,shares_basis,0.0
DXCM,2026-08-07,shares_basis,0.0
EA,2026-08-07,shares_basis,0.0
EBAY,2026-08-07,shares_basis,0.0
ECL,2026-08-07,shares_basis,0.0
ED,2026-08-07,shares_basis,0.0
EFX,2026-08-07,shares_basis,0.0
EG,2026-08-07,shares_basis,0.0
EIX,2026-08-07,shares_basis,0.0
EL,2026-08-07,shares_basis,0.0
ELV,2026-08-07,shares_basis,0.0
EME,2026-08-07,shares_basis,0.0
EMR,2026-08-07,shares_basis,0.0
EOG,2026-08-07,shares_basis,0.0
EQIX,2026-08-07,shares_basis,0.0
EQR,2026-08-07,shares_basis,0.0
EQT,2026-08-07,shares_basis,0.0
ES,2026-08-07,shares_basis,0.0
ESS,2026-08-07,shares_basis,0.0
ETN,2026-08-07,shares_basis,0.0
ETR,2026-08-07,shares_basis,0.0
EVRG,2026-08-07,shares_basis,0.0
EW,2026-08-07,shares_basis,0.0
EXC,2026-08-07,shares_basis,0.0
EXE,2026-08-07,shares_basis,0.0
EXPD,2026-08-07,shares_basis,0.0
EXPE,2026-08-07,shares_basis,0.0
EXR,2026-08-07,shares_basis,0.0
F,2026-08-07,shares_basis,0.0
FANG,2026-08-07,shares_basis,0.0
FAST,2026-08-07,shares_basis,0.0
FCX,2026-08-07,shares_basis,0.0
FDS,2026-08-07,shares_basis,0.0
FDX,2026-08-07,shares_basis,0.0
FE,2026-08-07,shares_basis,0.0
FFIV,2026-08-07,shares_basis,0.0
FICO,2026-08-07,shares_basis,0.0
FIS,2026-08-07,shares_basis,0.0
FISV,2026-08-07,shares_basis,0.0
FITB,2026-08-07,shares_basis,0.0
FIX,2026-08-07,shares_basis,0.0
FLEX,2026-08-07,shares_basis,0.0
FOX,2026-08-07,shares_basis,0.0
FOXA,2026-08-07,shares_basis,0.0
FRT,2026-08-07,shares_basis,0.0
FSLR,2026-08-07,shares_basis,0.0
FTNT,2026-08-07,shares_basis,0.0
FTV,2026-08-07,shares_basis,0.0
GD,2026-08-07,shares_basis,0.0
GDDY,2026-08-07,shares_basis,0.0
GE,2026-08-07,shares_basis,0.0
GEHC,2026-08-07,shares_basis,0.0
GEN,2026-08-07,shares_basis,0.0
GEV,2026-08-07,shares_basis,0.0
GILD,2026-08-07,shares_basis,0.0
GIS,2026-08-07,shares_basis,0.0
GL,2026-08-07,shares_basis,0.0
GLW,2026-08-07,shares_basis,0.0
GM,2026-08-07,shares_basis,0.0
GNRC,2026-08-07,shares_basis,0.0
GOOG,2026-08-07,shares_basis,0.0
GOOGL,2026-08-07,shares_basis,0.0
GPC,2026-08-07,shares_basis,0.0
GPN,2026-08-07,shares_basis,0.0
GRMN,2026-08-07,shares_basis,0.0
GS,2026-08-07,shares_basis,0.0
GWW,2026-08-07,shares_basis,0.0
HAL,2026-08-07,shares_basis,0.0
HAS,2026-08-07,shares_basis,0.0
HBAN,2026-08-07,shares_basis,0.0
HCA,2026-08-07,shares_basis,0.0
HD,2026-08-07,shares_basis,0.0
HIG,2026-08-07,shares_basis,0.0
HII,2026-08-07,shares_basis,0.0
HLT,2026-08-07,shares_basis,0.0
HON,2026-08-07,shares_basis,0.0
HOOD,2026-08-07,shares_basis,0.0
HPE,2026-08-07,shares_basis,0.0
HPQ,2026-08-07,shares_basis,0.0
HRL,2026-08-07,shares_basis,0.0
HSIC,2026-08-07,shares_basis,0.0
HST,2026-08-07,shares_basis,0.0
HSY,2026-08-07,shares_basis,1.0
HUBB,2026-08-07,shares_basis,0.0
HUM,2026-08-07,shares_basis,0.0
HWM,2026-08-07,shares_basis,0.0
IBKR,2026-08-07,shares_basis,0.0
IBM,2026-08-07,shares_basis,0.0
ICE,2026-08-07,shares_basis,0.0
IDXX,2026-08-07,shares_basis,0.0
IEX,2026-08-07,shares_basis,0.0
IFF,2026-08-07,shares_basis,0.0
INCY,2026-08-07,shares_basis,0.0
INTC,2026-08-07,shares_basis,0.0
INTU,2026-08-07,shares_basis,0.0
INVH,2026-08-07,shares_basis,0.0
IP,2026-08-07,shares_basis,0.0
IQV,2026-08-07,shares_basis,0.0
IR,2026-08-07,shares_basis,0.0
IRM,2026-08-07,shares_basis,0.0
ISRG,2026-08-07,shares_basis,0.0
IT,2026-08-07,shares_basis,0.0
ITW,2026-08-07,shares_basis,0.0
IVZ,2026-08-07,shares_basis,0.0
J,2026-08-07,shares_basis,0.0
JBHT,2026-08-07,shares_basis,0.0
JBL,2026-08-07,shares_basis,0.0
JCI,2026-08-07,shares_basis,0.0
JKHY,2026-08-07,shares_basis,0.0
JNJ,2026-08-07,shares_basis,0.0
JPM,2026-08-07,shares_basis,0.0
KDP,2026-08-07,shares_basis,0.0
KEY,2026-08-07,shares_basis,0.0
KEYS,2026-08-07,shares_basis,0.0
KHC,2026-08-07,shares_basis,0.0
KIM,2026-08-07,shares_basis,0.0
KKR,2026-08-07,shares_basis,1.0
KLAC,2026-08-07,shares_basis,0.0
KMB,2026-08-07,shares_basis,0.0
KMI,2026-08-07,shares_basis,0.0
KO,2026-08-07,shares_basis,0.0
KR,2026-08-07,shares_basis,0.0
KVUE,2026-08-07,shares_basis,0.0
L,2026-08-07,shares_basis,0.0
LDOS,2026-08-07,shares_basis,0.0
LEN,2026-08-07,shares_basis,0.0
LH,2026-08-07,shares_basis,0.0
LHX,2026-08-07,shares_basis,0.0
LII,2026-08-07,shares_basis,0.0
LIN,2026-08-07,shares_basis,0.0
LITE,2026-08-07,shares_basis,0.0
LLY,2026-08-07,shares_basis,0.0
LMT,2026-08-07,shares_basis,0.0
LNT,2026-08-07,shares_basis,0.0
LOW,2026-08-07,shares_basis,0.0
LRCX,2026-08-07,shares_basis,0.0
LULU,2026-08-07,shares_basis,0.0
LUV,2026-08-07,shares_basis,0.0
LVS,2026-08-07,shares_basis,0.0
LYB,2026-08-07,shares_basis,1.0
LYV,2026-08-07,shares_basis,0.0
MA,2026-08-07,shares_basis,0.0
MAA,2026-08-07,shares_basis,0.0
MAR,2026-08-07,shares_basis,0.0
MAS,2026-08-07,shares_basis,0.0
MCD,2026-08-07,shares_basis,0.0
MCHP,2026-08-07,shares_basis,0.0
MCK,2026-08-07,shares_basis,0.0
MCO,2026-08-07,shares_basis,0.0
MDLZ,2026-08-07,shares_basis,0.0
MDT,2026-08-07,shares_basis,0.0
MET,2026-08-07,shares_basis,0.0
META,2026-08-07,shares_basis,0.0
MGM,2026-08-07,shares_basis,0.0
MKC,2026-08-07,shares_basis,0.0
MLM,2026-08-07,shares_basis,0.0
MMM,2026-08-07,shares_basis,0.0
MNST,2026-08-07,shares_basis,0.0
MO,2026-08-07,shares_basis,0.0
MOS,2026-08-07,shares_basis,0.0
MPC,2026-08-07,shares_basis,0.0
MPWR,2026-08-07,shares_basis,0.0
MRK,2026-08-07,shares_basis,0.0
MRSH,2026-08-07,shares_basis,0.0
MRVL,2026-08-07,shares_basis,0.0
MS,2026-08-07,shares_basis,0.0
MSCI,2026-08-07,shares_basis,0.0
MSFT,2026-08-07,shares_basis,0.0
MSI,2026-08-07,shares_basis,0.0
MTB,2026-08-07,shares_basis,0.0
MTD,2026-08-07,shares_basis,0.0
MU,2026-08-07,shares_basis,0.0
NCLH,2026-08-07,shares_basis,0.0
NDAQ,2026-08-07,shares_basis,0.0
NDSN,2026-08-07,shares_basis,0.0
NEE,2026-08-07,shares_basis,0.0
NEM,2026-08-07,shares_basis,0.0
NFLX,2026-08-07,shares_basis,0.0
NI,2026-08-07,shares_basis,0.0
NKE,2026-08-07,shares_basis,0.0
NOC,2026-08-07,shares_basis,0.0
NOW,2026-08-07,shares_basis,0.0
NRG,2026-08-07,shares_basis,0.0
NSC,2026-08-07,shares_basis,0.0
NTAP,2026-08-07,shares_basis,0.0
NTRS,2026-08-07,shares_basis,0.0
NUE,2026-08-07,shares_basis,0.0
NVDA,2026-08-07,shares_basis,0.0
NWS,2026-08-07,shares_basis,0.0
NWSA,2026-08-07,shares_basis,0.0
NXPI,2026-08-07,shares_basis,0.0
O,2026-08-07,shares_basis,0.0
ODFL,2026-08-07,shares_basis,0.0
OKE,2026-08-07,shares_basis,0.0
OMC,2026-08-07,shares_basis,0.0
ON,2026-08-07,shares_basis,0.0
ORCL,2026-08-07,shares_basis,0.0
ORLY,2026-08-07,shares_basis,0.0
OTIS,2026-08-07,shares_basis,0.0
OXY,2026-08-07,shares_basis,0.0
PANW,2026-08-07,shares_basis,0.0
PAYX,2026-08-07,shares_basis,0.0
PCAR,2026-08-07,shares_basis,0.0
PCG,2026-08-07,shares_basis,0.0
PEG,2026-08-07,shares_basis,0.0
PEP,2026-08-07,shares_basis,0.0
PFE,2026-08-07,shares_basis,0.0
PFG,2026-08-07,shares_basis,0.0
PG,2026-08-07,shares_basis,0.0
PGR,2026-08-07,shares_basis,0.0
PH,2026-08-07,shares_basis,0.0
PKG,2026-08-07,shares_basis,0.0
PLD,2026-08-07,shares_basis,0.0
PLTR,2026-08-07,shares_basis,0.0
PM,2026-08-07,shares_basis,0.0
PNC,2026-08-07,shares_basis,0.0
PNR,2026-08-07,shares_basis,0.0
PNW,2026-08-07,shares_basis,0.0
PODD,2026-08-07,shares_basis,0.0
POOL,2026-08-07,shares_basis,0.0
PPG,2026-08-07,shares_basis,0.0
PPL,2026-08-07,shares_basis,0.0
PRU,2026-08-07,shares_basis,0.0
PSA,2026-08-07,shares_basis,0.0
PSKY,2026-08-07,shares_basis,0.0
PSX,2026-08-07,shares_basis,0.0
PTC,2026-08-07,shares_basis,0.0
PWR,2026-08-07,shares_basis,0.0
PYPL,2026-08-07,shares_basis,0.0
Q,2026-08-07,shares_basis,0.0
QCOM,2026-08-07,shares_basis,0.0
RCL,2026-08-07,shares_basis,0.0
RDDT,2026-08-07,shares_basis,0.0
REG,2026-08-07,shares_basis,1.0
REGN,2026-08-07,shares_basis,0.0
RF,2026-08-07,shares_basis,0.0
RJF,2026-08-07,shares_basis,0.0
RL,2026-08-07,shares_basis,0.0
RMD,2026-08-07,shares_basis,0.0
ROK,2026-08-07,shares_basis,0.0
ROL,2026-08-07,shares_basis,0.0
ROP,2026-08-07,shares_basis,0.0
ROST,2026-08-07,shares_basis,0.0
RSG,2026-08-07,shares_basis,0.0
RTX,2026-08-07,shares_basis,0.0
RVTY,2026-08-07,shares_basis,0.0
SATS,2026-08-07,shares_basis,0.0
SBAC,2026-08-07,shares_basis,0.0
SBUX,2026-08-07,shares_basis,0.0
SCHW,2026-08-07,shares_basis,0.0
SHW,2026-08-07,shares_basis,0.0
SJM,2026-08-07,shares_basis,1.0
SLB,2026-08-07,shares_basis,0.0
SMCI,2026-08-07,shares_basis,0.0
SNA,2026-08-07,shares_basis,0.0
SNDK,2026-08-07,shares_basis,0.0
SNPS,2026-08-07,shares_basis,0.0
SO,2026-08-07,shares_basis,0.0
SOFI,2026-08-07,shares_basis,0.0
SOLV,2026-08-07,shares_basis,0.0
SPG,2026-08-07,shares_basis,0.0
SPGI,2026-08-07,shares_basis,0.0
SRE,2026-08-07,shares_basis,0.0
STE,2026-08-07,shares_basis,0.0
STLD,2026-08-07,shares_basis,0.0
STT,2026-08-07,shares_basis,0.0
STX,2026-08-07,shares_basis,0.0
SW,2026-08-07,shares_basis,0.0
SWK,2026-08-07,shares_basis,0.0
SWKS,2026-08-07,shares_basis,0.0
SYF,2026-08-07,shares_basis,0.0
SYK,2026-08-07,shares_basis,0.0
SYY,2026-08-07,shares_basis,0.0
T,2026-08-07,shares_basis,0.0
TAP,2026-08-07,shares_basis,0.0
TDG,2026-08-07,shares_basis,0.0
TDY,2026-08-07,shares_basis,0.0
TECH,2026-08-07,shares_basis,0.0
TEL,2026-08-07,shares_basis,0.0
TER,2026-08-07,shares_basis,0.0
TFC,2026-08-07,shares_basis,0.0
TGT,2026-08-07,shares_basis,0.0
TJX,2026-08-07,shares_basis,0.0
TKO,2026-08-07,shares_basis,0.0
TMO,2026-08-07,shares_basis,0.0
TMUS,2026-08-07,shares_basis,0.0
TPL,2026-08-07,shares_basis,0.0
TPR,2026-08-07,shares_basis,0.0
TRGP,2026-08-07,shares_basis,0.0
TRMB,2026-08-07,shares_basis,0.0
TROW,2026-08-07,shares_basis,0.0
TRV,2026-08-07,shares_basis,0.0
TSCO,2026-08-07,shares_basis,0.0
TSLA,2026-08-07,shares_basis,0.0
TSN,2026-08-07,shares_basis,0.0
TT,2026-08-07,shares_basis,0.0
TTD,2026-08-07,shares_basis,0.0
TTWO,2026-08-07,shares_basis,0.0
TXN,2026-08-07,shares_basis,0.0
TXT,2026-08-07,shares_basis,0.0
TYL,2026-08-07,shares_basis,0.0
UAL,2026-08-07,shares_basis,0.0
UBER,2026-08-07,shares_basis,0.0
UDR,2026-08-07,shares_basis,0.0
UHS,2026-08-07,shares_basis,0.0
ULTA,2026-08-07,shares_basis,0.0
UNH,2026-08-07,shares_basis,0.0
UNP,2026-08-07,shares_basis,0.0
UPS,2026-08-07,shares_basis,0.0
URI,2026-08-07,shares_basis,0.0
USB,2026-08-07,shares_basis,0.0
VEEV,2026-08-07,shares_basis,0.0
VICI,2026-08-07,shares_basis,0.0
VLO,2026-08-07,shares_basis,0.0
VLTO,2026-08-07,shares_basis,0.0
VMC,2026-08-07,shares_basis,0.0
VRSK,2026-08-07,shares_basis,0.0
VRSN,2026-08-07,shares_basis,0.0
VRT,2026-08-07,shares_basis,0.0
VRTX,2026-08-07,shares_basis,0.0
VST,2026-08-07,shares_basis,0.0
VTR,2026-08-07,shares_basis,0.0
VTRS,2026-08-07,shares_basis,0.0
VZ,2026-08-07,shares_basis,0.0
WAB,2026-08-07,shares_basis,0.0
WAT,2026-08-07,shares_basis,1.0
WBD,2026-08-07,shares_basis,0.0
WDAY,2026-08-07,shares_basis,0.0
WDC,2026-08-07,shares_basis,0.0
WEC,2026-08-07,shares_basis,0.0
WELL,2026-08-07,shares_basis,0.0
WFC,2026-08-07,shares_basis,0.0
WM,2026-08-07,shares_basis,0.0
WMB,2026-08-07,shares_basis,0.0
WMT,2026-08-07,shares_basis,0.0
WRB,2026-08-07,shares_basis,0.0
WSM,2026-08-07,shares_basis,0.0
WST,2026-08-07,shares_basis,0.0
WTW,2026-08-07,shares_basis,0.0
WY,2026-08-07,shares_basis,0.0
WYNN,2026-08-07,shares_basis,0.0
XEL,2026-08-07,shares_basis,0.0
XOM,2026-08-07,shares_basis,0.0
XYL,2026-08-07,shares_basis,0.0
XYZ,2026-08-07,shares_basis,0.0
YUM,2026-08-07,shares_basis,0.0
ZBH,2026-08-07,shares_basis,0.0
ZBRA,2026-08-07,shares_basis,0.0
ZTS,2026-08-07,shares_basis,0.0
A,2026-08-07,eps_ttm,4.996466431095406
AAPL,2026-08-07,eps_ttm,8.762000604022814
ABBV,2026-08-07,eps_ttm,3.5629587803500846
ABNB,2026-08-07,eps_ttm,4.508001675041876
ABT,2026-08-07,eps_ttm,3.592294082731517
ACGL,2026-08-07,eps_ttm,13.45183486238532
ACN,2026-08-07,eps_ttm,12.654053610895629
ADBE,2026-08-07,eps_ttm,17.960248447204968
ADI,2026-08-07,eps_ttm,6.75579152547211
ADM,2026-08-07,eps_ttm,3.649484536082474
ADP,2026-08-07,eps_ttm,10.943218447805604
ADSK,2026-08-07,eps_ttm,6.900943396226415
AEE,2026-08-07,eps_ttm,5.608180839612486
AEP,2026-08-07,eps_ttm,6.679046868095519
AES,2026-08-07,eps_ttm,2.618181818181818
AFL,2026-08-07,eps_ttm,9.616715917227411
AIG,2026-08-07,eps_ttm,5.556861860601002
AIZ,2026-08-07,eps_ttm,21.34195825380519
AJG,2026-08-07,eps_ttm,6.115309700038956
AKAM,2026-08-07,eps_ttm,2.900767887376518
ALB,2026-08-07,eps_ttm,1.6457947904736734
ALGN,2026-08-07,eps_ttm,5.777782438478747
ALL,2026-08-07,eps_ttm,50.90312620609803
ALLE,2026-08-07,eps_ttm,7.658139534883721
AMAT,2026-08-07,eps_ttm,10.648310387984981
AMCR,2026-08-07,eps_ttm,1.4618369987063389
AMD,2026-08-07,eps_ttm,3.8782399035563593
AME,2026-08-07,eps_ttm,6.857671140501621
AMGN,2026-08-07,eps_ttm,16.071691176470587
AMP,2026-08-07,eps_ttm,42.497308934338
AMZN,2026-08-07,eps_ttm,12.407685957993213
ANET,2026-08-07,eps_ttm,3.1697492163009406
AON,2026-08-07,eps_ttm,18.298270219728845
AOS,2026-08-07,eps_ttm,3.628975937372536
APD,2026-08-07,eps_ttm,-0.2122980251346499
APH,2026-08-07,eps_ttm,3.9893732547316163
APO,2026-08-07,eps_ttm,1.7600961392417267
APP,2026-08-07,eps_ttm,13.085446145903493
APTV,2026-08-07,eps_ttm,1.0372465818010372
ARES,2026-08-07,eps_ttm,1.4080555583948
ATO,2026-08-07,eps_ttm,8.280155159587657
AVGO,2026-08-07,eps_ttm,2.4931418774110585
AVY,2026-08-07,eps_ttm,9.226439790575917
AWK,2026-08-07,eps_ttm,5.755102040816326
AXON,2026-08-07,eps_ttm,2.414533383409457
AXP,2026-08-07,eps_ttm,16.855670103092784
AZO,2026-08-07,eps_ttm,147.0522786612865
BA,2026-08-07,eps_ttm,3.079939286617759
BAC,2026-08-07,eps_ttm,4.6139398426146805
BALL,2026-08-07,eps_ttm,3.544970970169088
BAX,2026-08-07,eps_ttm,-2.052123552123552
BBY,2026-08-07,eps_ttm,5.409370563180312
BDX,2026-08-07,eps_ttm,3.419853320637597
BEN,2026-08-07,eps_ttm,1.5751937984496125
BF-B,2026-08-07,eps_ttm,1.5319251049315132
BG,2026-08-07,eps_ttm,3.4894355041070733
BIIB,2026-08-07,eps_ttm,9.245283018867925
BKNG,2026-08-07,eps_ttm,9.362337662337662
BKR,2026-08-07,eps_ttm,-0.04714640198511166
BLDR,2026-08-07,eps_ttm,0.9533858911903611
BLK,2026-08-07,eps_ttm,39.93980701809219
BMY,2026-08-07,eps_ttm,4.5322265625
BNY,2026-08-07,eps_ttm,9.099668748365772
BR,2026-08-07,eps_ttm,9.60204953031597
BRO,2026-08-07,eps_ttm,3.6077844311377247
BSX,2026-08-07,eps_ttm,2.4918633034987794
BX,2026-08-07,eps_ttm,3.884147694906517
C,2026-08-07,eps_ttm,7.63760610752229
CAG,2026-08-07,eps_ttm,-4.000417536534447
CAH,2026-08-07,eps_ttm,7.012658227848101
CARR,2026-08-07,eps_ttm,1.554342667299478
CASY,2026-08-07,eps_ttm,19.163527969105875
CAT,2026-08-07,eps_ttm,23.446486486486485
CB,2026-08-07,eps_ttm,28.63409579957303
CBOE,2026-08-07,eps_ttm,12.898951382268827
CBRE,2026-08-07,eps_ttm,4.42728418657904
CCL,2026-08-07,eps_ttm,2.2110951008645534
CDNS,2026-08-07,eps_ttm,4.277903004840625
CDW,2026-08-07,eps_ttm,8.479591836734693
CE,2026-08-07,eps_ttm,-10.60321807396435
CEG,2026-08-07,eps_ttm,9.625
CF,2026-08-07,eps_ttm,13.63872644574399
CFG,2026-08-07,eps_ttm,4.9826352116108765
CHD,2026-08-07,eps_ttm,3.126784214945424
CHRW,2026-08-07,eps_ttm,5.288699050529849
CHTR,2026-08-07,eps_ttm,40.608411316561394
CIEN,2026-08-07,eps_ttm,2.9956121765517993
CINF,2026-08-07,eps_ttm,21.36801541425819
CL,2026-08-07,eps_ttm,2.540533798952357
CLX,2026-08-07,eps_ttm,6.207559099082825
CMCSA,2026-08-07,eps_ttm,3.1372549019607843
CME,2026-08-07,eps_ttm,11.831201111597036
CMG,2026-08-07,eps_ttm,1.1099092774091055
CMI,2026-08-07,eps_ttm,19.6028880866426
CMS,2026-08-07,eps_ttm,3.301158301158301
CNC,2026-08-07,eps_ttm,-10.248434099554494
CNP,2026-08-07,eps_ttm,1.624221063917876
COF,2026-08-07,eps_ttm,5.170035290343279
COHR,2026-08-07,eps_ttm,2.387616045465888
COIN,2026-08-07,eps_ttm,-3.5992779372238166
COO,2026-08-07,eps_ttm,1.2092307692307693
COP,2026-08-07,eps_ttm,7.644193353125991
COR,2026-08-07,eps_ttm,13.533767479272367
COST,2026-08-07,eps_ttm,19.886146299754742
CPAY,2026-08-07,eps_ttm,17.194351504171355
CPB,2026-08-07,eps_ttm,2.0334448160535117
CPRT,2026-08-07,eps_ttm,1.6474866616460007
CRH,2026-08-07,eps_ttm,5.738636363636363
CRL,2026-08-07,eps_ttm,-4.965702505153995
CRM,2026-08-07,eps_ttm,9.211251435132032
CRWD,2026-08-07,eps_ttm,-0.0899019315110458
CSCO,2026-08-07,eps_ttm,3.003013561024611
CSGP,2026-08-07,eps_ttm,0.18076162215628092
CSX,2026-08-07,eps_ttm,1.7337278106508875
CTAS,2026-08-07,eps_ttm,4.786641035587831
CTSH,2026-08-07,eps_ttm,4.672955974842767
CTVA,2026-08-07,eps_ttm,1.5064198268139743
CVS,2026-08-07,eps_ttm,3.7995337995337994
CVX,2026-08-07,eps_ttm,10.425869847758605
D,2026-08-07,eps_ttm,3.3564367685490284
DAL,2026-08-07,eps_ttm,6.004559270516717
DASH,2026-08-07,eps_ttm,1.9142132037464863
DD,2026-08-07,eps_ttm,0.402046783625731
DDOG,2026-08-07,eps_ttm,0.4785228948070605
DE,2026-08-07,eps_ttm,17.66248153618907
DECK,2026-08-07,eps_ttm,7.324244545644816
DELL,2026-08-07,eps_ttm,12.81859756097561
DG,2026-08-07,eps_ttm,7.061369657743535
DGX,2026-08-07,eps_ttm,9.482142857142858
DHI,2026-08-07,eps_ttm,10.787632508833923
DHR,2026-08-07,eps_ttm,5.65856416054268
DIS,2026-08-07,eps_ttm,4.934021801491681
DLTR,2026-08-07,eps_ttm,6.5167173252279635
DOV,2026-08-07,eps_ttm,8.371264376295619
DOW,2026-08-07,eps_ttm,-3.937881308929562
DPZ,2026-08-07,eps_ttm,17.90379468978017
DRI,2026-08-07,eps_ttm,10.375752364574376
DTE,2026-08-07,eps_ttm,6.076923076923077
DUK,2026-08-07,eps_ttm,6.596919127086008
DVA,2026-08-07,eps_ttm,17.844655934152392
DVN,2026-08-07,eps_ttm,3.4893617021276597
DXCM,2026-08-07,eps_ttm,2.562676236862343
EA,2026-08-07,eps_ttm,4.2637795275590555
EBAY,2026-08-07,eps_ttm,4.883516483516484
ECL,2026-08-07,eps_ttm,7.499645641389086
ED,2026-08-07,eps_ttm,5.913830954994512
EFX,2026-08-07,eps_ttm,5.800335570469799
EG,2026-08-07,eps_ttm,49.3041237113402
EIX,2026-08-07,eps_ttm,9.18346253229974
EL,2026-08-07,eps_ttm,-0.6787082649151615
ELV,2026-08-07,eps_ttm,22.776502983019732
EME,2026-08-07,eps_ttm,32.302233834686476
EMR,2026-08-07,eps_ttm,4.594546426661914
EOG,2026-08-07,eps_ttm,12.998109640831759
EQT,2026-08-07,eps_ttm,4.310657834286359
ES,2026-08-07,eps_ttm,3.8445101052939736
ETN,2026-08-07,eps_ttm,9.830551989730424
ETR,2026-08-07,eps_ttm,3.853809503281812
EVRG,2026-08-07,eps_ttm,3.744057724957555
EW,2026-08-07,eps_ttm,1.7397853185595569
EXC,2026-08-07,eps_ttm,2.7085769980506824
EXE,2026-08-07,eps_ttm,13.403444938714648
EXPD,2026-08-07,eps_ttm,6.993872362451664
EXPE,2026-08-07,eps_ttm,16.67047457405836
F,2026-08-07,eps_ttm,-1.4996315401621223
FANG,2026-08-07,eps_ttm,4.800819339833998
FAST,2026-08-07,eps_ttm,1.175451866352759
FCX,2026-08-07,eps_ttm,2.040887040887041
FDS,2026-08-07,eps_ttm,15.638418391312758
FDX,2026-08-07,eps_ttm,18.548117154811717
FE,2026-08-07,eps_ttm,1.8362068965517242
FFIV,2026-08-07,eps_ttm,12.623979148566464
FICO,2026-08-07,eps_ttm,35.89908822622561
FIS,2026-08-07,eps_ttm,6.522243713733076
FISV,2026-08-07,eps_ttm,5.248266816563612
FITB,2026-08-07,eps_ttm,2.5612489580965336
FIX,2026-08-07,eps_ttm,40.68760991660521
FLEX,2026-08-07,eps_ttm,2.328042328042328
FOX,2026-08-07,eps_ttm,3.838268792710706
FOXA,2026-08-07,eps_ttm,3.838268792710706
FSLR,2026-08-07,eps_ttm,16.20701370066461
FTNT,2026-08-07,eps_ttm,2.8662558251115016
FTV,2026-08-07,eps_ttm,1.5895140664961638
GD,2026-08-07,eps_ttm,15.835610241893415
GDDY,2026-08-07,eps_ttm,6.949173244576087
GE,2026-08-07,eps_ttm,8.56924546322827
GEHC,2026-08-07,eps_ttm,4.179431072210066
GEN,2026-08-07,eps_ttm,1.5718901453957996
GEV,2026-08-07,eps_ttm,35.29259259259259
GILD,2026-08-07,eps_ttm,-2.6065969428801288
GIS,2026-08-07,eps_ttm,-0.1629161242328436
GL,2026-08-07,eps_ttm,15.361957000881215
GLW,2026-08-07,eps_ttm,2.0780711825487943
GM,2026-08-07,eps_ttm,2.232967032967033
GNRC,2026-08-07,eps_ttm,4.360510620470405
GOOG,2026-08-07,eps_ttm,19.83954829799334
GOOGL,2026-08-07,eps_ttm,19.83954829799334
GPC,2026-08-07,eps_ttm,0.23747436166897382
GPN,2026-08-07,eps_ttm,-3.4584306684190067
GRMN,2026-08-07,eps_ttm,8.969576111383773
GS,2026-08-07,eps_ttm,68.78648737290915
GWW,2026-08-07,eps_ttm,39.61864406779661
HAL,2026-08-07,eps_ttm,1.9116945107398569
HAS,2026-08-07,eps_ttm,5.549266247379455
HBAN,2026-08-07,eps_ttm,1.1611835338176948
HCA,2026-08-07,eps_ttm,29.975469000935355
HD,2026-08-07,eps_ttm,14.072289156626505
HIG,2026-08-07,eps_ttm,15.798045602605864
HII,2026-08-07,eps_ttm,16.734177215189874
HLT,2026-08-07,eps_ttm,6.91703056768559
HON,2026-08-07,eps_ttm,25.778405524168235
HOOD,2026-08-07,eps_ttm,2.2719298245614037
HPE,2026-08-07,eps_ttm,1.0865921787709498
HPQ,2026-08-07,eps_ttm,2.76
HRL,2026-08-07,eps_ttm,0.8474628572465807
HSIC,2026-08-07,eps_ttm,3.7066058517550333
HSY,2026-08-07,eps_ttm,4.354469029468281
HUBB,2026-08-07,eps_ttm,16.99249530956848
HUM,2026-08-07,eps_ttm,9.365779265988131
HWM,2026-08-07,eps_ttm,4.654228855721393
IBKR,2026-08-07,eps_ttm,2.501732816570426
IBM,2026-08-07,eps_ttm,11.250823741255164
ICE,2026-08-07,eps_ttm,7.134275618374558
IDXX,2026-08-07,eps_ttm,14.36927577163607
IEX,2026-08-07,eps_ttm,7.001347708894879
INCY,2026-08-07,eps_ttm,6.922723976212349
INTC,2026-08-07,eps_ttm,-2.211794670846395
INTU,2026-08-07,eps_ttm,16.608695652173914
IP,2026-08-07,eps_ttm,-6.492917847025495
IQV,2026-08-07,eps_ttm,8.15665488810365
IR,2026-08-07,eps_ttm,2.447307986731309
ISRG,2026-08-07,eps_ttm,8.784774699132381
IT,2026-08-07,eps_ttm,11.641759661164597
ITW,2026-08-07,eps_ttm,11.128919860627178
IVZ,2026-08-07,eps_ttm,-0.6804577464788732
J,2026-08-07,eps_ttm,2.846372520984373
JBHT,2026-08-07,eps_ttm,7.104240394337715
JBL,2026-08-07,eps_ttm,8.093896713615024
JCI,2026-08-07,eps_ttm,5.750814332247557
JKHY,2026-08-07,eps_ttm,7.212648309205591
JNJ,2026-08-07,eps_ttm,8.621367976722265
JPM,2026-08-07,eps_ttm,24.132952267834607
KDP,2026-08-07,eps_ttm,1.343403974481191
KEY,2026-08-07,eps_ttm,1.8796157065503218
KEYS,2026-08-07,eps_ttm,6.092485549132948
KHC,2026-08-07,eps_ttm,-2.863406408094435
KKR,2026-08-07,eps_ttm,3.5108678132201145
KLAC,2026-08-07,eps_ttm,3.660692783523904
KMB,2026-08-07,eps_ttm,5.865586558655866
KMI,2026-08-07,eps_ttm,1.5582022471910113
KO,2026-08-07,eps_ttm,3.1759388038942977
KVUE,2026-08-07,eps_ttm,0.8621944877795111
L,2026-08-07,eps_ttm,8.206450357542442
LDOS,2026-08-07,eps_ttm,10.920634920634921
LEN,2026-08-07,eps_ttm,6.708970163139183
LH,2026-08-07,eps_ttm,12.229268292682926
LHX,2026-08-07,eps_ttm,10.00533902829685
LII,2026-08-07,eps_ttm,22.67142857142857
LIN,2026-08-07,eps_ttm,15.594491553701324
LITE,2026-08-07,eps_ttm,4.572765072765073
LLY,2026-08-07,eps_ttm,29.888329417030324
LMT,2026-08-07,eps_ttm,27.204673301601037
LNT,2026-08-07,eps_ttm,3.1723338485316845
LOW,2026-08-07,eps_ttm,11.860714285714286
LRCX,2026-08-07,eps_ttm,5.335296760980653
LULU,2026-08-07,eps_ttm,12.639710084688524
LUV,2026-08-07,eps_ttm,1.6977687626774849
LVS,2026-08-07,eps_ttm,2.6326219512195124
LYB,2026-08-07,eps_ttm,11.494623655913978
LYV,2026-08-07,eps_ttm,0.551966993799788
MA,2026-08-07,eps_ttm,18.41109852774632
MAR,2026-08-07,eps_ttm,9.780718336483933
MAS,2026-08-07,eps_ttm,4.102941176470588
MCD,2026-08-07,eps_ttm,12.356911826747293
MCHP,2026-08-07,eps_ttm,0.8690281562216167
MCK,2026-08-07,eps_ttm,38.52348993288591
MCO,2026-08-07,eps_ttm,16.017191977077363
MDLZ,2026-08-07,eps_ttm,2.0287713841368586
MDT,2026-08-07,eps_ttm,3.7271950935486373
MET,2026-08-07,eps_ttm,5.2867522028134175
META,2026-08-07,eps_ttm,27.53003120124805
MGM,2026-08-07,eps_ttm,1.6524259188851558
MKC,2026-08-07,eps_ttm,6.011887072808321
MLM,2026-08-07,eps_ttm,40.81395348837209
MMM,2026-08-07,eps_ttm,5.73698315467075
MNST,2026-08-07,eps_ttm,2.152468590632679
MO,2026-08-07,eps_ttm,4.774251497005988
MOS,2026-08-07,eps_ttm,-2.0075495438817237
MPC,2026-08-07,eps_ttm,29.49655172413793
MPWR,2026-08-07,eps_ttm,16.279861956963053
MRK,2026-08-07,eps_ttm,3.6144822006472492
MRSH,2026-08-07,eps_ttm,8.257261410788383
MRVL,2026-08-07,eps_ttm,2.8285010634725176
MS,2026-08-07,eps_ttm,12.845761631612492
MSCI,2026-08-07,eps_ttm,18.629012345679012
MSFT,2026-08-07,eps_ttm,17.94565946598685
MSI,2026-08-07,eps_ttm,12.763157894736842
MTB,2026-08-07,eps_ttm,20.666675751918124
MTD,2026-08-07,eps_ttm,44.9071515257783
MU,2026-08-07,eps_ttm,44.07772925764192
NCLH,2026-08-07,eps_ttm,1.6397258151645404
NDAQ,2026-08-07,eps_ttm,3.464551742240112
NDSN,2026-08-07,eps_ttm,9.413832442067736
NEE,2026-08-07,eps_ttm,3.910820110877461
NEM,2026-08-07,eps_ttm,8.057169634489222
NFLX,2026-08-07,eps_ttm,3.203116654542041
NI,2026-08-07,eps_ttm,1.8809226932668328
NKE,2026-08-07,eps_ttm,2.0985820391627277
NOC,2026-08-07,eps_ttm,31.573033707865168
NOW,2026-08-07,eps_ttm,1.6145655078533627
NRG,2026-08-07,eps_ttm,4.004716981132075
NSC,2026-08-07,eps_ttm,11.715555555555556
NTAP,2026-08-07,eps_ttm,6.348258706467662
NTRS,2026-08-07,eps_ttm,12.122346686415785
NUE,2026-08-07,eps_ttm,10.165721761883995
NVDA,2026-08-07,eps_ttm,6.543930138165717
NWS,2026-08-07,eps_ttm,1.0261461318051577
NWSA,2026-08-07,eps_ttm,1.0261461318051577
NXPI,2026-08-07,eps_ttm,10.464451237550538
ODFL,2026-08-07,eps_ttm,5.218963658577486
OKE,2026-08-07,eps_ttm,5.784810126582278
OMC,2026-08-07,eps_ttm,0.21056149732620322
ON,2026-08-07,eps_ttm,1.5583580613254204
ORCL,2026-08-07,eps_ttm,5.863761153054221
ORLY,2026-08-07,eps_ttm,3.0906297328478036
OTIS,2026-08-07,eps_ttm,3.9530638852672753
OXY,2026-08-07,eps_ttm,6.453270104722387
PANW,2026-08-07,eps_ttm,1.0523096129837703
PAYX,2026-08-07,eps_ttm,4.889166666666667
PCAR,2026-08-07,eps_ttm,4.746398786959818
PCG,2026-08-07,eps_ttm,1.337417943107221
PEG,2026-08-07,eps_ttm,4.032064128256513
PEP,2026-08-07,eps_ttm,7.634039444850256
PFE,2026-08-07,eps_ttm,0.7601333567292508
PFG,2026-08-07,eps_ttm,7.408079891057649
PG,2026-08-07,eps_ttm,6.6233230134158925
PGR,2026-08-07,eps_ttm,20.01882916809312
PH,2026-08-07,eps_ttm,27.1875
PKG,2026-08-07,eps_ttm,7.77191011235955
PLTR,2026-08-07,eps_ttm,1.1744069165108806
PM,2026-08-07,eps_ttm,6.970512820512821
PNC,2026-08-07,eps_ttm,18.263027295285358
PNR,2026-08-07,eps_ttm,4.100794135613928
PNW,2026-08-07,eps_ttm,5.141653413015888
PODD,2026-08-07,eps_ttm,5.407547224183393
POOL,2026-08-07,eps_ttm,11.144629233218069
PPG,2026-08-07,eps_ttm,7.063279857397505
PPL,2026-08-07,eps_ttm,1.609967800643987
PRU,2026-08-07,eps_ttm,11.255386383223211
PSX,2026-08-07,eps_ttm,17.617195455742166
PTC,2026-08-07,eps_ttm,10.64389709335699
PWR,2026-08-07,eps_ttm,8.793123806899809
PYPL,2026-08-07,eps_ttm,5.498913043478261
QCOM,2026-08-07,eps_ttm,8.66136576239476
RCL,2026-08-07,eps_ttm,16.531365313653136
RDDT,2026-08-07,eps_ttm,4.313098071347631
REGN,2026-08-07,eps_ttm,40.83679245283019
RF,2026-08-07,eps_ttm,2.604434072345391
RJF,2026-08-07,eps_ttm,11.693711967545639
RL,2026-08-07,eps_ttm,16.034257748776508
RMD,2026-08-07,eps_ttm,10.427770496078177
ROK,2026-08-07,eps_ttm,10.761648745519713
ROL,2026-08-07,eps_ttm,1.1045453884488428
ROP,2026-08-07,eps_ttm,24.89065606361829
ROST,2026-08-07,eps_ttm,7.209014696589059
RSG,2026-08-07,eps_ttm,7.1049117446282875
RTX,2026-08-07,eps_ttm,5.668864468864469
RVTY,2026-08-07,eps_ttm,2.142389788694626
SATS,2026-08-07,eps_ttm,-16.133495628828687
SBUX,2026-08-07,eps_ttm,1.7334324182549397
SCHW,2026-08-07,eps_ttm,5.377853881278539
SHW,2026-08-07,eps_ttm,10.927642276422764
SJM,2026-08-07,eps_ttm,-1.3003711223556598
SLB,2026-08-07,eps_ttm,2.1973597359735972
SMCI,2026-08-07,eps_ttm,1.802094514648456
SNA,2026-08-07,eps_ttm,19.681197350964528
SNDK,2026-08-07,eps_ttm,28.70700636942675
SNPS,2026-08-07,eps_ttm,4.024419185610792
SO,2026-08-07,eps_ttm,3.86790780141844
SOFI,2026-08-07,eps_ttm,0.47061294832062367
SOLV,2026-08-07,eps_ttm,8.27466820542412
SPGI,2026-08-07,eps_ttm,16.051747311827956
SRE,2026-08-07,eps_ttm,2.9855619019722712
STE,2026-08-07,eps_ttm,7.927051671732523
STLD,2026-08-07,eps_ttm,11.115774840757723
STT,2026-08-07,eps_ttm,12.296786502622197
STX,2026-08-07,eps_ttm,13.903930131004367
SW,2026-08-07,eps_ttm,0.9448669201520913
SWK,2026-08-07,eps_ttm,4.118873134724656
SWKS,2026-08-07,eps_ttm,1.916116248348745
SYF,2026-08-07,eps_ttm,10.529781502544148
SYK,2026-08-07,eps_ttm,9.660621761658032
SYY,2026-08-07,eps_ttm,3.607733122747014
T,2026-08-07,eps_ttm,3.1036567808810824
TDG,2026-08-07,eps_ttm,37.09059233449477
TDY,2026-08-07,eps_ttm,20.784648187633262
TECH,2026-08-07,eps_ttm,0.6960667839875987
TEL,2026-08-07,eps_ttm,10.293515358361775
TER,2026-08-07,eps_ttm,7.294039684703823
TFC,2026-08-07,eps_ttm,4.4655539772727275
TGT,2026-08-07,eps_ttm,7.57130320315928
TJX,2026-08-07,eps_ttm,5.169380357142857
TKO,2026-08-07,eps_ttm,3.0256209820955138
TMO,2026-08-07,eps_ttm,18.824797843665767
TMUS,2026-08-07,eps_ttm,9.756010708685155
TPL,2026-08-07,eps_ttm,7.842678263560089
TPR,2026-08-07,eps_ttm,3.181949111857897
TRGP,2026-08-07,eps_ttm,10.537174721189592
TRMB,2026-08-07,eps_ttm,1.9257070493879274
TROW,2026-08-07,eps_ttm,10.371615312791784
TRV,2026-08-07,eps_ttm,38.87172284644195
TSCO,2026-08-07,eps_ttm,3.5847125987629025
TSLA,2026-08-07,eps_ttm,1.0745762711864406
TSN,2026-08-07,eps_ttm,1.6169014084507043
TT,2026-08-07,eps_ttm,13.253932584269663
TTD,2026-08-07,eps_ttm,0.8658149412275401
TTWO,2026-08-07,eps_ttm,-1.6215334420880914
TXN,2026-08-07,eps_ttm,6.578260869565217
TXT,2026-08-07,eps_ttm,5.354102145069312
TYL,2026-08-07,eps_ttm,7.755913413293831
UAL,2026-08-07,eps_ttm,10.707287201469688
UBER,2026-08-07,eps_ttm,4.672170127668914
UHS,2026-08-07,eps_ttm,24.66105597716806
ULTA,2026-08-07,eps_ttm,27.031594031480303
UNH,2026-08-07,eps_ttm,13.235164835164834
UNP,2026-08-07,eps_ttm,12.34006734006734
UPS,2026-08-07,eps_ttm,5.370152761457109
URI,2026-08-07,eps_ttm,39.77723479199061
USB,2026-08-07,eps_ttm,5.252733118971061
VEEV,2026-08-07,eps_ttm,5.67297832988933
VLO,2026-08-07,eps_ttm,24.53061224489796
VLTO,2026-08-07,eps_ttm,3.888443017656501
VMC,2026-08-07,eps_ttm,8.485518292682928
VRSK,2026-08-07,eps_ttm,6.731124841067582
VRSN,2026-08-07,eps_ttm,9.330406147091109
VRT,2026-08-07,eps_ttm,4.409963767233547
VRTX,2026-08-07,eps_ttm,17.261755485893417
VST,2026-08-07,eps_ttm,6.55537690178987
VZ,2026-08-07,eps_ttm,3.9812994485734836
WAB,2026-08-07,eps_ttm,7.482311320754717
WBD,2026-08-07,eps_ttm,-1.2299029126213592
WDAY,2026-08-07,eps_ttm,3.3305414980752066
WDC,2026-08-07,eps_ttm,16.824289405684755
WEC,2026-08-07,eps_ttm,5.142900577683187
WFC,2026-08-07,eps_ttm,7.3538021206010535
WM,2026-08-07,eps_ttm,7.0899602385685885
WMB,2026-08-07,eps_ttm,2.5085714285714285
WMT,2026-08-07,eps_ttm,2.8423552944118016
WRB,2026-08-07,eps_ttm,4.919850231238068
WSM,2026-08-07,eps_ttm,9.075508365723055
WST,2026-08-07,eps_ttm,7.922861150070126
WTW,2026-08-07,eps_ttm,16.648936170212767
WYNN,2026-08-07,eps_ttm,4.358826214035326
XEL,2026-08-07,eps_ttm,3.56140350877193
XOM,2026-08-07,eps_ttm,6.024274155164208
XYL,2026-08-07,eps_ttm,4.303093323864837
XYZ,2026-08-07,eps_ttm,0.5865874349384985
YUM,2026-08-07,eps_ttm,8.00361010830325
ZBH,2026-08-07,eps_ttm,4.183609958506224
ZBRA,2026-08-07,eps_ttm,11.199007506139976
ZTS,2026-08-07,eps_ttm,6.262868087143883
A,2026-08-07,equity,7122000000.0
AAPL,2026-08-07,equity,107520000000.0
ABBV,2026-08-07,equity,-5935000000.0
ABNB,2026-08-07,equity,7799000000.0
ABT,2026-08-07,equity,52061000000.0
ACGL,2026-08-07,equity,24030000000.0
ACN,2026-08-07,equity,31890566000.0
ADBE,2026-08-07,equity,11518000000.0
ADI,2026-08-07,equity,33742033000.0
ADM,2026-08-07,equity,23580000000.0
ADP,2026-08-07,equity,6031200000.0
ADSK,2026-08-07,equity,3189000000.0
AEE,2026-08-07,equity,13687000000.0
AEP,2026-08-07,equity,31808000000.0
AES,2026-08-07,equity,4942000000.0
AFL,2026-08-07,equity,30312000000.0
AIG,2026-08-07,equity,40606000000.0
AIZ,2026-08-07,equity,6097900000.0
AJG,2026-08-07,equity,23717000000.0
AKAM,2026-08-07,equity,4908825000.0
ALB,2026-08-07,equity,10275169000.0
ALGN,2026-08-07,equity,4232453000.0
ALL,2026-08-07,equity,33698000000.0
ALLE,2026-08-07,equity,2118600000.0
AMAT,2026-08-07,equity,23909000000.0
AMCR,2026-08-07,equity,11651000000.0
AMD,2026-08-07,equity,67224000000.0
AME,2026-08-07,equity,11260763000.0
AMGN,2026-08-07,equity,11688000000.0
AMP,2026-08-07,equity,6366000000.0
AMT,2026-08-07,equity,3522600000.0
AMZN,2026-08-07,equity,551620000000.0
ANET,2026-08-07,equity,14797700000.0
AON,2026-08-07,equity,9598000000.0
AOS,2026-08-07,equity,1841900000.0
APD,2026-08-07,equity,13883800000.0
APH,2026-08-07,equity,15491600000.0
APO,2026-08-07,equity,19951000000.0
APP,2026-08-07,equity,3163016000.0
APTV,2026-08-07,equity,8753000000.0
ARE,2026-08-07,equity,15553976000.0
ARES,2026-08-07,equity,3968073000.0
ATO,2026-08-07,equity,15258058000.0
AVB,2026-08-07,equity,12022411000.0
AVGO,2026-08-07,equity,87691000000.0
AVY,2026-08-07,equity,2322800000.0
AWK,2026-08-07,equity,11665000000.0
AXON,2026-08-07,equity,3674537000.0
AXP,2026-08-07,equity,34280000000.0
AZO,2026-08-07,equity,-2784552000.0
BA,2026-08-07,equity,6100000000.0
BAC,2026-08-07,equity,301094000000.0
BALL,2026-08-07,equity,5746000000.0
BAX,2026-08-07,equity,6206000000.0
BBY,2026-08-07,equity,3083000000.0
BDX,2026-08-07,equity,24416000000.0
BEN,2026-08-07,equity,11738200000.0
BF-B,2026-08-07,equity,4020000000.0
BG,2026-08-07,equity,16045000000.0
BIIB,2026-08-07,equity,18651700000.0
BKNG,2026-08-07,equity,-10783000000.0
BKR,2026-08-07,equity,19908000000.0
BLDR,2026-08-07,equity,4005175000.0
BLK,2026-08-07,equity,57613000000.0
BMY,2026-08-07,equity,22319000000.0
BNY,2026-08-07,equity,44664000000.0
BR,2026-08-07,equity,2840500000.0
BRO,2026-08-07,equity,12608000000.0
BSX,2026-08-07,equity,24930000000.0
BX,2026-08-07,equity,8370770000.0
BXP,2026-08-07,equity,5155145000.0
C,2026-08-07,equity,212291000000.0
CAG,2026-08-07,equity,6357600000.0
CAH,2026-08-07,equity,-2884000000.0
CARR,2026-08-07,equity,13801000000.0
CASY,2026-08-07,equity,3951719000.0
CAT,2026-08-07,equity,19394000000.0
CB,2026-08-07,equity,73788000000.0
CBOE,2026-08-07,equity,5625800000.0
CBRE,2026-08-07,equity,8398000000.0
CCI,2026-08-07,equity,-3270000000.0
CCL,2026-08-07,equity,12968000000.0
CDNS,2026-08-07,equity,6561463000.0
CDW,2026-08-07,equity,2442100000.0
CE,2026-08-07,equity,4167000000.0
CEG,2026-08-07,equity,31977000000.0
CF,2026-08-07,equity,5748000000.0
CFG,2026-08-07,equity,26183000000.0
CHD,2026-08-07,equity,4347800000.0
CHRW,2026-08-07,equity,1627690000.0
CHTR,2026-08-07,equity,16952000000.0
CI,2026-08-07,equity,42620000000.0
CIEN,2026-08-07,equity,2892225000.0
CINF,2026-08-07,equity,16671000000.0
CL,2026-08-07,equity,236000000.0
CLX,2026-08-07,equity,-67000000.0
CMCSA,2026-08-07,equity,89763000000.0
CME,2026-08-07,equity,26520400000.0
CMG,2026-08-07,equity,2199791000.0
CMI,2026-08-07,equity,12847000000.0
CMS,2026-08-07,equity,9774000000.0
CNC,2026-08-07,equity,22562000000.0
CNP,2026-08-07,equity,11449000000.0
COF,2026-08-07,equity,112261000000.0
COHR,2026-08-07,equity,10676983000.0
COIN,2026-08-07,equity,13079665000.0
COO,2026-08-07,equity,8238900000.0
COP,2026-08-07,equity,65349000000.0
COR,2026-08-07,equity,3050958000.0
COST,2026-08-07,equity,33509000000.0
CPAY,2026-08-07,equity,3510128000.0
CPB,2026-08-07,equity,4028000000.0
CPRT,2026-08-07,equity,8774264000.0
CPT,2026-08-07,equity,3802124000.0
CRH,2026-08-07,equity,24035000000.0
CRL,2026-08-07,equity,2839636000.0
CRM,2026-08-07,equity,34235000000.0
CRWD,2026-08-07,equity,4633877000.0
CSCO,2026-08-07,equity,48861000000.0
CSGP,2026-08-07,equity,7932000000.0
CSX,2026-08-07,equity,14088000000.0
CTAS,2026-08-07,equity,4788383000.0
CTSH,2026-08-07,equity,15068000000.0
CTVA,2026-08-07,equity,25159000000.0
CVS,2026-08-07,equity,79702000000.0
CVX,2026-08-07,equity,189883000000.0
D,2026-08-07,equity,29147000000.0
DAL,2026-08-07,equity,21815000000.0
DASH,2026-08-07,equity,9921000000.0
DD,2026-08-07,equity,13769000000.0
DDOG,2026-08-07,equity,4367160000.0
DE,2026-08-07,equity,27406000000.0
DECK,2026-08-07,equity,2301682000.0
DELL,2026-08-07,equity,-1404000000.0
DG,2026-08-07,equity,8843284000.0
DGX,2026-08-07,equity,7516000000.0
DHI,2026-08-07,equity,23819500000.0
DHR,2026-08-07,equity,52581000000.0
DIS,2026-08-07,equity,110032000000.0
DLR,2026-08-07,equity,23368753000.0
DLTR,2026-08-07,equity,3507000000.0
DOC,2026-08-07,equity,7844750000.0
DOV,2026-08-07,equity,7704004000.0
DOW,2026-08-07,equity,15249000000.0
DPZ,2026-08-07,equity,-3982431000.0
DRI,2026-08-07,equity,2207500000.0
DTE,2026-08-07,equity,12323000000.0
DUK,2026-08-07,equity,54457000000.0
DVA,2026-08-07,equity,-765096000.0
DVN,2026-08-07,equity,41747000000.0
DXCM,2026-08-07,equity,2621400000.0
EA,2026-08-07,equity,7079000000.0
EBAY,2026-08-07,equity,4665000000.0
ECL,2026-08-07,equity,10055500000.0
ED,2026-08-07,equity,25596000000.0
EFX,2026-08-07,equity,4380200000.0
EG,2026-08-07,equity,15430000000.0
EIX,2026-08-07,equity,17320000000.0
EL,2026-08-07,equity,3993000000.0
ELV,2026-08-07,equity,44883000000.0
EME,2026-08-07,equity,4078907000.0
EMR,2026-08-07,equity,20379000000.0
EOG,2026-08-07,equity,31864000000.0
EQIX,2026-08-07,equity,14382000000.0
EQR,2026-08-07,equity,10514980000.0
EQT,2026-08-07,equity,25258876000.0
ERIE,2026-08-07,equity,2467106000.0
ES,2026-08-07,equity,16340177000.0
ESS,2026-08-07,equity,5323073000.0
ETN,2026-08-07,equity,20254000000.0
ETR,2026-08-07,equity,17346741000.0
EVRG,2026-08-07,equity,10156600000.0
EW,2026-08-07,equity,10618000000.0
EXC,2026-08-07,equity,29315000000.0
EXE,2026-08-07,equity,19546000000.0
EXPD,2026-08-07,equity,2118702000.0
EXPE,2026-08-07,equity,1209000000.0
EXR,2026-08-07,equity,13257895000.0
F,2026-08-07,equity,37453000000.0
FANG,2026-08-07,equity,37900000000.0
FAST,2026-08-07,equity,4068800000.0
FCX,2026-08-07,equity,20109000000.0
FDS,2026-08-07,equity,2032290000.0
FDX,2026-08-07,equity,31647000000.0
FE,2026-08-07,equity,12654000000.0
FFIV,2026-08-07,equity,3855729000.0
FICO,2026-08-07,equity,-4097135000.0
FIS,2026-08-07,equity,16038000000.0
FISV,2026-08-07,equity,26904000000.0
FITB,2026-08-07,equity,34482000000.0
FIX,2026-08-07,equity,3217269000.0
FLEX,2026-08-07,equity,5500000000.0
FOX,2026-08-07,equity,11628000000.0
FOXA,2026-08-07,equity,11628000000.0
FRT,2026-08-07,equity,3311137000.0
FSLR,2026-08-07,equity,10320338000.0
FTNT,2026-08-07,equity,1551100000.0
FTV,2026-08-07,equity,6083100000.0
GD,2026-08-07,equity,26079000000.0
GDDY,2026-08-07,equity,6700000.0
GE,2026-08-07,equity,17640000000.0
GEHC,2026-08-07,equity,10668000000.0
GEN,2026-08-07,equity,2611000000.0
GEV,2026-08-07,equity,11957000000.0
GILD,2026-08-07,equity,11829000000.0
GIS,2026-08-07,equity,7368400000.0
GL,2026-08-07,equity,6155815000.0
GLW,2026-08-07,equity,11812000000.0
GM,2026-08-07,equity,62000000000.0
GNRC,2026-08-07,equity,2877623000.0
GOOG,2026-08-07,equity,640480000000.0
GOOGL,2026-08-07,equity,640480000000.0
GPC,2026-08-07,equity,4526012000.0
GPN,2026-08-07,equity,23110707000.0
GRMN,2026-08-07,equity,9271024000.0
GS,2026-08-07,equity,122742000000.0
GWW,2026-08-07,equity,4131000000.0
HAL,2026-08-07,equity,11010000000.0
HAS,2026-08-07,equity,730300000.0
HBAN,2026-08-07,equity,32535000000.0
HCA,2026-08-07,equity,-6303000000.0
HD,2026-08-07,equity,13874000000.0
HIG,2026-08-07,equity,19633000000.0
HII,2026-08-07,equity,5312000000.0
HLT,2026-08-07,equity,-6303000000.0
HON,2026-08-07,equity,18537000000.0
HOOD,2026-08-07,equity,9541000000.0
HPE,2026-08-07,equity,25292000000.0
HPQ,2026-08-07,equity,-144000000.0
HRL,2026-08-07,equity,7949320000.0
HSIC,2026-08-07,equity,3157000000.0
HST,2026-08-07,equity,6388000000.0
HSY,2026-08-07,equity,4562690000.0
HUBB,2026-08-07,equity,3768600000.0
HUM,2026-08-07,equity,18580000000.0
HWM,2026-08-07,equity,5732000000.0
IBKR,2026-08-07,equity,5904000000.0
IBM,2026-08-07,equity,34452000000.0
ICE,2026-08-07,equity,29551000000.0
IDXX,2026-08-07,equity,1612575000.0
IEX,2026-08-07,equity,4008000000.0
IFF,2026-08-07,equity,13976000000.0
INCY,2026-08-07,equity,5622847000.0
INTC,2026-08-07,equity,87542000000.0
INTU,2026-08-07,equity,20629000000.0
INVH,2026-08-07,equity,9054417000.0
IP,2026-08-07,equity,14455000000.0
IQV,2026-08-07,equity,6221000000.0
IR,2026-08-07,equity,10177300000.0
IRM,2026-08-07,equity,-1280920000.0
ISRG,2026-08-07,equity,18168400000.0
IT,2026-08-07,equity,-167345000.0
ITW,2026-08-07,equity,2895000000.0
IVZ,2026-08-07,equity,12471900000.0
J,2026-08-07,equity,3264489000.0
JBHT,2026-08-07,equity,3657115000.0
JBL,2026-08-07,equity,1323000000.0
JCI,2026-08-07,equity,13518000000.0
JKHY,2026-08-07,equity,2134811000.0
JNJ,2026-08-07,equity,84971000000.0
JPM,2026-08-07,equity,374598000000.0
KDP,2026-08-07,equity,25261000000.0
KEY,2026-08-07,equity,19798000000.0
KEYS,2026-08-07,equity,6331000000.0
KHC,2026-08-07,equity,36006000000.0
KIM,2026-08-07,equity,10265601000.0
KKR,2026-08-07,equity,31047399000.0
KLAC,2026-08-07,equity,6349820000.0
KMB,2026-08-07,equity,1750000000.0
KMI,2026-08-07,equity,31631000000.0
KO,2026-08-07,equity,33633000000.0
KR,2026-08-07,equity,6472000000.0
KVUE,2026-08-07,equity,10553000000.0
L,2026-08-07,equity,19115000000.0
LDOS,2026-08-07,equity,5284000000.0
LEN,2026-08-07,equity,21620638000.0
LH,2026-08-07,equity,8606800000.0
LHX,2026-08-07,equity,19882000000.0
LII,2026-08-07,equity,1213900000.0
LIN,2026-08-07,equity,39081000000.0
LITE,2026-08-07,equity,2973400000.0
LLY,2026-08-07,equity,33879000000.0
LMT,2026-08-07,equity,8768000000.0
LNT,2026-08-07,equity,7422000000.0
LOW,2026-08-07,equity,-9270000000.0
LRCX,2026-08-07,equity,10584779000.0
LULU,2026-08-07,equity,4825601000.0
LUV,2026-08-07,equity,7082000000.0
LVS,2026-08-07,equity,581000000.0
LYB,2026-08-07,equity,10671000000.0
LYV,2026-08-07,equity,82330000.0
MA,2026-08-07,equity,5611000000.0
MAA,2026-08-07,equity,5540638000.0
MAR,2026-08-07,equity,-4525000000.0
MAS,2026-08-07,equity,-242000000.0
MCD,2026-08-07,equity,-1023000000.0
MCHP,2026-08-07,equity,6451000000.0
MCK,2026-08-07,equity,-4240000000.0
MCO,2026-08-07,equity,3025000000.0
MDLZ,2026-08-07,equity,25750000000.0
MDT,2026-08-07,equity,49463000000.0
MET,2026-08-07,equity,27441000000.0
META,2026-08-07,equity,243681000000.0
MGM,2026-08-07,equity,2513775000.0
MKC,2026-08-07,equity,6995600000.0
MLM,2026-08-07,equity,11546000000.0
MMM,2026-08-07,equity,2952000000.0
MNST,2026-08-07,equity,9364148000.0
MO,2026-08-07,equity,-2668000000.0
MOS,2026-08-07,equity,11463900000.0
MPC,2026-08-07,equity,19077000000.0
MPWR,2026-08-07,equity,3895424000.0
MRK,2026-08-07,equity,45878000000.0
MRSH,2026-08-07,equity,15433000000.0
MRVL,2026-08-07,equity,18215800000.0
MS,2026-08-07,equity,116329000000.0
MSCI,2026-08-07,equity,-2689500000.0
MSFT,2026-08-07,equity,442387000000.0
MSI,2026-08-07,equity,2672000000.0
MTB,2026-08-07,equity,27946000000.0
MTD,2026-08-07,equity,12823000.0
MU,2026-08-07,equity,100724000000.0
NCLH,2026-08-07,equity,2572866000.0
NDAQ,2026-08-07,equity,11988000000.0
NDSN,2026-08-07,equity,3202235000.0
NEE,2026-08-07,equity,55222000000.0
NEM,2026-08-07,equity,35243000000.0
NFLX,2026-08-07,equity,30152052000.0
NI,2026-08-07,equity,9574600000.0
NKE,2026-08-07,equity,14865000000.0
NOC,2026-08-07,equity,17884000000.0
NOW,2026-08-07,equity,12516000000.0
NRG,2026-08-07,equity,4855000000.0
NSC,2026-08-07,equity,16253000000.0
NTAP,2026-08-07,equity,1351000000.0
NTRS,2026-08-07,equity,13401600000.0
NUE,2026-08-07,equity,21453000000.0
NVDA,2026-08-07,equity,195474000000.0
NWS,2026-08-07,equity,8526000000.0
NWSA,2026-08-07,equity,8526000000.0
NXPI,2026-08-07,equity,10927000000.0
O,2026-08-07,equity,39549557000.0
ODFL,2026-08-07,equity,4547352000.0
OKE,2026-08-07,equity,22937000000.0
OMC,2026-08-07,equity,9437100000.0
ON,2026-08-07,equity,7218700000.0
ORCL,2026-08-07,equity,42508000000.0
ORLY,2026-08-07,equity,-1067055000.0
OTIS,2026-08-07,equity,-5748000000.0
OXY,2026-08-07,equity,41746000000.0
PANW,2026-08-07,equity,27668000000.0
PAYX,2026-08-07,equity,3735100000.0
PCAR,2026-08-07,equity,20321300000.0
PCG,2026-08-07,equity,33901000000.0
PEG,2026-08-07,equity,17329000000.0
PEP,2026-08-07,equity,22098000000.0
PFE,2026-08-07,equity,85190000000.0
PFG,2026-08-07,equity,11815300000.0
PG,2026-08-07,equity,54311000000.0
PGR,2026-08-07,equity,34333000000.0
PH,2026-08-07,equity,14609000000.0
PKG,2026-08-07,equity,4661900000.0
PLD,2026-08-07,equity,53503401000.0
PLTR,2026-08-07,equity,9774194000.0
PM,2026-08-07,equity,-8583000000.0
PNC,2026-08-07,equity,64008000000.0
PNR,2026-08-07,equity,3810100000.0
PNW,2026-08-07,equity,7034754000.0
PODD,2026-08-07,equity,1422200000.0
POOL,2026-08-07,equity,1133245000.0
PPG,2026-08-07,equity,8104000000.0
PPL,2026-08-07,equity,15019000000.0
PRU,2026-08-07,equity,31577000000.0
PSA,2026-08-07,equity,9190280000.0
PSKY,2026-08-07,equity,11771000000.0
PSX,2026-08-07,equity,31506000000.0
PTC,2026-08-07,equity,3469743000.0
PWR,2026-08-07,equity,9637942000.0
PYPL,2026-08-07,equity,20024000000.0
Q,2026-08-07,equity,7261000000.0
QCOM,2026-08-07,equity,27658000000.0
RCL,2026-08-07,equity,9810000000.0
RDDT,2026-08-07,equity,3285700000.0
REG,2026-08-07,equity,6892835000.0
REGN,2026-08-07,equity,31711400000.0
RF,2026-08-07,equity,18840000000.0
RJF,2026-08-07,equity,12699000000.0
RL,2026-08-07,equity,2721600000.0
RMD,2026-08-07,equity,6491911000.0
ROK,2026-08-07,equity,3494000000.0
ROL,2026-08-07,equity,1429597000.0
ROP,2026-08-07,equity,18700300000.0
ROST,2026-08-07,equity,6305003000.0
RSG,2026-08-07,equity,12032000000.0
RTX,2026-08-07,equity,66377000000.0
RVTY,2026-08-07,equity,7182739000.0
SATS,2026-08-07,equity,14155098000.0
SBAC,2026-08-07,equity,-4629854000.0
SBUX,2026-08-07,equity,-7674300000.0
SCHW,2026-08-07,equity,49234000000.0
SHW,2026-08-07,equity,3854700000.0
SJM,2026-08-07,equity,5543800000.0
SLB,2026-08-07,equity,26177000000.0
SMCI,2026-08-07,equity,7575430000.0
SNA,2026-08-07,equity,6041300000.0
SNDK,2026-08-07,equity,13777000000.0
SNPS,2026-08-07,equity,30478131000.0
SO,2026-08-07,equity,39912000000.0
SOFI,2026-08-07,equity,11076227000.0
SOLV,2026-08-07,equity,4800000000.0
SPG,2026-08-07,equity,4858757000.0
SPGI,2026-08-07,equity,31173000000.0
SRE,2026-08-07,equity,32239000000.0
STE,2026-08-07,equity,7183600000.0
STLD,2026-08-07,equity,9419532000.0
STT,2026-08-07,equity,28268000000.0
STX,2026-08-07,equity,2167000000.0
STZ,2026-08-07,equity,8255600000.0
SW,2026-08-07,equity,18036000000.0
SWK,2026-08-07,equity,8958800000.0
SWKS,2026-08-07,equity,5738300000.0
SYF,2026-08-07,equity,16897000000.0
SYK,2026-08-07,equity,23988000000.0
SYY,2026-08-07,equity,2297000000.0
T,2026-08-07,equity,126434000000.0
TAP,2026-08-07,equity,10119500000.0
TDG,2026-08-07,equity,-9809000000.0
TDY,2026-08-07,equity,10918500000.0
TECH,2026-08-07,equity,2085304000.0
TEL,2026-08-07,equity,13246000000.0
TER,2026-08-07,equity,3437162000.0
TFC,2026-08-07,equity,64095000000.0
TGT,2026-08-07,equity,16395000000.0
TJX,2026-08-07,equity,10403000000.0
TKO,2026-08-07,equity,3395932000.0
TMO,2026-08-07,equity,52679000000.0
TMUS,2026-08-07,equity,56265000000.0
TPL,2026-08-07,equity,1672398000.0
TPR,2026-08-07,equity,682400000.0
TRGP,2026-08-07,equity,3656500000.0
TRMB,2026-08-07,equity,5637200000.0
TROW,2026-08-07,equity,11002500000.0
TRV,2026-08-07,equity,33121000000.0
TSCO,2026-08-07,equity,2631565000.0
TSLA,2026-08-07,equity,86858000000.0
TSN,2026-08-07,equity,18079000000.0
TT,2026-08-07,equity,8622900000.0
TTD,2026-08-07,equity,2574352000.0
TTWO,2026-08-07,equity,3510900000.0
TXN,2026-08-07,equity,18007000000.0
TXT,2026-08-07,equity,8054000000.0
TYL,2026-08-07,equity,3037231000.0
UAL,2026-08-07,equity,16697000000.0
UBER,2026-08-07,equity,27316000000.0
UDR,2026-08-07,equity,3285680000.0
UHS,2026-08-07,equity,7464857000.0
ULTA,2026-08-07,equity,2580955000.0
UNH,2026-08-07,equity,103895000000.0
UNP,2026-08-07,equity,20673000000.0
UPS,2026-08-07,equity,15067000000.0
URI,2026-08-07,equity,8968000000.0
USB,2026-08-07,equity,67432000000.0
V,2026-08-07,equity,35661000000.0
VEEV,2026-08-07,equity,7304354000.0
VICI,2026-08-07,equity,29170749000.0
VLO,2026-08-07,equity,25001000000.0
VLTO,2026-08-07,equity,3005000000.0
VMC,2026-08-07,equity,8451300000.0
VRSK,2026-08-07,equity,-1167700000.0
VRSN,2026-08-07,equity,-2254100000.0
VRT,2026-08-07,equity,4757600000.0
VRTX,2026-08-07,equity,20247900000.0
VST,2026-08-07,equity,5597000000.0
VTR,2026-08-07,equity,14649399000.0
VTRS,2026-08-07,equity,14260400000.0
VZ,2026-08-07,equity,105196000000.0
WAB,2026-08-07,equity,11214000000.0
WAT,2026-08-07,equity,15292000000.0
WBD,2026-08-07,equity,32838000000.0
WDAY,2026-08-07,equity,6683000000.0
WDC,2026-08-07,equity,9680000000.0
WEC,2026-08-07,equity,14573000000.0
WELL,2026-08-07,equity,43793675000.0
WFC,2026-08-07,equity,180190000000.0
WM,2026-08-07,equity,9925000000.0
WMB,2026-08-07,equity,13190000000.0
WMT,2026-08-07,equity,94330000000.0
WRB,2026-08-07,equity,9833239000.0
WSM,2026-08-07,equity,1869804000.0
WST,2026-08-07,equity,2990200000.0
WTW,2026-08-07,equity,7688000000.0
WY,2026-08-07,equity,9456000000.0
WYNN,2026-08-07,equity,-169451000.0
XEL,2026-08-07,equity,24057000000.0
XOM,2026-08-07,equity,254381000000.0
XYL,2026-08-07,equity,10421000000.0
XYZ,2026-08-07,equity,22047075000.0
YUM,2026-08-07,equity,-7107000000.0
ZBH,2026-08-07,equity,12623900000.0
ZBRA,2026-08-07,equity,3435000000.0
ZTS,2026-08-07,equity,3148000000.0
A,2026-08-07,fcf_ttm,1087000000.0
AAPL,2026-08-07,fcf_ttm,136683000000.0
ABBV,2026-08-07,fcf_ttm,18210000000.0
ABNB,2026-08-07,fcf_ttm,4246000000.0
ABT,2026-08-07,fcf_ttm,7378000000.0
ACN,2026-08-07,fcf_ttm,12581688000.0
ADBE,2026-08-07,fcf_ttm,10280000000.0
ADI,2026-08-07,fcf_ttm,4565150000.0
ADM,2026-08-07,fcf_ttm,1677000000.0
ADP,2026-08-07,fcf_ttm,5244600000.0
ADSK,2026-08-07,fcf_ttm,2729000000.0
AEE,2026-08-07,fcf_ttm,-1400000000.0
AEP,2026-08-07,fcf_ttm,2595000000.0
AES,2026-08-07,fcf_ttm,-1720000000.0
AJG,2026-08-07,fcf_ttm,545300000.0
AKAM,2026-08-07,fcf_ttm,1088377000.0
ALB,2026-08-07,fcf_ttm,1342372000.0
ALGN,2026-08-07,fcf_ttm,633569000.0
ALLE,2026-08-07,fcf_ttm,671100000.0
AMAT,2026-08-07,fcf_ttm,5343000000.0
AMCR,2026-08-07,fcf_ttm,763000000.0
AMD,2026-08-07,fcf_ttm,8032000000.0
AME,2026-08-07,fcf_ttm,1824950000.0
AMGN,2026-08-07,fcf_ttm,10175000000.0
AMP,2026-08-07,fcf_ttm,8064000000.0
AMZN,2026-08-07,fcf_ttm,-11625000000.0
AON,2026-08-07,fcf_ttm,3248000000.0
AOS,2026-08-07,fcf_ttm,639400000.0
APH,2026-08-07,fcf_ttm,4713700000.0
APP,2026-08-07,fcf_ttm,1057264000.0
APTV,2026-08-07,fcf_ttm,684000000.0
ATO,2026-08-07,fcf_ttm,-2020304000.0
AVGO,2026-08-07,fcf_ttm,32762000000.0
AVY,2026-08-07,fcf_ttm,1063100000.0
AWK,2026-08-07,fcf_ttm,-1030000000.0
AXON,2026-08-07,fcf_ttm,133192000.0
AZO,2026-08-07,fcf_ttm,1633222000.0
BA,2026-08-07,fcf_ttm,-210000000.0
BALL,2026-08-07,fcf_ttm,827000000.0
BBY,2026-08-07,fcf_ttm,1605000000.0
BEN,2026-08-07,fcf_ttm,911600000.0
BF-B,2026-08-07,fcf_ttm,893000000.0
BG,2026-08-07,fcf_ttm,-1161000000.0
BIIB,2026-08-07,fcf_ttm,2422900000.0
BKNG,2026-08-07,fcf_ttm,9539000000.0
BKR,2026-08-07,fcf_ttm,3128000000.0
BLDR,2026-08-07,fcf_ttm,639317000.0
BLK,2026-08-07,fcf_ttm,3515000000.0
BMY,2026-08-07,fcf_ttm,11440000000.0
BR,2026-08-07,fcf_ttm,1278400000.0
BRO,2026-08-07,fcf_ttm,1446000000.0
BSX,2026-08-07,fcf_ttm,3625000000.0
CAG,2026-08-07,fcf_ttm,978700000.0
CAH,2026-08-07,fcf_ttm,5502000000.0
CARR,2026-08-07,fcf_ttm,1244000000.0
CASY,2026-08-07,fcf_ttm,721620000.0
CAT,2026-08-07,fcf_ttm,10698000000.0
CBOE,2026-08-07,fcf_ttm,2724200000.0
CBRE,2026-08-07,fcf_ttm,938000000.0
CCL,2026-08-07,fcf_ttm,3200000000.0
CDNS,2026-08-07,fcf_ttm,1429912000.0
CDW,2026-08-07,fcf_ttm,860200000.0
CE,2026-08-07,fcf_ttm,708000000.0
CEG,2026-08-07,fcf_ttm,309000000.0
CF,2026-08-07,fcf_ttm,1910000000.0
CHRW,2026-08-07,fcf_ttm,668759000.0
CHTR,2026-08-07,fcf_ttm,4358000000.0
CI,2026-08-07,fcf_ttm,8435000000.0
CIEN,2026-08-07,fcf_ttm,832659000.0
CL,2026-08-07,fcf_ttm,3858000000.0
CLX,2026-08-07,fcf_ttm,380000000.0
CMCSA,2026-08-07,fcf_ttm,20444000000.0
CME,2026-08-07,fcf_ttm,4212700000.0
CMG,2026-08-07,fcf_ttm,1568985000.0
CMI,2026-08-07,fcf_ttm,3367000000.0
CNC,2026-08-07,fcf_ttm,8951000000.0
CNP,2026-08-07,fcf_ttm,-2672000000.0
COHR,2026-08-07,fcf_ttm,-538236000.0
COO,2026-08-07,fcf_ttm,569500000.0
COP,2026-08-07,fcf_ttm,11672000000.0
COR,2026-08-07,fcf_ttm,4060102000.0
COST,2026-08-07,fcf_ttm,8806000000.0
CPAY,2026-08-07,fcf_ttm,1310355000.0
CPB,2026-08-07,fcf_ttm,671000000.0
CPRT,2026-08-07,fcf_ttm,1339233000.0
CRL,2026-08-07,fcf_ttm,370605000.0
CRM,2026-08-07,fcf_ttm,14661000000.0
CRWD,2026-08-07,fcf_ttm,1505198000.0
CSCO,2026-08-07,fcf_ttm,11788000000.0
CSGP,2026-08-07,fcf_ttm,280000000.0
CSX,2026-08-07,fcf_ttm,2796000000.0
CTAS,2026-08-07,fcf_ttm,1793763000.0
CTSH,2026-08-07,fcf_ttm,2470000000.0
CTVA,2026-08-07,fcf_ttm,669000000.0
CVS,2026-08-07,fcf_ttm,11758000000.0
CVX,2026-08-07,fcf_ttm,27012000000.0
D,2026-08-07,fcf_ttm,226000000.0
DAL,2026-08-07,fcf_ttm,3920000000.0
DASH,2026-08-07,fcf_ttm,2595000000.0
DDOG,2026-08-07,fcf_ttm,1182109000.0
DE,2026-08-07,fcf_ttm,6677000000.0
DECK,2026-08-07,fcf_ttm,1117808000.0
DELL,2026-08-07,fcf_ttm,9442000000.0
DG,2026-08-07,fcf_ttm,2201694000.0
DGX,2026-08-07,fcf_ttm,1349000000.0
DHI,2026-08-07,fcf_ttm,3202200000.0
DHR,2026-08-07,fcf_ttm,5466000000.0
DIS,2026-08-07,fcf_ttm,8293000000.0
DLTR,2026-08-07,fcf_ttm,1318500000.0
DOV,2026-08-07,fcf_ttm,1176629000.0
DOW,2026-08-07,fcf_ttm,-215000000.0
DPZ,2026-08-07,fcf_ttm,653470000.0
DRI,2026-08-07,fcf_ttm,1119100000.0
DUK,2026-08-07,fcf_ttm,-3299000000.0
DVA,2026-08-07,fcf_ttm,1609804000.0
DVN,2026-08-07,fcf_ttm,4694000000.0
DXCM,2026-08-07,fcf_ttm,1405000000.0
EA,2026-08-07,fcf_ttm,2060000000.0
EBAY,2026-08-07,fcf_ttm,2505000000.0
ECL,2026-08-07,fcf_ttm,1874500000.0
EFX,2026-08-07,fcf_ttm,1105000000.0
EIX,2026-08-07,fcf_ttm,-643000000.0
EL,2026-08-07,fcf_ttm,1285000000.0
ELV,2026-08-07,fcf_ttm,6289000000.0
EME,2026-08-07,fcf_ttm,1171382000.0
EMR,2026-08-07,fcf_ttm,3462000000.0
EOG,2026-08-07,fcf_ttm,7194000000.0
EQT,2026-08-07,fcf_ttm,3758333000.0
ERIE,2026-08-07,fcf_ttm,553083000.0
ES,2026-08-07,fcf_ttm,297711000.0
ETN,2026-08-07,fcf_ttm,3934000000.0
ETR,2026-08-07,fcf_ttm,-2833619000.0
EVRG,2026-08-07,fcf_ttm,-1097900000.0
EW,2026-08-07,fcf_ttm,1433600000.0
EXC,2026-08-07,fcf_ttm,-2163000000.0
EXE,2026-08-07,fcf_ttm,3001000000.0
EXPD,2026-08-07,fcf_ttm,923864000.0
EXPE,2026-08-07,fcf_ttm,4459000000.0
F,2026-08-07,fcf_ttm,9546000000.0
FANG,2026-08-07,fcf_ttm,6497000000.0
FAST,2026-08-07,fcf_ttm,1155800000.0
FCX,2026-08-07,fcf_ttm,1752000000.0
FDS,2026-08-07,fcf_ttm,708307000.0
FDX,2026-08-07,fcf_ttm,5116000000.0
FE,2026-08-07,fcf_ttm,-1744000000.0
FFIV,2026-08-07,fcf_ttm,969595000.0
FICO,2026-08-07,fcf_ttm,996023000.0
FIS,2026-08-07,fcf_ttm,2822000000.0
FISV,2026-08-07,fcf_ttm,3926000000.0
FIX,2026-08-07,fcf_ttm,2159806000.0
FLEX,2026-08-07,fcf_ttm,826000000.0
FOX,2026-08-07,fcf_ttm,1468000000.0
FOXA,2026-08-07,fcf_ttm,1468000000.0
FSLR,2026-08-07,fcf_ttm,1500119000.0
FTNT,2026-08-07,fcf_ttm,3117000000.0
FTV,2026-08-07,fcf_ttm,929600000.0
GD,2026-08-07,fcf_ttm,6201000000.0
GDDY,2026-08-07,fcf_ttm,1702900000.0
GE,2026-08-07,fcf_ttm,8374000000.0
GEN,2026-08-07,fcf_ttm,1523000000.0
GEV,2026-08-07,fcf_ttm,12438000000.0
GILD,2026-08-07,fcf_ttm,12943000000.0
GIS,2026-08-07,fcf_ttm,1626300000.0
GM,2026-08-07,fcf_ttm,14398000000.0
GNRC,2026-08-07,fcf_ttm,379249000.0
GOOG,2026-08-07,fcf_ttm,53273000000.0
GOOGL,2026-08-07,fcf_ttm,53273000000.0
GPC,2026-08-07,fcf_ttm,759354000.0
GPN,2026-08-07,fcf_ttm,822719000.0
GRMN,2026-08-07,fcf_ttm,1451558000.0
GWW,2026-08-07,fcf_ttm,1510000000.0
HAL,2026-08-07,fcf_ttm,1725000000.0
HAS,2026-08-07,fcf_ttm,1213600000.0
HCA,2026-08-07,fcf_ttm,7927000000.0
HD,2026-08-07,fcf_ttm,14315000000.0
HII,2026-08-07,fcf_ttm,-85000000.0
HLT,2026-08-07,fcf_ttm,2029000000.0
HON,2026-08-07,fcf_ttm,4010000000.0
HPE,2026-08-07,fcf_ttm,3989000000.0
HPQ,2026-08-07,fcf_ttm,3779000000.0
HRL,2026-08-07,fcf_ttm,692939000.0
HSIC,2026-08-07,fcf_ttm,569000000.0
HSY,2026-08-07,fcf_ttm,2228157000.0
HUBB,2026-08-07,fcf_ttm,909300000.0
HUM,2026-08-07,fcf_ttm,1272000000.0
HWM,2026-08-07,fcf_ttm,1791000000.0
IBM,2026-08-07,fcf_ttm,13790000000.0
ICE,2026-08-07,fcf_ttm,5078000000.0
IDXX,2026-08-07,fcf_ttm,1254332000.0
IEX,2026-08-07,fcf_ttm,641500000.0
IFF,2026-08-07,fcf_ttm,540000000.0
INCY,2026-08-07,fcf_ttm,892108000.0
INTC,2026-08-07,fcf_ttm,2831000000.0
IP,2026-08-07,fcf_ttm,492000000.0
IQV,2026-08-07,fcf_ttm,2116000000.0
IR,2026-08-07,fcf_ttm,1219300000.0
ISRG,2026-08-07,fcf_ttm,3222600000.0
ITW,2026-08-07,fcf_ttm,2921000000.0
IVZ,2026-08-07,fcf_ttm,1920700000.0
J,2026-08-07,fcf_ttm,644544000.0
JBHT,2026-08-07,fcf_ttm,1099722000.0
JBL,2026-08-07,fcf_ttm,1306000000.0
JCI,2026-08-07,fcf_ttm,2666000000.0
JKHY,2026-08-07,fcf_ttm,727610000.0
JNJ,2026-08-07,fcf_ttm,22244000000.0
KDP,2026-08-07,fcf_ttm,1581000000.0
KEYS,2026-08-07,fcf_ttm,1357000000.0
KHC,2026-08-07,fcf_ttm,3816000000.0
KLAC,2026-08-07,fcf_ttm,3767134000.0
KMB,2026-08-07,fcf_ttm,1820000000.0
KMI,2026-08-07,fcf_ttm,3158000000.0
KO,2026-08-07,fcf_ttm,12562000000.0
KVUE,2026-08-07,fcf_ttm,1914000000.0
LDOS,2026-08-07,fcf_ttm,2163000000.0
LEN,2026-08-07,fcf_ttm,716773000.0
LH,2026-08-07,fcf_ttm,1155200000.0
LHX,2026-08-07,fcf_ttm,2808000000.0
LII,2026-08-07,fcf_ttm,660700000.0
LIN,2026-08-07,fcf_ttm,4975000000.0
LITE,2026-08-07,fcf_ttm,114000000.0
LLY,2026-08-07,fcf_ttm,18190000000.0
LMT,2026-08-07,fcf_ttm,8729000000.0
LNT,2026-08-07,fcf_ttm,-32000000.0
LOW,2026-08-07,fcf_ttm,7619000000.0
LRCX,2026-08-07,fcf_ttm,6004822000.0
LULU,2026-08-07,fcf_ttm,1279952000.0
LUV,2026-08-07,fcf_ttm,-455000000.0
LVS,2026-08-07,fcf_ttm,2703000000.0
LYB,2026-08-07,fcf_ttm,1578000000.0
LYV,2026-08-07,fcf_ttm,1382702000.0
MA,2026-08-07,fcf_ttm,16702000000.0
MAS,2026-08-07,fcf_ttm,943000000.0
MCD,2026-08-07,fcf_ttm,7761000000.0
MCHP,2026-08-07,fcf_ttm,1110900000.0
MCK,2026-08-07,fcf_ttm,6416000000.0
MCO,2026-08-07,fcf_ttm,2967000000.0
MDLZ,2026-08-07,fcf_ttm,2575000000.0
MDT,2026-08-07,fcf_ttm,5426000000.0
META,2026-08-07,fcf_ttm,48253000000.0
MGM,2026-08-07,fcf_ttm,1494547000.0
MLM,2026-08-07,fcf_ttm,810000000.0
MMM,2026-08-07,fcf_ttm,3985000000.0
MNST,2026-08-07,fcf_ttm,2097916000.0
MO,2026-08-07,fcf_ttm,9112000000.0
MOS,2026-08-07,fcf_ttm,-947100000.0
MPC,2026-08-07,fcf_ttm,12899000000.0
MPWR,2026-08-07,fcf_ttm,585537000.0
MRK,2026-08-07,fcf_ttm,14115000000.0
MRSH,2026-08-07,fcf_ttm,4767000000.0
MRVL,2026-08-07,fcf_ttm,1665400000.0
MSCI,2026-08-07,fcf_ttm,1597927000.0
MSFT,2026-08-07,fcf_ttm,66987000000.0
MSI,2026-08-07,fcf_ttm,2677000000.0
MTD,2026-08-07,fcf_ttm,863969000.0
MU,2026-08-07,fcf_ttm,26172000000.0
NCLH,2026-08-07,fcf_ttm,-1185394000.0
NDAQ,2026-08-07,fcf_ttm,1951000000.0
NDSN,2026-08-07,fcf_ttm,713670000.0
NEM,2026-08-07,fcf_ttm,9733000000.0
NFLX,2026-08-07,fcf_ttm,11152005000.0
NI,2026-08-07,fcf_ttm,-1086200000.0
NKE,2026-08-07,fcf_ttm,2184000000.0
NOC,2026-08-07,fcf_ttm,3646000000.0
NOW,2026-08-07,fcf_ttm,4580000000.0
NRG,2026-08-07,fcf_ttm,348000000.0
NSC,2026-08-07,fcf_ttm,1631000000.0
NTAP,2026-08-07,fcf_ttm,1869000000.0
NUE,2026-08-07,fcf_ttm,532000000.0
NVDA,2026-08-07,fcf_ttm,119076000000.0
NWS,2026-08-07,fcf_ttm,811000000.0
NWSA,2026-08-07,fcf_ttm,811000000.0
NXPI,2026-08-07,fcf_ttm,2711000000.0
ODFL,2026-08-07,fcf_ttm,1114770000.0
OKE,2026-08-07,fcf_ttm,2906000000.0
OMC,2026-08-07,fcf_ttm,2990300000.0
ON,2026-08-07,fcf_ttm,1500400000.0
ORCL,2026-08-07,fcf_ttm,-23686000000.0
ORLY,2026-08-07,fcf_ttm,1913475000.0
OTIS,2026-08-07,fcf_ttm,1712000000.0
OXY,2026-08-07,fcf_ttm,5140000000.0
PANW,2026-08-07,fcf_ttm,3793800000.0
PAYX,2026-08-07,fcf_ttm,2321800000.0
PCAR,2026-08-07,fcf_ttm,3696300000.0
PCG,2026-08-07,fcf_ttm,-4263000000.0
PEG,2026-08-07,fcf_ttm,276000000.0
PEP,2026-08-07,fcf_ttm,9282000000.0
PFE,2026-08-07,fcf_ttm,10985000000.0
PG,2026-08-07,fcf_ttm,15147000000.0
PH,2026-08-07,fcf_ttm,3678000000.0
PKG,2026-08-07,fcf_ttm,742400000.0
PLTR,2026-08-07,fcf_ttm,3358272000.0
PM,2026-08-07,fcf_ttm,12722000000.0
PNR,2026-08-07,fcf_ttm,715800000.0
PNW,2026-08-07,fcf_ttm,-878537000.0
PODD,2026-08-07,fcf_ttm,293700000.0
POOL,2026-08-07,fcf_ttm,312735000.0
PPG,2026-08-07,fcf_ttm,1220000000.0
PPL,2026-08-07,fcf_ttm,-1622000000.0
PTC,2026-08-07,fcf_ttm,935484000.0
PWR,2026-08-07,fcf_ttm,2391158000.0
PYPL,2026-08-07,fcf_ttm,5503000000.0
Q,2026-08-07,fcf_ttm,825000000.0
QCOM,2026-08-07,fcf_ttm,10416000000.0
RCL,2026-08-07,fcf_ttm,1371000000.0
RDDT,2026-08-07,fcf_ttm,1018649000.0
REGN,2026-08-07,fcf_ttm,3760400000.0
RMD,2026-08-07,fcf_ttm,1754221000.0
ROL,2026-08-07,fcf_ttm,619169000.0
ROP,2026-08-07,fcf_ttm,1402600000.0
ROST,2026-08-07,fcf_ttm,2632326000.0
RSG,2026-08-07,fcf_ttm,2653000000.0
RTX,2026-08-07,fcf_ttm,11407000000.0
RVTY,2026-08-07,fcf_ttm,503431000.0
SATS,2026-08-07,fcf_ttm,-725181000.0
SBUX,2026-08-07,fcf_ttm,3642100000.0
SHW,2026-08-07,fcf_ttm,3213200000.0
SJM,2026-08-07,fcf_ttm,1156200000.0
SLB,2026-08-07,fcf_ttm,4677000000.0
SMCI,2026-08-07,fcf_ttm,-6849681000.0
SNDK,2026-08-07,fcf_ttm,4460000000.0
SNPS,2026-08-07,fcf_ttm,2633795000.0
SO,2026-08-07,fcf_ttm,-3466000000.0
SOLV,2026-08-07,fcf_ttm,-118000000.0
SPGI,2026-08-07,fcf_ttm,5556000000.0
SRE,2026-08-07,fcf_ttm,-5845000000.0
STE,2026-08-07,fcf_ttm,972400000.0
STLD,2026-08-07,fcf_ttm,955563000.0
STX,2026-08-07,fcf_ttm,3105000000.0
STZ,2026-08-07,fcf_ttm,1834200000.0
SW,2026-08-07,fcf_ttm,1015000000.0
SWK,2026-08-07,fcf_ttm,1289100000.0
SWKS,2026-08-07,fcf_ttm,434200000.0
SYK,2026-08-07,fcf_ttm,4702000000.0
SYY,2026-08-07,fcf_ttm,1821000000.0
T,2026-08-07,fcf_ttm,17623000000.0
TAP,2026-08-07,fcf_ttm,1067800000.0
TDG,2026-08-07,fcf_ttm,1927000000.0
TDY,2026-08-07,fcf_ttm,1142100000.0
TECH,2026-08-07,fcf_ttm,269598000.0
TEL,2026-08-07,fcf_ttm,3315000000.0
TER,2026-08-07,fcf_ttm,799932000.0
TGT,2026-08-07,fcf_ttm,3031000000.0
TJX,2026-08-07,fcf_ttm,5477000000.0
TMO,2026-08-07,fcf_ttm,7318000000.0
TMUS,2026-08-07,fcf_ttm,18399000000.0
TPL,2026-08-07,fcf_ttm,422163000.0
TPR,2026-08-07,fcf_ttm,1755000000.0
TRGP,2026-08-07,fcf_ttm,740900000.0
TRMB,2026-08-07,fcf_ttm,480500000.0
TROW,2026-08-07,fcf_ttm,1673800000.0
TSCO,2026-08-07,fcf_ttm,306981000.0
TSLA,2026-08-07,fcf_ttm,5762000000.0
TSN,2026-08-07,fcf_ttm,1161000000.0
TTD,2026-08-07,fcf_ttm,863049000.0
TTWO,2026-08-07,fcf_ttm,461500000.0
TXN,2026-08-07,fcf_ttm,5355000000.0
TXT,2026-08-07,fcf_ttm,759000000.0
TYL,2026-08-07,fcf_ttm,714266000.0
UAL,2026-08-07,fcf_ttm,2544000000.0
UBER,2026-08-07,fcf_ttm,10116000000.0
UHS,2026-08-07,fcf_ttm,912694000.0
ULTA,2026-08-07,fcf_ttm,1130579000.0
UNH,2026-08-07,fcf_ttm,19666000000.0
UNP,2026-08-07,fcf_ttm,6504000000.0
UPS,2026-08-07,fcf_ttm,5457000000.0
URI,2026-08-07,fcf_ttm,416000000.0
V,2026-08-07,fcf_ttm,21185000000.0
VEEV,2026-08-07,fcf_ttm,424090000.0
VLO,2026-08-07,fcf_ttm,2817000000.0
VLTO,2026-08-07,fcf_ttm,1042000000.0
VMC,2026-08-07,fcf_ttm,1116400000.0
VRSK,2026-08-07,fcf_ttm,1127300000.0
VRSN,2026-08-07,fcf_ttm,1066100000.0
VRT,2026-08-07,fcf_ttm,2929800000.0
VRTX,2026-08-07,fcf_ttm,3796100000.0
VST,2026-08-07,fcf_ttm,1803000000.0
VTRS,2026-08-07,fcf_ttm,1954800000.0
VZ,2026-08-07,fcf_ttm,17879000000.0
WAB,2026-08-07,fcf_ttm,1714000000.0
WBD,2026-08-07,fcf_ttm,2180000000.0
WDAY,2026-08-07,fcf_ttm,2972000000.0
WDC,2026-08-07,fcf_ttm,2905000000.0
WM,2026-08-07,fcf_ttm,3573000000.0
WMB,2026-08-07,fcf_ttm,-108000000.0
WMT,2026-08-07,fcf_ttm,12552000000.0
WSM,2026-08-07,fcf_ttm,1093390000.0
WST,2026-08-07,fcf_ttm,436900000.0
WTW,2026-08-07,fcf_ttm,1689000000.0
WYNN,2026-08-07,fcf_ttm,791874000.0
XEL,2026-08-07,fcf_ttm,-7692000000.0
XOM,2026-08-07,fcf_ttm,18792000000.0
XYL,2026-08-07,fcf_ttm,960000000.0
XYZ,2026-08-07,fcf_ttm,3881840000.0
YUM,2026-08-07,fcf_ttm,1679000000.0
ZBH,2026-08-07,fcf_ttm,1523000000.0
ZBRA,2026-08-07,fcf_ttm,904000000.0
ZTS,2026-08-07,fcf_ttm,2316000000.0
AAPL,2026-08-07,ebitda_ttm,167959000000.0
ABNB,2026-08-07,ebitda_ttm,2566000000.0
ACN,2026-08-07,ebitda_ttm,12007744000.0
ADBE,2026-08-07,ebitda_ttm,9849000000.0
ADI,2026-08-07,ebitda_ttm,6104016000.0
ADSK,2026-08-07,ebitda_ttm,2084000000.0
AEE,2026-08-07,ebitda_ttm,3836000000.0
AEP,2026-08-07,ebitda_ttm,8848400000.0
AKAM,2026-08-07,ebitda_ttm,1245195000.0
ALB,2026-08-07,ebitda_ttm,893877000.0
ALLE,2026-08-07,ebitda_ttm,1036000000.0
AMAT,2026-08-07,ebitda_ttm,8788000000.0
AMCR,2026-08-07,ebitda_ttm,2777000000.0
AMD,2026-08-07,ebitda_ttm,8748000000.0
AME,2026-08-07,ebitda_ttm,2457148000.0
AMZN,2026-08-07,ebitda_ttm,168912000000.0
ANET,2026-08-07,ebitda_ttm,4639600000.0
AON,2026-08-07,ebitda_ttm,4844000000.0
AOS,2026-08-07,ebitda_ttm,758700000.0
APD,2026-08-07,ebitda_ttm,950800000.0
APH,2026-08-07,ebitda_ttm,9145300000.0
APP,2026-08-07,ebitda_ttm,5422526000.0
APTV,2026-08-07,ebitda_ttm,1939000000.0
ATO,2026-08-07,ebitda_ttm,2596996000.0
AVGO,2026-08-07,ebitda_ttm,37285000000.0
AWK,2026-08-07,ebitda_ttm,2886000000.0
AXON,2026-08-07,ebitda_ttm,133149000.0
AZO,2026-08-07,ebitda_ttm,4264021000.0
BA,2026-08-07,ebitda_ttm,6796000000.0
BBY,2026-08-07,ebitda_ttm,2354000000.0
BEN,2026-08-07,ebitda_ttm,1026900000.0
BF-B,2026-08-07,ebitda_ttm,1093000000.0
BKNG,2026-08-07,ebitda_ttm,9855000000.0
BLDR,2026-08-07,ebitda_ttm,1032812000.0
BLK,2026-08-07,ebitda_ttm,10371000000.0
BR,2026-08-07,ebitda_ttm,1438300000.0
CAG,2026-08-07,ebitda_ttm,-1232400000.0
CAH,2026-08-07,ebitda_ttm,3416000000.0
CARR,2026-08-07,ebitda_ttm,3088000000.0
CAT,2026-08-07,ebitda_ttm,15471000000.0
CBOE,2026-08-07,ebitda_ttm,1875500000.0
CBRE,2026-08-07,ebitda_ttm,2721000000.0
CCL,2026-08-07,ebitda_ttm,7326000000.0
CDNS,2026-08-07,ebitda_ttm,1821385000.0
CDW,2026-08-07,ebitda_ttm,1976200000.0
CE,2026-08-07,ebitda_ttm,143000000.0
CEG,2026-08-07,ebitda_ttm,8265000000.0
CF,2026-08-07,ebitda_ttm,4069000000.0
CHD,2026-08-07,ebitda_ttm,1336600000.0
CHRW,2026-08-07,ebitda_ttm,933349000.0
CHTR,2026-08-07,ebitda_ttm,21425000000.0
CI,2026-08-07,ebitda_ttm,12681000000.0
CIEN,2026-08-07,ebitda_ttm,653809000.0
CL,2026-08-07,ebitda_ttm,3773000000.0
CMCSA,2026-08-07,ebitda_ttm,34077000000.0
CME,2026-08-07,ebitda_ttm,4715000000.0
CMG,2026-08-07,ebitda_ttm,2198420000.0
CMI,2026-08-07,ebitda_ttm,5013000000.0
CMS,2026-08-07,ebitda_ttm,3020000000.0
CNC,2026-08-07,ebitda_ttm,-4394000000.0
CNP,2026-08-07,ebitda_ttm,3709000000.0
COHR,2026-08-07,ebitda_ttm,559857121000.0
COIN,2026-08-07,ebitda_ttm,872979000.0
COR,2026-08-07,ebitda_ttm,4079724000.0
COST,2026-08-07,ebitda_ttm,13790000000.0
CPAY,2026-08-07,ebitda_ttm,2619090000.0
CPB,2026-08-07,ebitda_ttm,1529000000.0
CPRT,2026-08-07,ebitda_ttm,1871467000.0
CRM,2026-08-07,ebitda_ttm,12509000000.0
CRWD,2026-08-07,ebitda_ttm,-163259000.0
CSCO,2026-08-07,ebitda_ttm,15135000000.0
CSGP,2026-08-07,ebitda_ttm,394000000.0
CSX,2026-08-07,ebitda_ttm,6610000000.0
CTAS,2026-08-07,ebitda_ttm,3039495000.0
CTSH,2026-08-07,ebitda_ttm,3934000000.0
CVS,2026-08-07,ebitda_ttm,12810000000.0
D,2026-08-07,ebitda_ttm,7019000000.0
DAL,2026-08-07,ebitda_ttm,8041000000.0
DASH,2026-08-07,ebitda_ttm,1712000000.0
DDOG,2026-08-07,ebitda_ttm,78329000.0
DE,2026-08-07,ebitda_ttm,14962000000.0
DECK,2026-08-07,ebitda_ttm,1326979000.0
DELL,2026-08-07,ebitda_ttm,13689000000.0
DG,2026-08-07,ebitda_ttm,3330364000.0
DGX,2026-08-07,ebitda_ttm,2210000000.0
DIS,2026-08-07,ebitda_ttm,23767000000.0
DLTR,2026-08-07,ebitda_ttm,2301200000.0
DOV,2026-08-07,ebitda_ttm,1812160000.0
DPZ,2026-08-07,ebitda_ttm,1070126000.0
DRI,2026-08-07,ebitda_ttm,2143900000.0
DTE,2026-08-07,ebitda_ttm,4034000000.0
DUK,2026-08-07,ebitda_ttm,16905000000.0
DVA,2026-08-07,ebitda_ttm,2837560000.0
EA,2026-08-07,ebitda_ttm,1725000000.0
EBAY,2026-08-07,ebitda_ttm,2934000000.0
ECL,2026-08-07,ebitda_ttm,3882900000.0
ED,2026-08-07,ebitda_ttm,5316000000.0
EFX,2026-08-07,ebitda_ttm,1897800000.0
EIX,2026-08-07,ebitda_ttm,9362000000.0
EL,2026-08-07,ebitda_ttm,1237000000.0
ELV,2026-08-07,ebitda_ttm,6966000000.0
EME,2026-08-07,ebitda_ttm,2135300000.0
EOG,2026-08-07,ebitda_ttm,13752000000.0
EQT,2026-08-07,ebitda_ttm,6749857000.0
ERIE,2026-08-07,ebitda_ttm,786634000.0
ES,2026-08-07,ebitda_ttm,5293768000.0
ETN,2026-08-07,ebitda_ttm,4175000000.0
ETR,2026-08-07,ebitda_ttm,5410039000.0
EVRG,2026-08-07,ebitda_ttm,2739800000.0
EXC,2026-08-07,ebitda_ttm,8908000000.0
EXE,2026-08-07,ebitda_ttm,7250000000.0
EXPD,2026-08-07,ebitda_ttm,1238286000.0
EXPE,2026-08-07,ebitda_ttm,3408000000.0
F,2026-08-07,ebitda_ttm,8850000000.0
FANG,2026-08-07,ebitda_ttm,6322000000.0
FAST,2026-08-07,ebitda_ttm,1954800000.0
FCX,2026-08-07,ebitda_ttm,9070000000.0
FDS,2026-08-07,ebitda_ttm,897081000.0
FDX,2026-08-07,ebitda_ttm,9832000000.0
FE,2026-08-07,ebitda_ttm,3954000000.0
FFIV,2026-08-07,ebitda_ttm,909529000.0
FICO,2026-08-07,ebitda_ttm,1252442000.0
FIS,2026-08-07,ebitda_ttm,4156000000.0
FISV,2026-08-07,ebitda_ttm,6981000000.0
FLEX,2026-08-07,ebitda_ttm,2011000000.0
FSLR,2026-08-07,ebitda_ttm,2385900000.0
FTNT,2026-08-07,ebitda_ttm,2601300000.0
FTV,2026-08-07,ebitda_ttm,1218400000.0
GD,2026-08-07,ebitda_ttm,6441000000.0
GDDY,2026-08-07,ebitda_ttm,1359400000.0
GEN,2026-08-07,ebitda_ttm,2613000000.0
GEV,2026-08-07,ebitda_ttm,3002000000.0
GIS,2026-08-07,ebitda_ttm,1441000000.0
GLW,2026-08-07,ebitda_ttm,3858000000.0
GM,2026-08-07,ebitda_ttm,13942000000.0
GNRC,2026-08-07,ebitda_ttm,636245000.0
GOOG,2026-08-07,ebitda_ttm,173410000000.0
GOOGL,2026-08-07,ebitda_ttm,173410000000.0
GPC,2026-08-07,ebitda_ttm,1413986000.0
GPN,2026-08-07,ebitda_ttm,3661955000.0
GRMN,2026-08-07,ebitda_ttm,2130483000.0
GWW,2026-08-07,ebitda_ttm,3077000000.0
HAL,2026-08-07,ebitda_ttm,3725000000.0
HAS,2026-08-07,ebitda_ttm,1288500000.0
HD,2026-08-07,ebitda_ttm,24307000000.0
HII,2026-08-07,ebitda_ttm,1020000000.0
HLT,2026-08-07,ebitda_ttm,3107000000.0
HON,2026-08-07,ebitda_ttm,9151000000.0
HPE,2026-08-07,ebitda_ttm,4769000000.0
HPQ,2026-08-07,ebitda_ttm,4038000000.0
HRL,2026-08-07,ebitda_ttm,972717000.0
HSIC,2026-08-07,ebitda_ttm,1007000000.0
HSY,2026-08-07,ebitda_ttm,2692232000.0
HUBB,2026-08-07,ebitda_ttm,1461600000.0
HUM,2026-08-07,ebitda_ttm,3122000000.0
HWM,2026-08-07,ebitda_ttm,2798000000.0
ICE,2026-08-07,ebitda_ttm,7016000000.0
IEX,2026-08-07,ebitda_ttm,954400000.0
IFF,2026-08-07,ebitda_ttm,1702000000.0
INTC,2026-08-07,ebitda_ttm,12302000000.0
INTU,2026-08-07,ebitda_ttm,6409000000.0
IR,2026-08-07,ebitda_ttm,1970700000.0
IT,2026-08-07,ebitda_ttm,1304619000.0
ITW,2026-08-07,ebitda_ttm,4692000000.0
IVZ,2026-08-07,ebitda_ttm,-350100000.0
J,2026-08-07,ebitda_ttm,737221000.0
JBHT,2026-08-07,ebitda_ttm,1673963000.0
JBL,2026-08-07,ebitda_ttm,2136000000.0
JKHY,2026-08-07,ebitda_ttm,695771000.0
KDP,2026-08-07,ebitda_ttm,4134000000.0
KEYS,2026-08-07,ebitda_ttm,1454000000.0
KHC,2026-08-07,ebitda_ttm,-2175000000.0
KLAC,2026-08-07,ebitda_ttm,714447000.0
KMB,2026-08-07,ebitda_ttm,3239000000.0
KMI,2026-08-07,ebitda_ttm,7697000000.0
KO,2026-08-07,ebitda_ttm,15509000000.0
KVUE,2026-08-07,ebitda_ttm,3197000000.0
LDOS,2026-08-07,ebitda_ttm,2332000000.0
LH,2026-08-07,ebitda_ttm,2192900000.0
LHX,2026-08-07,ebitda_ttm,5227000000.0
LII,2026-08-07,ebitda_ttm,1153200000.0
LIN,2026-08-07,ebitda_ttm,13203000000.0
LITE,2026-08-07,ebitda_ttm,491500000.0
LNT,2026-08-07,ebitda_ttm,1875000000.0
LOW,2026-08-07,ebitda_ttm,12543000000.0
LRCX,2026-08-07,ebitda_ttm,7847765000.0
LULU,2026-08-07,ebitda_ttm,2565970000.0
LUV,2026-08-07,ebitda_ttm,2606000000.0
LVS,2026-08-07,ebitda_ttm,4386000000.0
LYB,2026-08-07,ebitda_ttm,2387000000.0
LYV,2026-08-07,ebitda_ttm,1489343000.0
MA,2026-08-07,ebitda_ttm,21660000000.0
MAR,2026-08-07,ebitda_ttm,1257000000.0
MAS,2026-08-07,ebitda_ttm,1429000000.0
MCD,2026-08-07,ebitda_ttm,13271000000.0
MCHP,2026-08-07,ebitda_ttm,1469700000.0
MCK,2026-08-07,ebitda_ttm,7262000000.0
MCO,2026-08-07,ebitda_ttm,4150000000.0
MDLZ,2026-08-07,ebitda_ttm,5053000000.0
META,2026-08-07,ebitda_ttm,109308000000.0
MGM,2026-08-07,ebitda_ttm,2102451000.0
MKC,2026-08-07,ebitda_ttm,1360600000.0
MLM,2026-08-07,ebitda_ttm,2067000000.0
MMM,2026-08-07,ebitda_ttm,6013000000.0
MNST,2026-08-07,ebitda_ttm,2808606000.0
MO,2026-08-07,ebitda_ttm,11209000000.0
MOS,2026-08-07,ebitda_ttm,984100000.0
MPC,2026-08-07,ebitda_ttm,17449000000.0
MPWR,2026-08-07,ebitda_ttm,1000282000.0
MRSH,2026-08-07,ebitda_ttm,6403000000.0
MRVL,2026-08-07,ebitda_ttm,2313200000.0
MSCI,2026-08-07,ebitda_ttm,1881115000.0
MSFT,2026-08-07,ebitda_ttm,194337000000.0
MSI,2026-08-07,ebitda_ttm,3597000000.0
MU,2026-08-07,ebitda_ttm,68254000000.0
NCLH,2026-08-07,ebitda_ttm,2754931000.0
NDAQ,2026-08-07,ebitda_ttm,3233000000.0
NEE,2026-08-07,ebitda_ttm,15088000000.0
NFLX,2026-08-07,ebitda_ttm,14726931000.0
NI,2026-08-07,ebitda_ttm,3133100000.0
NOC,2026-08-07,ebitda_ttm,6122000000.0
NOW,2026-08-07,ebitda_ttm,2751000000.0
NRG,2026-08-07,ebitda_ttm,3677000000.0
NSC,2026-08-07,ebitda_ttm,5447000000.0
NTAP,2026-08-07,ebitda_ttm,1874000000.0
NVDA,2026-08-07,ebitda_ttm,165514000000.0
NXPI,2026-08-07,ebitda_ttm,4631000000.0
ODFL,2026-08-07,ebitda_ttm,1816640000.0
OKE,2026-08-07,ebitda_ttm,7642000000.0
OMC,2026-08-07,ebitda_ttm,1022900000.0
ON,2026-08-07,ebitda_ttm,1459100000.0
ORCL,2026-08-07,ebitda_ttm,29900000000.0
ORLY,2026-08-07,ebitda_ttm,4085121000.0
OTIS,2026-08-07,ebitda_ttm,2461000000.0
PANW,2026-08-07,ebitda_ttm,1618300000.0
PAYX,2026-08-07,ebitda_ttm,2953100000.0
PEG,2026-08-07,ebitda_ttm,3599000000.0
PEP,2026-08-07,ebitda_ttm,17961000000.0
PG,2026-08-07,ebitda_ttm,22909000000.0
PH,2026-08-07,ebitda_ttm,5713000000.0
PKG,2026-08-07,ebitda_ttm,1811200000.0
PLTR,2026-08-07,ebitda_ttm,2662630000.0
PM,2026-08-07,ebitda_ttm,18108000000.0
PNR,2026-08-07,ebitda_ttm,983400000.0
PNW,2026-08-07,ebitda_ttm,2134341000.0
POOL,2026-08-07,ebitda_ttm,629383000.0
PPL,2026-08-07,ebitda_ttm,3537000000.0
PTC,2026-08-07,ebitda_ttm,1216889000.0
PWR,2026-08-07,ebitda_ttm,3066283000.0
PYPL,2026-08-07,ebitda_ttm,6979000000.0
QCOM,2026-08-07,ebitda_ttm,11792000000.0
RCL,2026-08-07,ebitda_ttm,6892000000.0
RDDT,2026-08-07,ebitda_ttm,801517000.0
RL,2026-08-07,ebitda_ttm,1484400000.0
ROK,2026-08-07,ebitda_ttm,2357000000.0
ROL,2026-08-07,ebitda_ttm,861838000.0
ROP,2026-08-07,ebitda_ttm,3238000000.0
ROST,2026-08-07,ebitda_ttm,3430965000.0
RSG,2026-08-07,ebitda_ttm,5233000000.0
RTX,2026-08-07,ebitda_ttm,14885000000.0
SATS,2026-08-07,ebitda_ttm,-15574516000.0
SBUX,2026-08-07,ebitda_ttm,4644300000.0
SJM,2026-08-07,ebitda_ttm,917200000.0
SMCI,2026-08-07,ebitda_ttm,1560813000.0
SNA,2026-08-07,ebitda_ttm,1437500000.0
SNDK,2026-08-07,ebitda_ttm,5518000000.0
SNPS,2026-08-07,ebitda_ttm,2080903000.0
SO,2026-08-07,ebitda_ttm,13492000000.0
SPGI,2026-08-07,ebitda_ttm,8096000000.0
STLD,2026-08-07,ebitda_ttm,2674441000.0
STX,2026-08-07,ebitda_ttm,4370000000.0
STZ,2026-08-07,ebitda_ttm,3265300000.0
SW,2026-08-07,ebitda_ttm,4217000000.0
SWKS,2026-08-07,ebitda_ttm,768700000.0
SYY,2026-08-07,ebitda_ttm,3959000000.0
T,2026-08-07,ebitda_ttm,45980000000.0
TDG,2026-08-07,ebitda_ttm,5027000000.0
TDY,2026-08-07,ebitda_ttm,1581700000.0
TEL,2026-08-07,ebitda_ttm,4816000000.0
TER,2026-08-07,ebitda_ttm,1481911000.0
TGT,2026-08-07,ebitda_ttm,7940000000.0
TJX,2026-08-07,ebitda_ttm,5582882000.0
TKO,2026-08-07,ebitda_ttm,1524991000.0
TMUS,2026-08-07,ebitda_ttm,32668000000.0
TPL,2026-08-07,ebitda_ttm,740057000.0
TPR,2026-08-07,ebitda_ttm,1047300000.0
TRGP,2026-08-07,ebitda_ttm,5488800000.0
TRMB,2026-08-07,ebitda_ttm,839400000.0
TSCO,2026-08-07,ebitda_ttm,1850267000.0
TSLA,2026-08-07,ebitda_ttm,9812000000.0
TSN,2026-08-07,ebitda_ttm,2633000000.0
TT,2026-08-07,ebitda_ttm,4374900000.0
TTD,2026-08-07,ebitda_ttm,712982000.0
TTWO,2026-08-07,ebitda_ttm,94300000.0
TXN,2026-08-07,ebitda_ttm,9376000000.0
TYL,2026-08-07,ebitda_ttm,511990000.0
UAL,2026-08-07,ebitda_ttm,7869000000.0
UBER,2026-08-07,ebitda_ttm,7445000000.0
UHS,2026-08-07,ebitda_ttm,2667874000.0
ULTA,2026-08-07,ebitda_ttm,1889609000.0
UNH,2026-08-07,ebitda_ttm,23164000000.0
UNP,2026-08-07,ebitda_ttm,12684000000.0
UPS,2026-08-07,ebitda_ttm,10074000000.0
URI,2026-08-07,ebitda_ttm,4476000000.0
V,2026-08-07,ebitda_ttm,27588000000.0
VLO,2026-08-07,ebitda_ttm,10061000000.0
VLTO,2026-08-07,ebitda_ttm,1376000000.0
VMC,2026-08-07,ebitda_ttm,2391000000.0
VRSK,2026-08-07,ebitda_ttm,1627700000.0
VRSN,2026-08-07,ebitda_ttm,1186000000.0
VRT,2026-08-07,ebitda_ttm,2561800000.0
VST,2026-08-07,ebitda_ttm,5473000000.0
VZ,2026-08-07,ebitda_ttm,47567000000.0
WAB,2026-08-07,ebitda_ttm,2510000000.0
WBD,2026-08-07,ebitda_ttm,3803000000.0
WDAY,2026-08-07,ebitda_ttm,1331000000.0
WDC,2026-08-07,ebitda_ttm,3516000000.0
WEC,2026-08-07,ebitda_ttm,3829700000.0
WM,2026-08-07,ebitda_ttm,7521000000.0
WMB,2026-08-07,ebitda_ttm,6993000000.0
WMT,2026-08-07,ebitda_ttm,44838000000.0
WSM,2026-08-07,ebitda_ttm,1647858000.0
WTW,2026-08-07,ebitda_ttm,2670000000.0
WYNN,2026-08-07,ebitda_ttm,1803640000.0
XEL,2026-08-07,ebitda_ttm,5720000000.0
XYL,2026-08-07,ebitda_ttm,1886000000.0
XYZ,2026-08-07,ebitda_ttm,1548903000.0
YUM,2026-08-07,ebitda_ttm,2940000000.0
ZBRA,2026-08-07,ebitda_ttm,1072000000.0
A,2026-08-07,revenue_ttm,7232000000.0
AAPL,2026-08-07,revenue_ttm,466823000000.0
ABBV,2026-08-07,revenue_ttm,64386000000.0
ABNB,2026-08-07,revenue_ttm,13159000000.0
ABT,2026-08-07,revenue_ttm,45134000000.0
ACGL,2026-08-07,revenue_ttm,19232000000.0
ACN,2026-08-07,revenue_ttm,73100595000.0
ADBE,2026-08-07,revenue_ttm,25198000000.0
ADI,2026-08-07,revenue_ttm,12740193000.0
ADM,2026-08-07,revenue_ttm,24993000000.0
ADP,2026-08-07,revenue_ttm,21947500000.0
ADSK,2026-08-07,revenue_ttm,7507000000.0
AEE,2026-08-07,revenue_ttm,8749000000.0
AEP,2026-08-07,revenue_ttm,22207900000.0
AES,2026-08-07,revenue_ttm,13054000000.0
AFL,2026-08-07,revenue_ttm,18069000000.0
AIG,2026-08-07,revenue_ttm,26636000000.0
AIZ,2026-08-07,revenue_ttm,13456200000.0
AJG,2026-08-07,revenue_ttm,15754800000.0
AKAM,2026-08-07,revenue_ttm,4266646000.0
ALB,2026-08-07,revenue_ttm,5907904000.0
ALGN,2026-08-07,revenue_ttm,4139532000.0
ALL,2026-08-07,revenue_ttm,70137000000.0
ALLE,2026-08-07,revenue_ttm,4288500000.0
AMAT,2026-08-07,revenue_ttm,29024000000.0
AMCR,2026-08-07,revenue_ttm,22190000000.0
AMD,2026-08-07,revenue_ttm,41305000000.0
AME,2026-08-07,revenue_ttm,7863923000.0
AMGN,2026-08-07,revenue_ttm,38095000000.0
AMP,2026-08-07,revenue_ttm,19839000000.0
AMT,2026-08-07,revenue_ttm,10819300000.0
AMZN,2026-08-07,revenue_ttm,775680000000.0
ANET,2026-08-07,revenue_ttm,10540800000.0
AON,2026-08-07,revenue_ttm,17577000000.0
AOS,2026-08-07,revenue_ttm,3804900000.0
APD,2026-08-07,revenue_ttm,12602200000.0
APH,2026-08-07,revenue_ttm,29011600000.0
APO,2026-08-07,revenue_ttm,31560000000.0
APP,2026-08-07,revenue_ttm,6829124000.0
APTV,2026-08-07,revenue_ttm,18725000000.0
ARE,2026-08-07,revenue_ttm,2840164000.0
ARES,2026-08-07,revenue_ttm,5987595000.0
ATO,2026-08-07,revenue_ttm,4921526000.0
AVB,2026-08-07,revenue_ttm,3082699000.0
AVGO,2026-08-07,revenue_ttm,75465000000.0
AVY,2026-08-07,revenue_ttm,9248100000.0
AWK,2026-08-07,revenue_ttm,5273000000.0
AXON,2026-08-07,revenue_ttm,3219099000.0
AXP,2026-08-07,revenue_ttm,75950000000.0
AZO,2026-08-07,revenue_ttm,19986403000.0
BA,2026-08-07,revenue_ttm,93995000000.0
BAC,2026-08-07,revenue_ttm,121098000000.0
BALL,2026-08-07,revenue_ttm,14326000000.0
BAX,2026-08-07,revenue_ttm,11470000000.0
BBY,2026-08-07,revenue_ttm,41860000000.0
BDX,2026-08-07,revenue_ttm,23250000000.0
BEN,2026-08-07,revenue_ttm,9324100000.0
BF-B,2026-08-07,revenue_ttm,3928000000.0
BG,2026-08-07,revenue_ttm,17941000000.0
BIIB,2026-08-07,revenue_ttm,9937400000.0
BKNG,2026-08-07,revenue_ttm,28241000000.0
BKR,2026-08-07,revenue_ttm,27725000000.0
BLDR,2026-08-07,revenue_ttm,14448703000.0
BLK,2026-08-07,revenue_ttm,27299000000.0
BMY,2026-08-07,revenue_ttm,49186000000.0
BNY,2026-08-07,revenue_ttm,21367000000.0
BR,2026-08-07,revenue_ttm,7476800000.0
BRO,2026-08-07,revenue_ttm,6790000000.0
BSX,2026-08-07,revenue_ttm,20996000000.0
BX,2026-08-07,revenue_ttm,14778402000.0
BXP,2026-08-07,revenue_ttm,3516454000.0
C,2026-08-07,revenue_ttm,85225000000.0
CAG,2026-08-07,revenue_ttm,11281600000.0
CAH,2026-08-07,revenue_ttm,244673000000.0
CARR,2026-08-07,revenue_ttm,21870000000.0
CASY,2026-08-07,revenue_ttm,17561101000.0
CAT,2026-08-07,revenue_ttm,74729000000.0
CB,2026-08-07,revenue_ttm,60822000000.0
CBOE,2026-08-07,revenue_ttm,5061300000.0
CBRE,2026-08-07,revenue_ttm,43050000000.0
CCI,2026-08-07,revenue_ttm,4161000000.0
CCL,2026-08-07,revenue_ttm,27311000000.0
CDNS,2026-08-07,revenue_ttm,5528613000.0
CDW,2026-08-07,revenue_ttm,23500400000.0
CE,2026-08-07,revenue_ttm,9712000000.0
CEG,2026-08-07,revenue_ttm,24781000000.0
CF,2026-08-07,revenue_ttm,7739000000.0
CFG,2026-08-07,revenue_ttm,8726000000.0
CHD,2026-08-07,revenue_ttm,6229100000.0
CHRW,2026-08-07,revenue_ttm,16996512000.0
CHTR,2026-08-07,revenue_ttm,54396000000.0
CI,2026-08-07,revenue_ttm,282382000000.0
CIEN,2026-08-07,revenue_ttm,5569150000.0
CINF,2026-08-07,revenue_ttm,13954000000.0
CL,2026-08-07,revenue_ttm,21046000000.0
CLX,2026-08-07,revenue_ttm,6760000000.0
CMCSA,2026-08-07,revenue_ttm,124905000000.0
CME,2026-08-07,revenue_ttm,6772600000.0
CMG,2026-08-07,revenue_ttm,12423759000.0
CMI,2026-08-07,revenue_ttm,34708000000.0
CMS,2026-08-07,revenue_ttm,8592000000.0
CNC,2026-08-07,revenue_ttm,178655000000.0
CNP,2026-08-07,revenue_ttm,9356000000.0
COF,2026-08-07,revenue_ttm,58665000000.0
COHR,2026-08-07,revenue_ttm,6602084000.0
COIN,2026-08-07,revenue_ttm,6282872000.0
COO,2026-08-07,revenue_ttm,4231000000.0
COP,2026-08-07,revenue_ttm,56312000000.0
COR,2026-08-07,revenue_ttm,332771323000.0
COST,2026-08-07,revenue_ttm,293587000000.0
CPAY,2026-08-07,revenue_ttm,4783723000.0
CPB,2026-08-07,revenue_ttm,9928000000.0
CPRT,2026-08-07,revenue_ttm,4638867000.0
CPT,2026-08-07,revenue_ttm,1568187000.0
CRH,2026-08-07,revenue_ttm,38632000000.0
CRL,2026-08-07,revenue_ttm,3998987000.0
CRM,2026-08-07,revenue_ttm,42829000000.0
CRWD,2026-08-07,revenue_ttm,5094200000.0
CSCO,2026-08-07,revenue_ttm,60746000000.0
CSGP,2026-08-07,revenue_ttm,3555500000.0
CSX,2026-08-07,revenue_ttm,14512000000.0
CTAS,2026-08-07,revenue_ttm,11027210000.0
CTSH,2026-08-07,revenue_ttm,21406000000.0
CTVA,2026-08-07,revenue_ttm,17812000000.0
CVS,2026-08-07,revenue_ttm,415086000000.0
CVX,2026-08-07,revenue_ttm,208711000000.0
D,2026-08-07,revenue_ttm,17529000000.0
DAL,2026-08-07,revenue_ttm,68287000000.0
DASH,2026-08-07,revenue_ttm,15891000000.0
DD,2026-08-07,revenue_ttm,6988000000.0
DDOG,2026-08-07,revenue_ttm,3966725000.0
DE,2026-08-07,revenue_ttm,47392000000.0
DECK,2026-08-07,revenue_ttm,5527289000.0
DELL,2026-08-07,revenue_ttm,134002000000.0
DG,2026-08-07,revenue_ttm,43075355000.0
DGX,2026-08-07,revenue_ttm,11560000000.0
DHI,2026-08-07,revenue_ttm,33349900000.0
DHR,2026-08-07,revenue_ttm,25107000000.0
DIS,2026-08-07,revenue_ttm,98861000000.0
DLR,2026-08-07,revenue_ttm,6340228000.0
DLTR,2026-08-07,revenue_ttm,19729700000.0
DOC,2026-08-07,revenue_ttm,2949806000.0
DOV,2026-08-07,revenue_ttm,8420564000.0
DOW,2026-08-07,revenue_ttm,39331000000.0
DPZ,2026-08-07,revenue_ttm,5027815000.0
DRI,2026-08-07,revenue_ttm,13210900000.0
DTE,2026-08-07,revenue_ttm,16515000000.0
DUK,2026-08-07,revenue_ttm,32518000000.0
DVA,2026-08-07,revenue_ttm,14009646000.0
DVN,2026-08-07,revenue_ttm,19699000000.0
DXCM,2026-08-07,revenue_ttm,4969200000.0
EBAY,2026-08-07,revenue_ttm,12008000000.0
ECL,2026-08-07,revenue_ttm,16842500000.0
ED,2026-08-07,revenue_ttm,17392000000.0
EFX,2026-08-07,revenue_ttm,6444500000.0
EG,2026-08-07,revenue_ttm,16771000000.0
EIX,2026-08-07,revenue_ttm,19609000000.0
EL,2026-08-07,revenue_ttm,14833000000.0
ELV,2026-08-07,revenue_ttm,201113000000.0
EME,2026-08-07,revenue_ttm,18597775000.0
EMR,2026-08-07,revenue_ttm,18636000000.0
EOG,2026-08-07,revenue_ttm,27026000000.0
EQIX,2026-08-07,revenue_ttm,9805000000.0
EQR,2026-08-07,revenue_ttm,2720910000.0
EQT,2026-08-07,revenue_ttm,9535318000.0
ERIE,2026-08-07,revenue_ttm,4119469000.0
ES,2026-08-07,revenue_ttm,13998373000.0
ESS,2026-08-07,revenue_ttm,1926734000.0
ETN,2026-08-07,revenue_ttm,30025000000.0
ETR,2026-08-07,revenue_ttm,13287438000.0
EVRG,2026-08-07,revenue_ttm,5761100000.0
EW,2026-08-07,revenue_ttm,6512300000.0
EXC,2026-08-07,revenue_ttm,24786000000.0
EXE,2026-08-07,revenue_ttm,14325000000.0
EXPD,2026-08-07,revenue_ttm,12036002000.0
EXPE,2026-08-07,revenue_ttm,15700000000.0
EXR,2026-08-07,revenue_ttm,3446106000.0
F,2026-08-07,revenue_ttm,189861000000.0
FANG,2026-08-07,revenue_ttm,17102000000.0
FAST,2026-08-07,revenue_ttm,8749300000.0
FCX,2026-08-07,revenue_ttm,25257000000.0
FDS,2026-08-07,revenue_ttm,2438459000.0
FDX,2026-08-07,revenue_ttm,94720000000.0
FE,2026-08-07,revenue_ttm,15527000000.0
FFIV,2026-08-07,revenue_ttm,3309332000.0
FICO,2026-08-07,revenue_ttm,2393575000.0
FIS,2026-08-07,revenue_ttm,12201000000.0
FISV,2026-08-07,revenue_ttm,20866000000.0
FITB,2026-08-07,revenue_ttm,10744000000.0
FIX,2026-08-07,revenue_ttm,11228024000.0
FLEX,2026-08-07,revenue_ttm,29267000000.0
FOX,2026-08-07,revenue_ttm,17126000000.0
FOXA,2026-08-07,revenue_ttm,17126000000.0
FRT,2026-08-07,revenue_ttm,1310905000.0
FSLR,2026-08-07,revenue_ttm,5378071000.0
FTNT,2026-08-07,revenue_ttm,7527400000.0
FTV,2026-08-07,revenue_ttm,4235400000.0
GD,2026-08-07,revenue_ttm,53808000000.0
GDDY,2026-08-07,revenue_ttm,5104100000.0
GE,2026-08-07,revenue_ttm,50639000000.0
GEHC,2026-08-07,revenue_ttm,20979000000.0
GEN,2026-08-07,revenue_ttm,5000000000.0
GEV,2026-08-07,revenue_ttm,41368000000.0
GILD,2026-08-07,revenue_ttm,30457000000.0
GIS,2026-08-07,revenue_ttm,18424600000.0
GL,2026-08-07,revenue_ttm,6191958000.0
GLW,2026-08-07,revenue_ttm,16321000000.0
GM,2026-08-07,revenue_ttm,168352000000.0
GNRC,2026-08-07,revenue_ttm,4438732000.0
GOOG,2026-08-07,revenue_ttm,445867000000.0
GOOGL,2026-08-07,revenue_ttm,445867000000.0
GPC,2026-08-07,revenue_ttm,25071538000.0
GPN,2026-08-07,revenue_ttm,10230917000.0
GRMN,2026-08-07,revenue_ttm,7463909000.0
GS,2026-08-07,revenue_ttm,66203000000.0
GWW,2026-08-07,revenue_ttm,18845000000.0
HAL,2026-08-07,revenue_ttm,22373000000.0
HAS,2026-08-07,revenue_ttm,4973200000.0
HBAN,2026-08-07,revenue_ttm,8819000000.0
HCA,2026-08-07,revenue_ttm,76388000000.0
HD,2026-08-07,revenue_ttm,166592000000.0
HIG,2026-08-07,revenue_ttm,1277000000.0
HII,2026-08-07,revenue_ttm,13185000000.0
HLT,2026-08-07,revenue_ttm,12485000000.0
HON,2026-08-07,revenue_ttm,38057000000.0
HOOD,2026-08-07,revenue_ttm,4932000000.0
HPE,2026-08-07,revenue_ttm,38794000000.0
HPQ,2026-08-07,revenue_ttm,57417000000.0
HRL,2026-08-07,revenue_ttm,12218454000.0
HSIC,2026-08-07,revenue_ttm,13602000000.0
HST,2026-08-07,revenue_ttm,6219000000.0
HSY,2026-08-07,revenue_ttm,12163912000.0
HUBB,2026-08-07,revenue_ttm,5996100000.0
HUM,2026-08-07,revenue_ttm,137200000000.0
HWM,2026-08-07,revenue_ttm,9117000000.0
IBKR,2026-08-07,revenue_ttm,6863000000.0
IBM,2026-08-07,revenue_ttm,69096000000.0
ICE,2026-08-07,revenue_ttm,13426000000.0
IDXX,2026-08-07,revenue_ttm,4553223000.0
IEX,2026-08-07,revenue_ttm,3585300000.0
IFF,2026-08-07,revenue_ttm,9978000000.0
INCY,2026-08-07,revenue_ttm,5361020000.0
INTC,2026-08-07,revenue_ttm,57032000000.0
INTU,2026-08-07,revenue_ttm,20925000000.0
INVH,2026-08-07,revenue_ttm,2855078000.0
IP,2026-08-07,revenue_ttm,24203000000.0
IQV,2026-08-07,revenue_ttm,16632000000.0
IR,2026-08-07,revenue_ttm,7942200000.0
IRM,2026-08-07,revenue_ttm,7562471000.0
ISRG,2026-08-07,revenue_ttm,11034400000.0
IT,2026-08-07,revenue_ttm,6463626000.0
ITW,2026-08-07,revenue_ttm,16469000000.0
IVZ,2026-08-07,revenue_ttm,6902500000.0
J,2026-08-07,revenue_ttm,14219216000.0
JBHT,2026-08-07,revenue_ttm,12701310000.0
JBL,2026-08-07,revenue_ttm,33590000000.0
JCI,2026-08-07,revenue_ttm,24433000000.0
JKHY,2026-08-07,revenue_ttm,2515689000.0
JNJ,2026-08-07,revenue_ttm,97929000000.0
JPM,2026-08-07,revenue_ttm,199408000000.0
KDP,2026-08-07,revenue_ttm,16944000000.0
KEY,2026-08-07,revenue_ttm,7817000000.0
KEYS,2026-08-07,revenue_ttm,6088000000.0
KHC,2026-08-07,revenue_ttm,24900000000.0
KIM,2026-08-07,revenue_ttm,2187134000.0
KKR,2026-08-07,revenue_ttm,21309155000.0
KLAC,2026-08-07,revenue_ttm,13579476000.0
KMB,2026-08-07,revenue_ttm,16582000000.0
KMI,2026-08-07,revenue_ttm,16283000000.0
KO,2026-08-07,revenue_ttm,49284000000.0
KVUE,2026-08-07,revenue_ttm,15408000000.0
L,2026-08-07,revenue_ttm,3245000000.0
LDOS,2026-08-07,revenue_ttm,17577000000.0
LEN,2026-08-07,revenue_ttm,32737235000.0
LH,2026-08-07,revenue_ttm,14348000000.0
LHX,2026-08-07,revenue_ttm,39149000000.0
LII,2026-08-07,revenue_ttm,5257800000.0
LIN,2026-08-07,revenue_ttm,35449000000.0
LITE,2026-08-07,revenue_ttm,2488400000.0
LLY,2026-08-07,revenue_ttm,79665800000.0
LMT,2026-08-07,revenue_ttm,77014000000.0
LNT,2026-08-07,revenue_ttm,4419000000.0
LOW,2026-08-07,revenue_ttm,88435000000.0
LRCX,2026-08-07,revenue_ttm,21681845000.0
LULU,2026-08-07,revenue_ttm,11203543000.0
LUV,2026-08-07,revenue_ttm,30072000000.0
LVS,2026-08-07,revenue_ttm,13719000000.0
LYB,2026-08-07,revenue_ttm,31192000000.0
LYV,2026-08-07,revenue_ttm,26272535000.0
MA,2026-08-07,revenue_ttm,35083000000.0
MAA,2026-08-07,revenue_ttm,2213556000.0
MAR,2026-08-07,revenue_ttm,26904000000.0
MAS,2026-08-07,revenue_ttm,7679000000.0
MCD,2026-08-07,revenue_ttm,27703000000.0
MCHP,2026-08-07,revenue_ttm,5122300000.0
MCK,2026-08-07,revenue_ttm,410983000000.0
MCO,2026-08-07,revenue_ttm,8160000000.0
MDLZ,2026-08-07,revenue_ttm,39304000000.0
MDT,2026-08-07,revenue_ttm,36363000000.0
MET,2026-08-07,revenue_ttm,2679000000.0
META,2026-08-07,revenue_ttm,214962000000.0
MGM,2026-08-07,revenue_ttm,17761442000.0
MKC,2026-08-07,revenue_ttm,7385800000.0
MLM,2026-08-07,revenue_ttm,6689000000.0
MMM,2026-08-07,revenue_ttm,25180000000.0
MNST,2026-08-07,revenue_ttm,9218956000.0
MO,2026-08-07,revenue_ttm,23457000000.0
MOS,2026-08-07,revenue_ttm,12247900000.0
MPC,2026-08-07,revenue_ttm,153577000000.0
MPWR,2026-08-07,revenue_ttm,3273158000.0
MRK,2026-08-07,revenue_ttm,65768000000.0
MRSH,2026-08-07,revenue_ttm,27947000000.0
MRVL,2026-08-07,revenue_ttm,8717100000.0
MS,2026-08-07,revenue_ttm,78042000000.0
MSCI,2026-08-07,revenue_ttm,3333754000.0
MSFT,2026-08-07,revenue_ttm,331839000000.0
MSI,2026-08-07,revenue_ttm,12236000000.0
MTB,2026-08-07,revenue_ttm,9961000000.0
MTD,2026-08-07,revenue_ttm,4133875000.0
MU,2026-08-07,revenue_ttm,90274000000.0
NCLH,2026-08-07,revenue_ttm,10154307000.0
NDAQ,2026-08-07,revenue_ttm,8751000000.0
NDSN,2026-08-07,revenue_ttm,2903637000.0
NEE,2026-08-07,revenue_ttm,26000000000.0
NEM,2026-08-07,revenue_ttm,25767000000.0
NFLX,2026-08-07,revenue_ttm,48370764000.0
NI,2026-08-07,revenue_ttm,11374800000.0
NKE,2026-08-07,revenue_ttm,46398000000.0
NOC,2026-08-07,revenue_ttm,42892000000.0
NOW,2026-08-07,revenue_ttm,14732000000.0
NRG,2026-08-07,revenue_ttm,32640000000.0
NSC,2026-08-07,revenue_ttm,12540000000.0
NTAP,2026-08-07,revenue_ttm,6925000000.0
NTRS,2026-08-07,revenue_ttm,9052100000.0
NUE,2026-08-07,revenue_ttm,34160000000.0
NVDA,2026-08-07,revenue_ttm,253491000000.0
NWS,2026-08-07,revenue_ttm,9028000000.0
NWSA,2026-08-07,revenue_ttm,9028000000.0
NXPI,2026-08-07,revenue_ttm,12615000000.0
O,2026-08-07,revenue_ttm,6054932000.0
ODFL,2026-08-07,revenue_ttm,5602507000.0
OKE,2026-08-07,revenue_ttm,39366000000.0
OMC,2026-08-07,revenue_ttm,19824400000.0
ON,2026-08-07,revenue_ttm,6197800000.0
ORCL,2026-08-07,revenue_ttm,67358000000.0
ORLY,2026-08-07,revenue_ttm,18205607000.0
OTIS,2026-08-07,revenue_ttm,14911000000.0
PANW,2026-08-07,revenue_ttm,10606500000.0
PAYX,2026-08-07,revenue_ttm,6301100000.0
PCAR,2026-08-07,revenue_ttm,27815800000.0
PCG,2026-08-07,revenue_ttm,25837000000.0
PEG,2026-08-07,revenue_ttm,12543000000.0
PEP,2026-08-07,revenue_ttm,96904000000.0
PFE,2026-08-07,revenue_ttm,63696000000.0
PFG,2026-08-07,revenue_ttm,15458700000.0
PG,2026-08-07,revenue_ttm,87033000000.0
PGR,2026-08-07,revenue_ttm,91055000000.0
PH,2026-08-07,revenue_ttm,20987000000.0
PKG,2026-08-07,revenue_ttm,9534700000.0
PLD,2026-08-07,revenue_ttm,8948185000.0
PLTR,2026-08-07,revenue_ttm,6155941000.0
PM,2026-08-07,revenue_ttm,42545000000.0
PNC,2026-08-07,revenue_ttm,25026000000.0
PNR,2026-08-07,revenue_ttm,4202300000.0
PNW,2026-08-07,revenue_ttm,5554254000.0
PODD,2026-08-07,revenue_ttm,3053500000.0
POOL,2026-08-07,revenue_ttm,5355884000.0
PPG,2026-08-07,revenue_ttm,16121000000.0
PPL,2026-08-07,revenue_ttm,9409000000.0
PRU,2026-08-07,revenue_ttm,64765000000.0
PSA,2026-08-07,revenue_ttm,4890457000.0
PSX,2026-08-07,revenue_ttm,152167000000.0
PTC,2026-08-07,revenue_ttm,2953972000.0
PWR,2026-08-07,revenue_ttm,32905140000.0
PYPL,2026-08-07,revenue_ttm,33734000000.0
Q,2026-08-07,revenue_ttm,5210000000.0
QCOM,2026-08-07,revenue_ttm,44069000000.0
RCL,2026-08-07,revenue_ttm,18388000000.0
RDDT,2026-08-07,revenue_ttm,2778834000.0
REG,2026-08-07,revenue_ttm,1585065000.0
REGN,2026-08-07,revenue_ttm,15534700000.0
RF,2026-08-07,revenue_ttm,7617000000.0
RJF,2026-08-07,revenue_ttm,15249000000.0
RL,2026-08-07,revenue_ttm,8355200000.0
RMD,2026-08-07,revenue_ttm,5537789000.0
ROK,2026-08-07,revenue_ttm,8973000000.0
ROL,2026-08-07,revenue_ttm,3924019000.0
ROP,2026-08-07,revenue_ttm,8280300000.0
ROST,2026-08-07,revenue_ttm,23776064000.0
RSG,2026-08-07,revenue_ttm,16890000000.0
RTX,2026-08-07,revenue_ttm,93500000000.0
RVTY,2026-08-07,revenue_ttm,2902407000.0
SATS,2026-08-07,revenue_ttm,14653925000.0
SBAC,2026-08-07,revenue_ttm,2870622000.0
SBUX,2026-08-07,revenue_ttm,38338300000.0
SCHW,2026-08-07,revenue_ttm,24804000000.0
SHW,2026-08-07,revenue_ttm,24410300000.0
SJM,2026-08-07,revenue_ttm,9050900000.0
SLB,2026-08-07,revenue_ttm,35940000000.0
SMCI,2026-08-07,revenue_ttm,33700206000.0
SNA,2026-08-07,revenue_ttm,4828900000.0
SNDK,2026-08-07,revenue_ttm,13184000000.0
SNPS,2026-08-07,revenue_ttm,8679380000.0
SO,2026-08-07,revenue_ttm,30174000000.0
SOFI,2026-08-07,revenue_ttm,4305695000.0
SOLV,2026-08-07,revenue_ttm,8310000000.0
SPG,2026-08-07,revenue_ttm,6648586000.0
SPGI,2026-08-07,revenue_ttm,15730000000.0
SRE,2026-08-07,revenue_ttm,12165000000.0
STE,2026-08-07,revenue_ttm,5936000000.0
STLD,2026-08-07,revenue_ttm,20538678000.0
STT,2026-08-07,revenue_ttm,15056000000.0
STX,2026-08-07,revenue_ttm,12195000000.0
STZ,2026-08-07,revenue_ttm,9056700000.0
SW,2026-08-07,revenue_ttm,31326000000.0
SWK,2026-08-07,revenue_ttm,15247700000.0
SWKS,2026-08-07,revenue_ttm,4014100000.0
SYF,2026-08-07,revenue_ttm,19247000000.0
SYK,2026-08-07,revenue_ttm,25837000000.0
SYY,2026-08-07,revenue_ttm,83567000000.0
T,2026-08-07,revenue_ttm,127239000000.0
TDG,2026-08-07,revenue_ttm,10007000000.0
TDY,2026-08-07,revenue_ttm,6374400000.0
TECH,2026-08-07,revenue_ttm,1210811000.0
TEL,2026-08-07,revenue_ttm,19322000000.0
TER,2026-08-07,revenue_ttm,4464031000.0
TFC,2026-08-07,revenue_ttm,20850000000.0
TGT,2026-08-07,revenue_ttm,106377000000.0
TJX,2026-08-07,revenue_ttm,61584000000.0
TKO,2026-08-07,revenue_ttm,5301863000.0
TMO,2026-08-07,revenue_ttm,46336000000.0
TMUS,2026-08-07,revenue_ttm,92189000000.0
TPL,2026-08-07,revenue_ttm,897541000.0
TPR,2026-08-07,revenue_ttm,7850800000.0
TRGP,2026-08-07,revenue_ttm,16741500000.0
TRMB,2026-08-07,revenue_ttm,3686600000.0
TROW,2026-08-07,revenue_ttm,7592000000.0
TRV,2026-08-07,revenue_ttm,48979000000.0
TSCO,2026-08-07,revenue_ttm,15750724000.0
TSLA,2026-08-07,revenue_ttm,103619000000.0
TSN,2026-08-07,revenue_ttm,55694000000.0
TT,2026-08-07,revenue_ttm,22209900000.0
TTD,2026-08-07,revenue_ttm,2990138000.0
TTWO,2026-08-07,revenue_ttm,6656400000.0
TXN,2026-08-07,revenue_ttm,19453000000.0
TXT,2026-08-07,revenue_ttm,15299000000.0
TYL,2026-08-07,revenue_ttm,2429657000.0
UAL,2026-08-07,revenue_ttm,62902000000.0
UBER,2026-08-07,revenue_ttm,55227000000.0
UDR,2026-08-07,revenue_ttm,1716218000.0
UHS,2026-08-07,revenue_ttm,17760291000.0
ULTA,2026-08-07,revenue_ttm,12708310000.0
UNH,2026-08-07,revenue_ttm,449713000000.0
UNP,2026-08-07,revenue_ttm,25410000000.0
UPS,2026-08-07,revenue_ttm,89930000000.0
URI,2026-08-07,revenue_ttm,3731000000.0
USB,2026-08-07,revenue_ttm,29694000000.0
V,2026-08-07,revenue_ttm,43027000000.0
VEEV,2026-08-07,revenue_ttm,3319216000.0
VICI,2026-08-07,revenue_ttm,4097604000.0
VLO,2026-08-07,revenue_ttm,139397000000.0
VLTO,2026-08-07,revenue_ttm,5593000000.0
VMC,2026-08-07,revenue_ttm,8062400000.0
VRSK,2026-08-07,revenue_ttm,3102300000.0
VRSN,2026-08-07,revenue_ttm,1707900000.0
VRT,2026-08-07,revenue_ttm,11479600000.0
VRTX,2026-08-07,revenue_ttm,12587200000.0
VST,2026-08-07,revenue_ttm,18337000000.0
VTR,2026-08-07,revenue_ttm,6441571000.0
VTRS,2026-08-07,revenue_ttm,14693800000.0
VZ,2026-08-07,revenue_ttm,138895000000.0
WAB,2026-08-07,revenue_ttm,11980000000.0
WBD,2026-08-07,revenue_ttm,36115000000.0
WDAY,2026-08-07,revenue_ttm,9854000000.0
WDC,2026-08-07,revenue_ttm,11777000000.0
WEC,2026-08-07,revenue_ttm,10137400000.0
WELL,2026-08-07,revenue_ttm,11766873000.0
WFC,2026-08-07,revenue_ttm,86796000000.0
WM,2026-08-07,revenue_ttm,25667000000.0
WMB,2026-08-07,revenue_ttm,15431000000.0
WMT,2026-08-07,revenue_ttm,718116000000.0
WRB,2026-08-07,revenue_ttm,14896102000.0
WSM,2026-08-07,revenue_ttm,7882159000.0
WST,2026-08-07,revenue_ttm,3326800000.0
WTW,2026-08-07,revenue_ttm,9912000000.0
WY,2026-08-07,revenue_ttm,6852000000.0
WYNN,2026-08-07,revenue_ttm,7413425000.0
XEL,2026-08-07,revenue_ttm,14616000000.0
XOM,2026-08-07,revenue_ttm,334246000000.0
XYL,2026-08-07,revenue_ttm,9126000000.0
XYZ,2026-08-07,revenue_ttm,25041964000.0
YUM,2026-08-07,revenue_ttm,8722000000.0
ZBH,2026-08-07,revenue_ttm,8508900000.0
ZBRA,2026-08-07,revenue_ttm,5847000000.0
ZTS,2026-08-07,revenue_ttm,9517000000.0
A,2026-08-07,dividends_ttm,1.006
AAPL,2026-08-07,dividends_ttm,1.05
ABBV,2026-08-07,dividends_ttm,6.83
ABT,2026-08-07,dividends_ttm,2.44
ACGL,2026-08-07,dividends_ttm,5.0
ACN,2026-08-07,dividends_ttm,6.369999999999999
ADI,2026-08-07,dividends_ttm,4.07
ADM,2026-08-07,dividends_ttm,2.06
ADP,2026-08-07,dividends_ttm,6.639999999999999
AEE,2026-08-07,dividends_ttm,2.92
AEP,2026-08-07,dividends_ttm,1.71
AES,2026-08-07,dividends_ttm,0.7038
AFL,2026-08-07,dividends_ttm,2.38
AIG,2026-08-07,dividends_ttm,1.85
AIZ,2026-08-07,dividends_ttm,3.4399999999999995
AJG,2026-08-07,dividends_ttm,2.7
ALB,2026-08-07,dividends_ttm,1.62
ALL,2026-08-07,dividends_ttm,4.16
ALLE,2026-08-07,dividends_ttm,2.12
AMAT,2026-08-07,dividends_ttm,1.91
AMGN,2026-08-07,dividends_ttm,7.42
AMP,2026-08-07,dividends_ttm,5.300000000000001
AMT,2026-08-07,dividends_ttm,6.8
AON,2026-08-07,dividends_ttm,3.055
AOS,2026-08-07,dividends_ttm,1.42
APD,2026-08-07,dividends_ttm,7.2
APH,2026-08-07,dividends_ttm,0.915
APO,2026-08-07,dividends_ttm,2.04
APTV,2026-08-07,dividends_ttm,0.0
ARE,2026-08-07,dividends_ttm,3.4799999999999995
ARES,2026-08-07,dividends_ttm,4.94
AVB,2026-08-07,dividends_ttm,7.06
AVGO,2026-08-07,dividends_ttm,2.48
AVY,2026-08-07,dividends_ttm,3.8200000000000003
AXP,2026-08-07,dividends_ttm,3.54
BAC,2026-08-07,dividends_ttm,1.12
BALL,2026-08-07,dividends_ttm,0.8
BAX,2026-08-07,dividends_ttm,0.2
BBY,2026-08-07,dividends_ttm,3.8099999999999996
BEN,2026-08-07,dividends_ttm,1.31
BF-B,2026-08-07,dividends_ttm,2.7900000000000005
BG,2026-08-07,dividends_ttm,2.8
BKNG,2026-08-07,dividends_ttm,9.639999999999999
BLK,2026-08-07,dividends_ttm,21.88
BMY,2026-08-07,dividends_ttm,2.5100000000000002
BNY,2026-08-07,dividends_ttm,2.12
BR,2026-08-07,dividends_ttm,3.9
BRO,2026-08-07,dividends_ttm,0.65
BX,2026-08-07,dividends_ttm,4.74
C,2026-08-07,dividends_ttm,2.3200000000000003
CAG,2026-08-07,dividends_ttm,1.4000000000000001
CASY,2026-08-07,dividends_ttm,1.6700000000000002
CB,2026-08-07,dividends_ttm,3.8799999999999994
CBOE,2026-08-07,dividends_ttm,2.88
CCI,2026-08-07,dividends_ttm,4.248
CDW,2026-08-07,dividends_ttm,2.515
CFG,2026-08-07,dividends_ttm,1.7999999999999998
CHD,2026-08-07,dividends_ttm,1.21
CHRW,2026-08-07,dividends_ttm,2.5100000000000002
CI,2026-08-07,dividends_ttm,6.14
CINF,2026-08-07,dividends_ttm,3.62
CL,2026-08-07,dividends_ttm,2.1
CLX,2026-08-07,dividends_ttm,4.96
CMCSA,2026-08-07,dividends_ttm,1.32
CMI,2026-08-07,dividends_ttm,8.0
CMS,2026-08-07,dividends_ttm,2.2249999999999996
CNP,2026-08-07,dividends_ttm,0.8899999999999999
COF,2026-08-07,dividends_ttm,2.8
COO,2026-08-07,dividends_ttm,0.06
COP,2026-08-07,dividends_ttm,3.3000000000000003
COR,2026-08-07,dividends_ttm,2.35
COST,2026-08-07,dividends_ttm,5.37
CPB,2026-08-07,dividends_ttm,1.56
CPT,2026-08-07,dividends_ttm,4.220000000000001
CRH,2026-08-07,dividends_ttm,1.5199999999999998
CRM,2026-08-07,dividends_ttm,1.688
CSCO,2026-08-07,dividends_ttm,1.6500000000000001
CSX,2026-08-07,dividends_ttm,0.54
CTAS,2026-08-07,dividends_ttm,1.7400000000000002
CTSH,2026-08-07,dividends_ttm,1.26
CTVA,2026-08-07,dividends_ttm,0.7199999999999999
CVS,2026-08-07,dividends_ttm,2.66
CVX,2026-08-07,dividends_ttm,6.9799999999999995
D,2026-08-07,dividends_ttm,2.67
DE,2026-08-07,dividends_ttm,6.48
DELL,2026-08-07,dividends_ttm,2.205
DG,2026-08-07,dividends_ttm,2.36
DGX,2026-08-07,dividends_ttm,3.3200000000000003
DHI,2026-08-07,dividends_ttm,1.75
DIS,2026-08-07,dividends_ttm,3.52
DOC,2026-08-07,dividends_ttm,1.22
DOV,2026-08-07,dividends_ttm,2.0799999999999996
DOW,2026-08-07,dividends_ttm,1.75
DPZ,2026-08-07,dividends_ttm,7.460000000000001
DRI,2026-08-07,dividends_ttm,6.0
DUK,2026-08-07,dividends_ttm,4.24
DVN,2026-08-07,dividends_ttm,1.04
ECL,2026-08-07,dividends_ttm,2.84
EFX,2026-08-07,dividends_ttm,2.12
EG,2026-08-07,dividends_ttm,8.0
EIX,2026-08-07,dividends_ttm,3.41
EL,2026-08-07,dividends_ttm,1.3999999999999997
ELV,2026-08-07,dividends_ttm,6.859999999999999
EME,2026-08-07,dividends_ttm,1.3
EMR,2026-08-07,dividends_ttm,2.1925
EOG,2026-08-07,dividends_ttm,3.0599999999999996
EQIX,2026-08-07,dividends_ttm,19.700000000000003
EQR,2026-08-07,dividends_ttm,2.79
EQT,2026-08-07,dividends_ttm,0.6525000000000001
ESS,2026-08-07,dividends_ttm,10.319999999999999
ETN,2026-08-07,dividends_ttm,4.28
ETR,2026-08-07,dividends_ttm,2.48
EVRG,2026-08-07,dividends_ttm,2.7249999999999996
EXC,2026-08-07,dividends_ttm,1.62
EXPE,2026-08-07,dividends_ttm,1.7600000000000002
EXR,2026-08-07,dividends_ttm,6.48
F,2026-08-07,dividends_ttm,0.6
FANG,2026-08-07,dividends_ttm,4.15
FAST,2026-08-07,dividends_ttm,0.9199999999999999
FCX,2026-08-07,dividends_ttm,0.6
FDS,2026-08-07,dividends_ttm,4.46
FDX,2026-08-07,dividends_ttm,5.8
FE,2026-08-07,dividends_ttm,1.7999999999999998
FICO,2026-08-07,dividends_ttm,0.12
FIS,2026-08-07,dividends_ttm,2.48
FITB,2026-08-07,dividends_ttm,1.6
FIX,2026-08-07,dividends_ttm,2.5999999999999996
FRT,2026-08-07,dividends_ttm,4.489999999999999
FSLR,2026-08-07,dividends_ttm,0.0
GE,2026-08-07,dividends_ttm,1.6599999999999997
GEHC,2026-08-07,dividends_ttm,0.14
GEN,2026-08-07,dividends_ttm,0.5
GILD,2026-08-07,dividends_ttm,3.22
GIS,2026-08-07,dividends_ttm,2.44
GL,2026-08-07,dividends_ttm,1.2
GM,2026-08-07,dividends_ttm,0.6599999999999999
GOOG,2026-08-07,dividends_ttm,0.8499999999999999
GOOGL,2026-08-07,dividends_ttm,0.8499999999999999
GPC,2026-08-07,dividends_ttm,4.1850000000000005
GPN,2026-08-07,dividends_ttm,1.0
GS,2026-08-07,dividends_ttm,17.0
GWW,2026-08-07,dividends_ttm,9.27
HAS,2026-08-07,dividends_ttm,2.8
HBAN,2026-08-07,dividends_ttm,0.6199999999999999
HCA,2026-08-07,dividends_ttm,2.94
HD,2026-08-07,dividends_ttm,9.229999999999999
HIG,2026-08-07,dividends_ttm,2.3200000000000003
HII,2026-08-07,dividends_ttm,5.49
HLT,2026-08-07,dividends_ttm,0.6
HON,2026-08-07,dividends_ttm,5.89
HPE,2026-08-07,dividends_ttm,0.5425
HRL,2026-08-07,dividends_ttm,1.1649999999999998
HST,2026-08-07,dividends_ttm,1.67
HUBB,2026-08-07,dividends_ttm,5.48
HUM,2026-08-07,dividends_ttm,3.54
HWM,2026-08-07,dividends_ttm,0.48000000000000004
IBM,2026-08-07,dividends_ttm,6.729999999999999
ICE,2026-08-07,dividends_ttm,2.0
IFF,2026-08-07,dividends_ttm,1.6000000000000003
INTC,2026-08-07,dividends_ttm,0.39
INTU,2026-08-07,dividends_ttm,4.64
INVH,2026-08-07,dividends_ttm,1.19
IP,2026-08-07,dividends_ttm,1.85
IRM,2026-08-07,dividends_ttm,3.377
ITW,2026-08-07,dividends_ttm,6.4399999999999995
IVZ,2026-08-07,dividends_ttm,0.8449999999999999
J,2026-08-07,dividends_ttm,1.3599999999999999
JBL,2026-08-07,dividends_ttm,0.32
JCI,2026-08-07,dividends_ttm,1.57
JKHY,2026-08-07,dividends_ttm,2.3499999999999996
JNJ,2026-08-07,dividends_ttm,5.24
JPM,2026-08-07,dividends_ttm,6.0
KDP,2026-08-07,dividends_ttm,0.92
KEY,2026-08-07,dividends_ttm,0.82
KHC,2026-08-07,dividends_ttm,1.6
KIM,2026-08-07,dividends_ttm,1.03
KKR,2026-08-07,dividends_ttm,1.305
KMB,2026-08-07,dividends_ttm,5.08
KMI,2026-08-07,dividends_ttm,1.18
KO,2026-08-07,dividends_ttm,2.06
KVUE,2026-08-07,dividends_ttm,0.8299999999999998
L,2026-08-07,dividends_ttm,0.25
LDOS,2026-08-07,dividends_ttm,1.6899999999999997
LEN,2026-08-07,dividends_ttm,1.5
LH,2026-08-07,dividends_ttm,2.88
LHX,2026-08-07,dividends_ttm,4.8999999999999995
LII,2026-08-07,dividends_ttm,3.08
LIN,2026-08-07,dividends_ttm,6.2
LMT,2026-08-07,dividends_ttm,13.65
LOW,2026-08-07,dividends_ttm,4.8
LRCX,2026-08-07,dividends_ttm,1.0100000000000002
LUV,2026-08-07,dividends_ttm,0.72
LVS,2026-08-07,dividends_ttm,1.1
LYB,2026-08-07,dividends_ttm,4.12
MA,2026-08-07,dividends_ttm,3.37
MAS,2026-08-07,dividends_ttm,1.25
MCD,2026-08-07,dividends_ttm,7.3500000000000005
MCHP,2026-08-07,dividends_ttm,1.82
MCK,2026-08-07,dividends_ttm,3.28
MCO,2026-08-07,dividends_ttm,3.9400000000000004
MDLZ,2026-08-07,dividends_ttm,1.97
MDT,2026-08-07,dividends_ttm,2.84
MET,2026-08-07,dividends_ttm,2.2960000000000003
META,2026-08-07,dividends_ttm,2.1000000000000005
MGM,2026-08-07,dividends_ttm,0.01
MKC,2026-08-07,dividends_ttm,1.8599999999999999
MLM,2026-08-07,dividends_ttm,3.32
MMM,2026-08-07,dividends_ttm,3.0200000000000005
MO,2026-08-07,dividends_ttm,4.24
MOS,2026-08-07,dividends_ttm,0.86
MPC,2026-08-07,dividends_ttm,3.91
MPWR,2026-08-07,dividends_ttm,7.12
MRK,2026-08-07,dividends_ttm,3.32
MRSH,2026-08-07,dividends_ttm,3.6
MRVL,2026-08-07,dividends_ttm,0.24
MS,2026-08-07,dividends_ttm,4.0
MSCI,2026-08-07,dividends_ttm,7.7
MSFT,2026-08-07,dividends_ttm,3.64
MSI,2026-08-07,dividends_ttm,4.72
MTB,2026-08-07,dividends_ttm,6.0
MU,2026-08-07,dividends_ttm,0.49500000000000005
NDAQ,2026-08-07,dividends_ttm,1.12
NDSN,2026-08-07,dividends_ttm,3.24
NEE,2026-08-07,dividends_ttm,2.3266999999999998
NI,2026-08-07,dividends_ttm,1.18
NKE,2026-08-07,dividends_ttm,1.63
NOC,2026-08-07,dividends_ttm,9.4
NRG,2026-08-07,dividends_ttm,3.1149999999999998
NSC,2026-08-07,dividends_ttm,5.3999999999999995
NTAP,2026-08-07,dividends_ttm,2.08
NTRS,2026-08-07,dividends_ttm,3.2
NUE,2026-08-07,dividends_ttm,2.22
NVDA,2026-08-07,dividends_ttm,0.04
NXPI,2026-08-07,dividends_ttm,4.056
O,2026-08-07,dividends_ttm,3.237
ODFL,2026-08-07,dividends_ttm,1.1400000000000001
OKE,2026-08-07,dividends_ttm,4.2
OMC,2026-08-07,dividends_ttm,2.9999999999999996
ORCL,2026-08-07,dividends_ttm,2.0
OTIS,2026-08-07,dividends_ttm,1.7
OXY,2026-08-07,dividends_ttm,1.0
PAYX,2026-08-07,dividends_ttm,4.43
PCAR,2026-08-07,dividends_ttm,2.74
PEG,2026-08-07,dividends_ttm,2.6
PEP,2026-08-07,dividends_ttm,5.7475
PFE,2026-08-07,dividends_ttm,1.72
PFG,2026-08-07,dividends_ttm,3.13
PG,2026-08-07,dividends_ttm,4.2589
PGR,2026-08-07,dividends_ttm,13.9
PH,2026-08-07,dividends_ttm,7.200000000000001
PKG,2026-08-07,dividends_ttm,5.25
PLD,2026-08-07,dividends_ttm,4.1000000000000005
PM,2026-08-07,dividends_ttm,5.879999999999999
PNC,2026-08-07,dividends_ttm,6.799999999999999
POOL,2026-08-07,dividends_ttm,5.0
PPG,2026-08-07,dividends_ttm,2.8099999999999996
PPL,2026-08-07,dividends_ttm,1.1025
PRU,2026-08-07,dividends_ttm,5.5
PSA,2026-08-07,dividends_ttm,12.0
PSX,2026-08-07,dividends_ttm,4.9399999999999995
PWR,2026-08-07,dividends_ttm,0.43
QCOM,2026-08-07,dividends_ttm,3.5900000000000003
RCL,2026-08-07,dividends_ttm,4.25
REG,2026-08-07,dividends_ttm,2.92
REGN,2026-08-07,dividends_ttm,3.64
RF,2026-08-07,dividends_ttm,1.06
RJF,2026-08-07,dividends_ttm,2.12
RL,2026-08-07,dividends_ttm,3.7375
RMD,2026-08-07,dividends_ttm,2.33
ROK,2026-08-07,dividends_ttm,5.449999999999999
ROL,2026-08-07,dividends_ttm,0.7124999999999999
ROP,2026-08-07,dividends_ttm,3.5600000000000005
ROST,2026-08-07,dividends_ttm,1.6600000000000001
RSG,2026-08-07,dividends_ttm,2.5
RTX,2026-08-07,dividends_ttm,2.8199999999999994
RVTY,2026-08-07,dividends_ttm,0.28
SBUX,2026-08-07,dividends_ttm,2.48
SCHW,2026-08-07,dividends_ttm,1.1300000000000001
SJM,2026-08-07,dividends_ttm,4.4
SNA,2026-08-07,dividends_ttm,9.459999999999999
SO,2026-08-07,dividends_ttm,2.9599999999999995
SOFI,2026-08-07,dividends_ttm,0.0
SPG,2026-08-07,dividends_ttm,8.650000000000002
SPGI,2026-08-07,dividends_ttm,3.8499999999999996
SRE,2026-08-07,dividends_ttm,2.5900000000000003
STE,2026-08-07,dividends_ttm,2.46
STLD,2026-08-07,dividends_ttm,2.06
STT,2026-08-07,dividends_ttm,3.3600000000000003
STX,2026-08-07,dividends_ttm,2.9399999999999995
SW,2026-08-07,dividends_ttm,1.76
SWK,2026-08-07,dividends_ttm,3.32
SWKS,2026-08-07,dividends_ttm,2.84
SYF,2026-08-07,dividends_ttm,1.2
SYK,2026-08-07,dividends_ttm,3.4799999999999995
SYY,2026-08-07,dividends_ttm,2.1599999999999997
T,2026-08-07,dividends_ttm,1.11
TAP,2026-08-07,dividends_ttm,1.88
TECH,2026-08-07,dividends_ttm,0.32
TEL,2026-08-07,dividends_ttm,2.9800000000000004
TER,2026-08-07,dividends_ttm,0.5
TFC,2026-08-07,dividends_ttm,2.08
TGT,2026-08-07,dividends_ttm,4.56
TJX,2026-08-07,dividends_ttm,1.755
TKO,2026-08-07,dividends_ttm,3.86
TMO,2026-08-07,dividends_ttm,1.7999999999999998
TMUS,2026-08-07,dividends_ttm,4.08
TPR,2026-08-07,dividends_ttm,1.55
TRGP,2026-08-07,dividends_ttm,4.25
TROW,2026-08-07,dividends_ttm,5.140000000000001
TSCO,2026-08-07,dividends_ttm,0.94
TT,2026-08-07,dividends_ttm,4.09
TXN,2026-08-07,dividends_ttm,5.62
TXT,2026-08-07,dividends_ttm,0.08
UBER,2026-08-07,dividends_ttm,0.0
UDR,2026-08-07,dividends_ttm,1.7249999999999999
UHS,2026-08-07,dividends_ttm,0.8000000000000002
ULTA,2026-08-07,dividends_ttm,1.0
UNH,2026-08-07,dividends_ttm,8.84
UNP,2026-08-07,dividends_ttm,5.520000000000001
UPS,2026-08-07,dividends_ttm,6.56
URI,2026-08-07,dividends_ttm,7.34
USB,2026-08-07,dividends_ttm,2.08
V,2026-08-07,dividends_ttm,1.9300000000000002
VICI,2026-08-07,dividends_ttm,1.8
VLO,2026-08-07,dividends_ttm,4.659999999999999
VMC,2026-08-07,dividends_ttm,1.99
VRSK,2026-08-07,dividends_ttm,1.85
VRSN,2026-08-07,dividends_ttm,3.16
VST,2026-08-07,dividends_ttm,0.906
VTR,2026-08-07,dividends_ttm,2.0
VTRS,2026-08-07,dividends_ttm,0.48
VZ,2026-08-07,dividends_ttm,2.795
WAB,2026-08-07,dividends_ttm,1.12
WEC,2026-08-07,dividends_ttm,3.69
WFC,2026-08-07,dividends_ttm,1.8
WM,2026-08-07,dividends_ttm,3.54
WMB,2026-08-07,dividends_ttm,2.05
WMT,2026-08-07,dividends_ttm,0.99
WRB,2026-08-07,dividends_ttm,1.8699999999999999
WSM,2026-08-07,dividends_ttm,2.74
WST,2026-08-07,dividends_ttm,0.87
WTW,2026-08-07,dividends_ttm,3.7599999999999993
WY,2026-08-07,dividends_ttm,0.84
WYNN,2026-08-07,dividends_ttm,1.0
XEL,2026-08-07,dividends_ttm,2.32
XOM,2026-08-07,dividends_ttm,4.04
XYL,2026-08-07,dividends_ttm,1.66
YUM,2026-08-07,dividends_ttm,2.92
ZBH,2026-08-07,dividends_ttm,0.96
A,2026-08-07,debt,3051000000.0
AAPL,2026-08-07,debt,82300000000.0
ABBV,2026-08-07,debt,62481000000.0
ABNB,2026-08-07,debt,2476000000.0
ABT,2026-08-07,debt,34047000000.0
ACGL,2026-08-07,debt,4286000000.0
ACN,2026-08-07,debt,5029449000.0
ADBE,2026-08-07,debt,4802000000.0
ADI,2026-08-07,debt,8134651000.0
ADM,2026-08-07,debt,7604000000.0
ADP,2026-08-07,debt,4964100000.0
ADSK,2026-08-07,debt,2500000000.0
AEE,2026-08-07,debt,20588000000.0
AEP,2026-08-07,debt,49554000000.0
AFL,2026-08-07,debt,8330000000.0
AIG,2026-08-07,debt,9191000000.0
AIZ,2026-08-07,debt,2207500000.0
AJG,2026-08-07,debt,13609000000.0
AKAM,2026-08-07,debt,4107607000.0
ALB,2026-08-07,debt,1876784000.0
ALL,2026-08-07,debt,7492000000.0
ALLE,2026-08-07,debt,2031100000.0
AMAT,2026-08-07,debt,6455000000.0
AMCR,2026-08-07,debt,15200000000.0
AMD,2026-08-07,debt,3226000000.0
AME,2026-08-07,debt,1055541000.0
AMGN,2026-08-07,debt,57304000000.0
AMP,2026-08-07,debt,3033000000.0
AMT,2026-08-07,debt,31202500000.0
AMZN,2026-08-07,debt,132995000000.0
ANET,2026-08-07,debt,0.0
AON,2026-08-07,debt,12947000000.0
AOS,2026-08-07,debt,637500000.0
APD,2026-08-07,debt,17663700000.0
APH,2026-08-07,debt,17177000000.0
APO,2026-08-07,debt,14220000000.0
APP,2026-08-07,debt,3515072000.0
APTV,2026-08-07,debt,5354000000.0
ARE,2026-08-07,debt,12812874000.0
ARES,2026-08-07,debt,202869000.0
ATO,2026-08-07,debt,9748716000.0
AVB,2026-08-07,debt,9024780000.0
AVGO,2026-08-07,debt,64907000000.0
AVY,2026-08-07,debt,3177700000.0
AWK,2026-08-07,debt,14043000000.0
AXON,2026-08-07,debt,1731817000.0
AXP,2026-08-07,debt,57017000000.0
AZO,2026-08-07,debt,9058000000.0
BA,2026-08-07,debt,45596000000.0
BAC,2026-08-07,debt,339863000000.0
BALL,2026-08-07,debt,6528000000.0
BAX,2026-08-07,debt,9438000000.0
BBY,2026-08-07,debt,1158000000.0
BDX,2026-08-07,debt,13511000000.0
BEN,2026-08-07,debt,2401900000.0
BF-B,2026-08-07,debt,2434000000.0
BG,2026-08-07,debt,11308000000.0
BIIB,2026-08-07,debt,6288500000.0
BKNG,2026-08-07,debt,20180000000.0
BKR,2026-08-07,debt,16253000000.0
BLDR,2026-08-07,debt,4579391000.0
BLK,2026-08-07,debt,12744000000.0
BMY,2026-08-07,debt,42861000000.0
BNY,2026-08-07,debt,30368000000.0
BR,2026-08-07,debt,3254600000.0
BRO,2026-08-07,debt,7759000000.0
BSX,2026-08-07,debt,10915000000.0
BX,2026-08-07,debt,13408505000.0
BXP,2026-08-07,debt,13092356000.0
C,2026-08-07,debt,315827000000.0
CAG,2026-08-07,debt,7230000000.0
CAH,2026-08-07,debt,8347000000.0
CARR,2026-08-07,debt,11427000000.0
CASY,2026-08-07,debt,2320875000.0
CAT,2026-08-07,debt,30696000000.0
CB,2026-08-07,debt,15970000000.0
CBOE,2026-08-07,debt,1443800000.0
CBRE,2026-08-07,debt,5800000000.0
CCI,2026-08-07,debt,15979000000.0
CCL,2026-08-07,debt,25570000000.0
CDNS,2026-08-07,debt,2481170000.0
CDW,2026-08-07,debt,5817000000.0
CE,2026-08-07,debt,12013000000.0
CEG,2026-08-07,debt,19474000000.0
CF,2026-08-07,debt,3216000000.0
CFG,2026-08-07,debt,15190000000.0
CHD,2026-08-07,debt,2206300000.0
CHRW,2026-08-07,debt,1685017000.0
CHTR,2026-08-07,debt,93959000000.0
CI,2026-08-07,debt,29086000000.0
CIEN,2026-08-07,debt,1531119000.0
CINF,2026-08-07,debt,791000000.0
CL,2026-08-07,debt,7823000000.0
CLX,2026-08-07,debt,2487000000.0
CMCSA,2026-08-07,debt,84264000000.0
CME,2026-08-07,debt,3424200000.0
CMG,2026-08-07,debt,0.0
CMI,2026-08-07,debt,6737000000.0
CMS,2026-08-07,debt,19036000000.0
CNC,2026-08-07,debt,16105000000.0
CNP,2026-08-07,debt,22476000000.0
COF,2026-08-07,debt,50262000000.0
COHR,2026-08-07,debt,3193781000.0
COIN,2026-08-07,debt,5900000000.0
COO,2026-08-07,debt,2460200000.0
COP,2026-08-07,debt,22828000000.0
COR,2026-08-07,debt,11723241000.0
COST,2026-08-07,debt,5670000000.0
CPAY,2026-08-07,debt,10360640000.0
CPB,2026-08-07,debt,7010000000.0
CPRT,2026-08-07,debt,0.0
CPT,2026-08-07,debt,4848300000.0
CRH,2026-08-07,debt,17821000000.0
CRL,2026-08-07,debt,2619985000.0
CRM,2026-08-07,debt,39280000000.0
CRWD,2026-08-07,debt,745843000.0
CSCO,2026-08-07,debt,22869000000.0
CSGP,2026-08-07,debt,1000000000.0
CSX,2026-08-07,debt,17162000000.0
CTAS,2026-08-07,debt,2427301000.0
CTSH,2026-08-07,debt,535000000.0
CTVA,2026-08-07,debt,1682000000.0
CVS,2026-08-07,debt,59452000000.0
CVX,2026-08-07,debt,36674000000.0
D,2026-08-07,debt,45110000000.0
DAL,2026-08-07,debt,12905000000.0
DASH,2026-08-07,debt,2727000000.0
DD,2026-08-07,debt,3125000000.0
DDOG,2026-08-07,debt,985545000.0
DE,2026-08-07,debt,32447000000.0
DECK,2026-08-07,debt,0.0
DELL,2026-08-07,debt,31161000000.0
DG,2026-08-07,debt,4563106000.0
DGX,2026-08-07,debt,5642000000.0
DHI,2026-08-07,debt,7112600000.0
DHR,2026-08-07,debt,26558000000.0
DIS,2026-08-07,debt,46041000000.0
DLR,2026-08-07,debt,16013977000.0
DLTR,2026-08-07,debt,2932600000.0
DOC,2026-08-07,debt,10032186000.0
DOV,2026-08-07,debt,3259988000.0
DOW,2026-08-07,debt,17254000000.0
DPZ,2026-08-07,debt,4876221000.0
DRI,2026-08-07,debt,1637700000.0
DTE,2026-08-07,debt,25204000000.0
DUK,2026-08-07,debt,87872000000.0
DVA,2026-08-07,debt,10663836000.0
DVN,2026-08-07,debt,11388000000.0
DXCM,2026-08-07,debt,1242800000.0
EA,2026-08-07,debt,0.0
EBAY,2026-08-07,debt,5142000000.0
ECL,2026-08-07,debt,11905100000.0
ED,2026-08-07,debt,25801000000.0
EFX,2026-08-07,debt,4056800000.0
EG,2026-08-07,debt,2570000000.0
EIX,2026-08-07,debt,40307000000.0
EL,2026-08-07,debt,6810000000.0
ELV,2026-08-07,debt,31044000000.0
EME,2026-08-07,debt,2838000.0
EMR,2026-08-07,debt,7526000000.0
EOG,2026-08-07,debt,7926000000.0
EQIX,2026-08-07,debt,19873000000.0
EQR,2026-08-07,debt,6002002000.0
EQT,2026-08-07,debt,5655714000.0
ERIE,2026-08-07,debt,0.0
ES,2026-08-07,debt,29111619000.0
ESS,2026-08-07,debt,6386526000.0
ETN,2026-08-07,debt,18520000000.0
ETR,2026-08-07,debt,32676089000.0
EVRG,2026-08-07,debt,13514000000.0
EW,2026-08-07,debt,598700000.0
EXC,2026-08-07,debt,47859000000.0
EXE,2026-08-07,debt,5008000000.0
EXPE,2026-08-07,debt,5459000000.0
EXR,2026-08-07,debt,9460928000.0
F,2026-08-07,debt,154287000000.0
FANG,2026-08-07,debt,11066000000.0
FAST,2026-08-07,debt,120000000.0
FCX,2026-08-07,debt,9386000000.0
FDS,2026-08-07,debt,1389701000.0
FDX,2026-08-07,debt,23455000000.0
FE,2026-08-07,debt,26331000000.0
FFIV,2026-08-07,debt,349772000.0
FICO,2026-08-07,debt,5582389000.0
FIS,2026-08-07,debt,16948000000.0
FISV,2026-08-07,debt,26679000000.0
FITB,2026-08-07,debt,17636000000.0
FIX,2026-08-07,debt,54064000.0
FLEX,2026-08-07,debt,5219000000.0
FOX,2026-08-07,debt,6606000000.0
FOXA,2026-08-07,debt,6606000000.0
FRT,2026-08-07,debt,4943100000.0
FSLR,2026-08-07,debt,37635000.0
FTNT,2026-08-07,debt,496900000.0
FTV,2026-08-07,debt,3489100000.0
GD,2026-08-07,debt,8072000000.0
GDDY,2026-08-07,debt,3774400000.0
GE,2026-08-07,debt,19157000000.0
GEHC,2026-08-07,debt,10134000000.0
GEN,2026-08-07,debt,8196000000.0
GEV,2026-08-07,debt,2794000000.0
GILD,2026-08-07,debt,26246000000.0
GIS,2026-08-07,debt,13469600000.0
GL,2026-08-07,debt,2943249000.0
GLW,2026-08-07,debt,7718000000.0
GM,2026-08-07,debt,131574000000.0
GNRC,2026-08-07,debt,1212527000.0
GOOG,2026-08-07,debt,100164000000.0
GOOGL,2026-08-07,debt,100164000000.0
GPC,2026-08-07,debt,4226648000.0
GPN,2026-08-07,debt,22515505000.0
GS,2026-08-07,debt,437874000000.0
GWW,2026-08-07,debt,2408000000.0
HAL,2026-08-07,debt,7071000000.0
HAS,2026-08-07,debt,3538200000.0
HBAN,2026-08-07,debt,21594000000.0
HCA,2026-08-07,debt,44373000000.0
HD,2026-08-07,debt,44828000000.0
HIG,2026-08-07,debt,4374000000.0
HII,2026-08-07,debt,2702000000.0
HLT,2026-08-07,debt,12719000000.0
HON,2026-08-07,debt,31510000000.0
HOOD,2026-08-07,debt,2170000000.0
HPE,2026-08-07,debt,21246000000.0
HPQ,2026-08-07,debt,9666000000.0
HRL,2026-08-07,debt,2856339000.0
HSIC,2026-08-07,debt,2300000000.0
HST,2026-08-07,debt,5082000000.0
HSY,2026-08-07,debt,5189135000.0
HUBB,2026-08-07,debt,2037000000.0
HUM,2026-08-07,debt,12274000000.0
HWM,2026-08-07,debt,4501000000.0
IBM,2026-08-07,debt,56212000000.0
ICE,2026-08-07,debt,19846000000.0
IDXX,2026-08-07,debt,449864000.0
IEX,2026-08-07,debt,1866900000.0
IFF,2026-08-07,debt,5699000000.0
INCY,2026-08-07,debt,11900000.0
INTC,2026-08-07,debt,48549000000.0
INTU,2026-08-07,debt,6162000000.0
INVH,2026-08-07,debt,8526691000.0
IP,2026-08-07,debt,8215000000.0
IQV,2026-08-07,debt,15833000000.0
IR,2026-08-07,debt,4068700000.0
IRM,2026-08-07,debt,17349649000.0
IT,2026-08-07,debt,2979281000.0
ITW,2026-08-07,debt,9694000000.0
IVZ,2026-08-07,debt,1624000000.0
J,2026-08-07,debt,3579376000.0
JBHT,2026-08-07,debt,1145337000.0
JBL,2026-08-07,debt,3378000000.0
JCI,2026-08-07,debt,8613000000.0
JKHY,2026-08-07,debt,90000000.0
JNJ,2026-08-07,debt,37344000000.0
JPM,2026-08-07,debt,460523000000.0
KDP,2026-08-07,debt,22886000000.0
KEY,2026-08-07,debt,10967000000.0
KEYS,2026-08-07,debt,2531000000.0
KHC,2026-08-07,debt,17619000000.0
KIM,2026-08-07,debt,8308033000.0
KKR,2026-08-07,debt,36914472000.0
KLAC,2026-08-07,debt,5887415000.0
KMB,2026-08-07,debt,6474000000.0
KMI,2026-08-07,debt,29805000000.0
KO,2026-08-07,debt,39065000000.0
KR,2026-08-07,debt,15378000000.0
KVUE,2026-08-07,debt,8480000000.0
L,2026-08-07,debt,8914000000.0
LDOS,2026-08-07,debt,6009000000.0
LEN,2026-08-07,debt,5874995000.0
LH,2026-08-07,debt,5859400000.0
LHX,2026-08-07,debt,9184000000.0
LII,2026-08-07,debt,1144100000.0
LIN,2026-08-07,debt,23152000000.0
LITE,2026-08-07,debt,3281800000.0
LLY,2026-08-07,debt,47858000000.0
LMT,2026-08-07,debt,20538000000.0
LNT,2026-08-07,debt,11007000000.0
LOW,2026-08-07,debt,36751000000.0
LRCX,2026-08-07,debt,3730384000.0
LULU,2026-08-07,debt,0.0
LUV,2026-08-07,debt,3790000000.0
LVS,2026-08-07,debt,13694000000.0
LYB,2026-08-07,debt,11215000000.0
LYV,2026-08-07,debt,9201465000.0
MA,2026-08-07,debt,24643000000.0
MAA,2026-08-07,debt,5656520000.0
MAR,2026-08-07,debt,23000000.0
MAS,2026-08-07,debt,3074000000.0
MCD,2026-08-07,debt,39863000000.0
MCHP,2026-08-07,debt,5361300000.0
MCK,2026-08-07,debt,9729000000.0
MCO,2026-08-07,debt,6946000000.0
MDLZ,2026-08-07,debt,15468000000.0
MDT,2026-08-07,debt,26173000000.0
MET,2026-08-07,debt,14244000000.0
META,2026-08-07,debt,58748000000.0
MGM,2026-08-07,debt,6068442000.0
MKC,2026-08-07,debt,3606900000.0
MLM,2026-08-07,debt,5951000000.0
MMM,2026-08-07,debt,10904000000.0
MNST,2026-08-07,debt,199059000.0
MO,2026-08-07,debt,24577000000.0
MOS,2026-08-07,debt,4767700000.0
MPC,2026-08-07,debt,30696000000.0
MRK,2026-08-07,debt,49100000000.0
MRSH,2026-08-07,debt,19537000000.0
MRVL,2026-08-07,debt,4961300000.0
MS,2026-08-07,debt,383156000000.0
MSCI,2026-08-07,debt,6380400000.0
MSFT,2026-08-07,debt,40294000000.0
MSI,2026-08-07,debt,8417000000.0
MTB,2026-08-07,debt,13568000000.0
MTD,2026-08-07,debt,2044673000.0
MU,2026-08-07,debt,5140000000.0
NCLH,2026-08-07,debt,13893415000.0
NDAQ,2026-08-07,debt,8492000000.0
NDSN,2026-08-07,debt,1879952000.0
NEE,2026-08-07,debt,97785000000.0
NEM,2026-08-07,debt,5083000000.0
NFLX,2026-08-07,debt,11825548000.0
NI,2026-08-07,debt,15612600000.0
NKE,2026-08-07,debt,7942000000.0
NOC,2026-08-07,debt,15191000000.0
NOW,2026-08-07,debt,5435000000.0
NRG,2026-08-07,debt,23392000000.0
NSC,2026-08-07,debt,15967000000.0
NTAP,2026-08-07,debt,2487000000.0
NTRS,2026-08-07,debt,1421600000.0
NUE,2026-08-07,debt,6877000000.0
NVDA,2026-08-07,debt,8470000000.0
NWS,2026-08-07,debt,1989000000.0
NWSA,2026-08-07,debt,1989000000.0
NXPI,2026-08-07,debt,10974000000.0
O,2026-08-07,debt,25091588000.0
ODFL,2026-08-07,debt,19997000.0
OKE,2026-08-07,debt,31500000000.0
OMC,2026-08-07,debt,9272900000.0
ON,2026-08-07,debt,4504900000.0
ORCL,2026-08-07,debt,129541000000.0
ORLY,2026-08-07,debt,6195311000.0
OTIS,2026-08-07,debt,8226000000.0
OXY,2026-08-07,debt,12800000000.0
PANW,2026-08-07,debt,1192000000.0
PAYX,2026-08-07,debt,4556100000.0
PCG,2026-08-07,debt,62843000000.0
PEG,2026-08-07,debt,23591000000.0
PEP,2026-08-07,debt,42612000000.0
PFE,2026-08-07,debt,63100000000.0
PFG,2026-08-07,debt,3927700000.0
PG,2026-08-07,debt,29299000000.0
PGR,2026-08-07,debt,8387000000.0
PH,2026-08-07,debt,6769000000.0
PKG,2026-08-07,debt,3968900000.0
PLD,2026-08-07,debt,34669592000.0
PLTR,2026-08-07,debt,0.0
PM,2026-08-07,debt,42366000000.0
PNC,2026-08-07,debt,85723000000.0
PNR,2026-08-07,debt,1944300000.0
PNW,2026-08-07,debt,10550808000.0
PODD,2026-08-07,debt,929500000.0
POOL,2026-08-07,debt,1233899000.0
PPG,2026-08-07,debt,7096000000.0
PPL,2026-08-07,debt,20018000000.0
PRU,2026-08-07,debt,19663000000.0
PSA,2026-08-07,debt,10180215000.0
PSKY,2026-08-07,debt,14491000000.0
PSX,2026-08-07,debt,18768000000.0
PTC,2026-08-07,debt,1398241000.0
PWR,2026-08-07,debt,5421862000.0
PYPL,2026-08-07,debt,10876000000.0
Q,2026-08-07,debt,3997000000.0
QCOM,2026-08-07,debt,12781000000.0
RCL,2026-08-07,debt,21114000000.0
REG,2026-08-07,debt,4973934000.0
REGN,2026-08-07,debt,1986600000.0
RF,2026-08-07,debt,4628000000.0
RJF,2026-08-07,debt,950000000.0
RL,2026-08-07,debt,1239400000.0
RMD,2026-08-07,debt,404168000.0
ROK,2026-08-07,debt,2572000000.0
ROL,2026-08-07,debt,487107000.0
ROP,2026-08-07,debt,11319400000.0
ROST,2026-08-07,debt,1018187000.0
RSG,2026-08-07,debt,13521000000.0
RTX,2026-08-07,debt,31858000000.0
RVTY,2026-08-07,debt,3226150000.0
SATS,2026-08-07,debt,15985387000.0
SBAC,2026-08-07,debt,12729222000.0
SBUX,2026-08-07,debt,13278600000.0
SCHW,2026-08-07,debt,20486000000.0
SHW,2026-08-07,debt,9825700000.0
SJM,2026-08-07,debt,6542800000.0
SLB,2026-08-07,debt,9670000000.0
SMCI,2026-08-07,debt,4113744000.0
SNA,2026-08-07,debt,1204000000.0
SNDK,2026-08-07,debt,0.0
SNPS,2026-08-07,debt,10035962000.0
SO,2026-08-07,debt,67148000000.0
SOFI,2026-08-07,debt,3300544000.0
SOLV,2026-08-07,debt,5079000000.0
SPG,2026-08-07,debt,28247682000.0
SPGI,2026-08-07,debt,13318000000.0
SRE,2026-08-07,debt,30847000000.0
STE,2026-08-07,debt,1812800000.0
STLD,2026-08-07,debt,4200000000.0
STT,2026-08-07,debt,25704000000.0
STX,2026-08-07,debt,3603000000.0
STZ,2026-08-07,debt,10197500000.0
SW,2026-08-07,debt,13233000000.0
SWK,2026-08-07,debt,4757900000.0
SWKS,2026-08-07,debt,496900000.0
SYF,2026-08-07,debt,16432000000.0
SYK,2026-08-07,debt,14942000000.0
SYY,2026-08-07,debt,12818000000.0
T,2026-08-07,debt,134631000000.0
TAP,2026-08-07,debt,7681800000.0
TDG,2026-08-07,debt,32760000000.0
TDY,2026-08-07,debt,2027000000.0
TECH,2026-08-07,debt,200000000.0
TEL,2026-08-07,debt,5530000000.0
TER,2026-08-07,debt,0.0
TFC,2026-08-07,debt,42976000000.0
TGT,2026-08-07,debt,14282000000.0
TJX,2026-08-07,debt,2870000000.0
TKO,2026-08-07,debt,4629225000.0
TMO,2026-08-07,debt,42284000000.0
TMUS,2026-08-07,debt,86282000000.0
TPR,2026-08-07,debt,2377100000.0
TRGP,2026-08-07,debt,19578000000.0
TRMB,2026-08-07,debt,1412800000.0
TRV,2026-08-07,debt,9068000000.0
TSCO,2026-08-07,debt,2153826000.0
TSLA,2026-08-07,debt,7721000000.0
TSN,2026-08-07,debt,6579000000.0
TT,2026-08-07,debt,3923700000.0
TTWO,2026-08-07,debt,2530000000.0
TXN,2026-08-07,debt,14052000000.0
TYL,2026-08-07,debt,1408691000.0
UAL,2026-08-07,debt,24294000000.0
UBER,2026-08-07,debt,12723000000.0
UDR,2026-08-07,debt,5663316000.0
UHS,2026-08-07,debt,4700000000.0
ULTA,2026-08-07,debt,800000000.0
UNH,2026-08-07,debt,71440000000.0
UNP,2026-08-07,debt,29039000000.0
UPS,2026-08-07,debt,23850000000.0
URI,2026-08-07,debt,12263000000.0
USB,2026-08-07,debt,58671000000.0
V,2026-08-07,debt,23976000000.0
VICI,2026-08-07,debt,16931155000.0
VLO,2026-08-07,debt,9101000000.0
VLTO,2026-08-07,debt,2662000000.0
VMC,2026-08-07,debt,4363000000.0
VRSK,2026-08-07,debt,4475600000.0
VRSN,2026-08-07,debt,0.0
VRT,2026-08-07,debt,2939800000.0
VRTX,2026-08-07,debt,105000000.0
VST,2026-08-07,debt,19163000000.0
VTR,2026-08-07,debt,13011016000.0
VTRS,2026-08-07,debt,13351300000.0
VZ,2026-08-07,debt,143448000000.0
WAB,2026-08-07,debt,6571000000.0
WAT,2026-08-07,debt,5215000000.0
WBD,2026-08-07,debt,32023000000.0
WDAY,2026-08-07,debt,2988000000.0
WDC,2026-08-07,debt,1581000000.0
WEC,2026-08-07,debt,20629800000.0
WELL,2026-08-07,debt,17933568000.0
WFC,2026-08-07,debt,182139000000.0
WM,2026-08-07,debt,22281000000.0
WMB,2026-08-07,debt,28121000000.0
WMT,2026-08-07,debt,40783000000.0
WRB,2026-08-07,debt,243258000.0
WSM,2026-08-07,debt,0.0
WST,2026-08-07,debt,202900000.0
WTW,2026-08-07,debt,6530000000.0
WY,2026-08-07,debt,5303000000.0
WYNN,2026-08-07,debt,10724660000.0
XEL,2026-08-07,debt,36947000000.0
XOM,2026-08-07,debt,33130000000.0
XYL,2026-08-07,debt,2947000000.0
XYZ,2026-08-07,debt,5720569000.0
YUM,2026-08-07,debt,9462000000.0
ZBH,2026-08-07,debt,7479000000.0
ZBRA,2026-08-07,debt,2776000000.0
ZTS,2026-08-07,debt,9048000000.0
A,2026-08-07,cash,1807000000.0
AAPL,2026-08-07,cash,39544000000.0
ABBV,2026-08-07,cash,6569000000.0
ABNB,2026-08-07,cash,6821000000.0
ABT,2026-08-07,cash,6803000000.0
ACGL,2026-08-07,cash,1109000000.0
ACN,2026-08-07,cash,10165245000.0
ADBE,2026-08-07,cash,4919000000.0
ADI,2026-08-07,cash,2436916000.0
ADM,2026-08-07,cash,1060000000.0
ADP,2026-08-07,cash,4230100000.0
ADSK,2026-08-07,cash,2671000000.0
AEE,2026-08-07,cash,12000000.0
AEP,2026-08-07,cash,306000000.0
AES,2026-08-07,cash,1800000000.0
AFL,2026-08-07,cash,6120000000.0
AIZ,2026-08-07,cash,1698700000.0
AJG,2026-08-07,cash,857600000.0
AKAM,2026-08-07,cash,622383000.0
ALB,2026-08-07,cash,1631688000.0
ALGN,2026-08-07,cash,1102591000.0
ALLE,2026-08-07,cash,320600000.0
AMAT,2026-08-07,cash,6301000000.0
AMCR,2026-08-07,cash,1587000000.0
AMD,2026-08-07,cash,5086000000.0
AME,2026-08-07,cash,495446000.0
AMGN,2026-08-07,cash,13989000000.0
AMP,2026-08-07,cash,2318000000.0
AMT,2026-08-07,cash,1608800000.0
AMZN,2026-08-07,cash,78213000000.0
ANET,2026-08-07,cash,2290200000.0
AON,2026-08-07,cash,1062000000.0
AOS,2026-08-07,cash,181300000.0
APD,2026-08-07,cash,980500000.0
APH,2026-08-07,cash,4729400000.0
APO,2026-08-07,cash,12070000000.0
APP,2026-08-07,cash,3053306000.0
APTV,2026-08-07,cash,761000000.0
ARE,2026-08-07,cash,470449000.0
ARES,2026-08-07,cash,152203000.0
ATO,2026-08-07,cash,520953000.0
AVB,2026-08-07,cash,80682000.0
AVGO,2026-08-07,cash,19628000000.0
AVY,2026-08-07,cash,227300000.0
AWK,2026-08-07,cash,191000000.0
AXON,2026-08-07,cash,597704000.0
AXP,2026-08-07,cash,3453000000.0
AZO,2026-08-07,cash,253729000.0
BA,2026-08-07,cash,7239000000.0
BAC,2026-08-07,cash,28100000000.0
BALL,2026-08-07,cash,491000000.0
BAX,2026-08-07,cash,2150000000.0
BBY,2026-08-07,cash,1749000000.0
BDX,2026-08-07,cash,708000000.0
BEN,2026-08-07,cash,4544300000.0
BF-B,2026-08-07,cash,308000000.0
BG,2026-08-07,cash,839000000.0
BIIB,2026-08-07,cash,2913700000.0
BKNG,2026-08-07,cash,17214000000.0
BKR,2026-08-07,cash,15727000000.0
BLDR,2026-08-07,cash,65651000.0
BLK,2026-08-07,cash,10492000000.0
BMY,2026-08-07,cash,8722000000.0
BNY,2026-08-07,cash,7483000000.0
BR,2026-08-07,cash,402900000.0
BRO,2026-08-07,cash,918000000.0
BSX,2026-08-07,cash,539000000.0
BX,2026-08-07,cash,2448485000.0
BXP,2026-08-07,cash,493949000.0
C,2026-08-07,cash,23717000000.0
CAG,2026-08-07,cash,218000000.0
CAH,2026-08-07,cash,2777000000.0
CARR,2026-08-07,cash,1371000000.0
CASY,2026-08-07,cash,522991000.0
CAT,2026-08-07,cash,6713000000.0
CB,2026-08-07,cash,2285000000.0
CBOE,2026-08-07,cash,2276200000.0
CBRE,2026-08-07,cash,1489000000.0
CCI,2026-08-07,cash,1042000000.0
CCL,2026-08-07,cash,2243000000.0
CDNS,2026-08-07,cash,1406668000.0
CDW,2026-08-07,cash,361800000.0
CE,2026-08-07,cash,1508000000.0
CEG,2026-08-07,cash,697000000.0
CF,2026-08-07,cash,287000000.0
CFG,2026-08-07,cash,1219000000.0
CHD,2026-08-07,cash,254800000.0
CHRW,2026-08-07,cash,154590000.0
CHTR,2026-08-07,cash,509000000.0
CI,2026-08-07,cash,6298000000.0
CIEN,2026-08-07,cash,1045126000.0
CINF,2026-08-07,cash,1750000000.0
CL,2026-08-07,cash,1370000000.0
CLX,2026-08-07,cash,1187000000.0
CMCSA,2026-08-07,cash,7661000000.0
CME,2026-08-07,cash,2144200000.0
CMG,2026-08-07,cash,228199000.0
CMI,2026-08-07,cash,3179000000.0
CMS,2026-08-07,cash,241000000.0
CNC,2026-08-07,cash,24151000000.0
CNP,2026-08-07,cash,639000000.0
COF,2026-08-07,cash,4555000000.0
COHR,2026-08-07,cash,1592730000.0
COIN,2026-08-07,cash,8614065000.0
COO,2026-08-07,cash,138800000.0
COP,2026-08-07,cash,6574000000.0
COR,2026-08-07,cash,2815291000.0
COST,2026-08-07,cash,18946000000.0
CPAY,2026-08-07,cash,2536812000.0
CPB,2026-08-07,cash,402000000.0
CPRT,2026-08-07,cash,3354142000.0
CPT,2026-08-07,cash,44717000.0
CRH,2026-08-07,cash,3025000000.0
CRL,2026-08-07,cash,192025000.0
CRM,2026-08-07,cash,8935000000.0
CRWD,2026-08-07,cash,4552801000.0
CSCO,2026-08-07,cash,7083000000.0
CSGP,2026-08-07,cash,1266000000.0
CSX,2026-08-07,cash,1958000000.0
CTAS,2026-08-07,cash,183204000.0
CTSH,2026-08-07,cash,1504000000.0
CTVA,2026-08-07,cash,2365000000.0
CVS,2026-08-07,cash,11329000000.0
CVX,2026-08-07,cash,9582000000.0
D,2026-08-07,cash,351000000.0
DAL,2026-08-07,cash,4665000000.0
DASH,2026-08-07,cash,4424000000.0
DD,2026-08-07,cash,1740000000.0
DDOG,2026-08-07,cash,434957000.0
DE,2026-08-07,cash,7905000000.0
DECK,2026-08-07,cash,1602589000.0
DELL,2026-08-07,cash,11578000000.0
DG,2026-08-07,cash,1353113000.0
DGX,2026-08-07,cash,626000000.0
DHI,2026-08-07,cash,2078700000.0
DHR,2026-08-07,cash,5687700000.0
DIS,2026-08-07,cash,5185000000.0
DLR,2026-08-07,cash,2426631000.0
DLTR,2026-08-07,cash,1007300000.0
DOC,2026-08-07,cash,1626827000.0
DOV,2026-08-07,cash,1755971000.0
DOW,2026-08-07,cash,4110000000.0
DPZ,2026-08-07,cash,164836000.0
DRI,2026-08-07,cash,219500000.0
DTE,2026-08-07,cash,238000000.0
DUK,2026-08-07,cash,2140000000.0
DVA,2026-08-07,cash,668963000.0
DVN,2026-08-07,cash,950000000.0
DXCM,2026-08-07,cash,1105000000.0
EA,2026-08-07,cash,2288000000.0
EBAY,2026-08-07,cash,2310000000.0
ECL,2026-08-07,cash,5135300000.0
ED,2026-08-07,cash,147000000.0
EFX,2026-08-07,cash,170100000.0
EG,2026-08-07,cash,656095000.0
EIX,2026-08-07,cash,168000000.0
EL,2026-08-07,cash,3126000000.0
ELV,2026-08-07,cash,10232000000.0
EME,2026-08-07,cash,924411000.0
EMR,2026-08-07,cash,2180000000.0
EOG,2026-08-07,cash,4907000000.0
EQIX,2026-08-07,cash,979000000.0
EQR,2026-08-07,cash,36405000.0
EQT,2026-08-07,cash,112863000.0
ERIE,2026-08-07,cash,266417000.0
ES,2026-08-07,cash,1819319000.0
ESS,2026-08-07,cash,58327000.0
ETN,2026-08-07,cash,483000000.0
ETR,2026-08-07,cash,3571053000.0
EVRG,2026-08-07,cash,18400000.0
EW,2026-08-07,cash,2906500000.0
EXC,2026-08-07,cash,713000000.0
EXE,2026-08-07,cash,2220000000.0
EXPD,2026-08-07,cash,1031448000.0
EXPE,2026-08-07,cash,6682000000.0
EXR,2026-08-07,cash,695171000.0
F,2026-08-07,cash,17649000000.0
FANG,2026-08-07,cash,462000000.0
FAST,2026-08-07,cash,204700000.0
FCX,2026-08-07,cash,4080000000.0
FDS,2026-08-07,cash,288114000.0
FDX,2026-08-07,cash,13311000000.0
FE,2026-08-07,cash,52000000.0
FFIV,2026-08-07,cash,1605782000.0
FICO,2026-08-07,cash,248444000.0
FIS,2026-08-07,cash,744000000.0
FISV,2026-08-07,cash,627000000.0
FITB,2026-08-07,cash,3068000000.0
FIX,2026-08-07,cash,1854794000.0
FLEX,2026-08-07,cash,2840000000.0
FOX,2026-08-07,cash,4205000000.0
FOXA,2026-08-07,cash,4205000000.0
FRT,2026-08-07,cash,115633000.0
FSLR,2026-08-07,cash,1688279000.0
FTNT,2026-08-07,cash,2934900000.0
FTV,2026-08-07,cash,356100000.0
GD,2026-08-07,cash,3654000000.0
GDDY,2026-08-07,cash,1155500000.0
GE,2026-08-07,cash,9345000000.0
GEHC,2026-08-07,cash,2261000000.0
GEN,2026-08-07,cash,1006000000.0
GEV,2026-08-07,cash,13120000000.0
GILD,2026-08-07,cash,5412000000.0
GIS,2026-08-07,cash,453800000.0
GL,2026-08-07,cash,38792000.0
GLW,2026-08-07,cash,1755000000.0
GM,2026-08-07,cash,20134000000.0
GNRC,2026-08-07,cash,264921000.0
GOOG,2026-08-07,cash,55911000000.0
GOOGL,2026-08-07,cash,55911000000.0
GPC,2026-08-07,cash,900123000.0
GPN,2026-08-07,cash,5408962000.0
GRMN,2026-08-07,cash,2289916000.0
GS,2026-08-07,cash,187266000000.0
GWW,2026-08-07,cash,589000000.0
HAL,2026-08-07,cash,2048000000.0
HAS,2026-08-07,cash,1181200000.0
HBAN,2026-08-07,cash,2096000000.0
HCA,2026-08-07,cash,940000000.0
HD,2026-08-07,cash,1601000000.0
HII,2026-08-07,cash,12000000.0
HLT,2026-08-07,cash,1009000000.0
HON,2026-08-07,cash,8751000000.0
HOOD,2026-08-07,cash,5362000000.0
HPE,2026-08-07,cash,5292000000.0
HPQ,2026-08-07,cash,3703000000.0
HRL,2026-08-07,cash,826750000.0
HSIC,2026-08-07,cash,88115000.0
HST,2026-08-07,cash,1953000000.0
HSY,2026-08-07,cash,791213000.0
HUBB,2026-08-07,cash,501600000.0
HUM,2026-08-07,cash,4951000000.0
HWM,2026-08-07,cash,563000000.0
IBKR,2026-08-07,cash,7711000000.0
IBM,2026-08-07,cash,7172000000.0
ICE,2026-08-07,cash,1067000000.0
IDXX,2026-08-07,cash,196933000.0
IEX,2026-08-07,cash,621300000.0
IFF,2026-08-07,cash,569000000.0
INCY,2026-08-07,cash,3461114000.0
INTC,2026-08-07,cash,12874000000.0
INTU,2026-08-07,cash,4681000000.0
INVH,2026-08-07,cash,75786000.0
IP,2026-08-07,cash,726000000.0
IQV,2026-08-07,cash,1947000000.0
IR,2026-08-07,cash,1173500000.0
IRM,2026-08-07,cash,250710000.0
ISRG,2026-08-07,cash,2760400000.0
IT,2026-08-07,cash,1488706000.0
ITW,2026-08-07,cash,839000000.0
IVZ,2026-08-07,cash,915400000.0
J,2026-08-07,cash,1172914000.0
JBHT,2026-08-07,cash,4162000.0
JBL,2026-08-07,cash,1360000000.0
JCI,2026-08-07,cash,698000000.0
JKHY,2026-08-07,cash,20573000.0
JNJ,2026-08-07,cash,20422000000.0
JPM,2026-08-07,cash,24720000000.0
KDP,2026-08-07,cash,898000000.0
KEY,2026-08-07,cash,1711000000.0
KEYS,2026-08-07,cash,2412000000.0
KHC,2026-08-07,cash,2419000000.0
KIM,2026-08-07,cash,699242000.0
KKR,2026-08-07,cash,5363009000.0
KLAC,2026-08-07,cash,1649842000.0
KMB,2026-08-07,cash,956000000.0
KMI,2026-08-07,cash,89000000.0
KO,2026-08-07,cash,10574000000.0
KR,2026-08-07,cash,2873000000.0
KVUE,2026-08-07,cash,1110000000.0
LDOS,2026-08-07,cash,748000000.0
LEN,2026-08-07,cash,3756305000.0
LH,2026-08-07,cash,141800000.0
LHX,2026-08-07,cash,1521000000.0
LII,2026-08-07,cash,48200000.0
LIN,2026-08-07,cash,4898000000.0
LITE,2026-08-07,cash,2617800000.0
LLY,2026-08-07,cash,8950000000.0
LMT,2026-08-07,cash,3791000000.0
LNT,2026-08-07,cash,115000000.0
LOW,2026-08-07,cash,786000000.0
LRCX,2026-08-07,cash,4750936000.0
LULU,2026-08-07,cash,881320000.0
LUV,2026-08-07,cash,3791000000.0
LVS,2026-08-07,cash,3376000000.0
LYB,2026-08-07,cash,2630000000.0
LYV,2026-08-07,cash,9071949000.0
MA,2026-08-07,cash,11291000000.0
MAA,2026-08-07,cash,71529000.0
MAR,2026-08-07,cash,462000000.0
MAS,2026-08-07,cash,388000000.0
MCD,2026-08-07,cash,822000000.0
MCHP,2026-08-07,cash,272300000.0
MCK,2026-08-07,cash,5164000000.0
MCO,2026-08-07,cash,1467000000.0
MDLZ,2026-08-07,cash,1524000000.0
MDT,2026-08-07,cash,1949000000.0
MET,2026-08-07,cash,19301000000.0
META,2026-08-07,cash,23426000000.0
MGM,2026-08-07,cash,2547380000.0
MKC,2026-08-07,cash,331200000.0
MLM,2026-08-07,cash,112000000.0
MMM,2026-08-07,cash,2955000000.0
MNST,2026-08-07,cash,2192424000.0
MO,2026-08-07,cash,2367000000.0
MOS,2026-08-07,cash,294000000.0
MPC,2026-08-07,cash,7768000000.0
MPWR,2026-08-07,cash,1005587000.0
MRK,2026-08-07,cash,5327000000.0
MRSH,2026-08-07,cash,1700000000.0
MRVL,2026-08-07,cash,3843600000.0
MS,2026-08-07,cash,160135000000.0
MSCI,2026-08-07,cash,356400000.0
MSFT,2026-08-07,cash,20935000000.0
MSI,2026-08-07,cash,710000000.0
MTB,2026-08-07,cash,1939000000.0
MTD,2026-08-07,cash,51383000.0
MU,2026-08-07,cash,24995000000.0
NCLH,2026-08-07,cash,218100000.0
NDAQ,2026-08-07,cash,520000000.0
NDSN,2026-08-07,cash,102017000.0
NEE,2026-08-07,cash,1998000000.0
NEM,2026-08-07,cash,9009000000.0
NFLX,2026-08-07,cash,9099232000.0
NI,2026-08-07,cash,70000000.0
NKE,2026-08-07,cash,7563000000.0
NOC,2026-08-07,cash,2307000000.0
NOW,2026-08-07,cash,2503000000.0
NRG,2026-08-07,cash,162000000.0
NSC,2026-08-07,cash,1069000000.0
NTAP,2026-08-07,cash,2070000000.0
NTRS,2026-08-07,cash,5736900000.0
NUE,2026-08-07,cash,2226000000.0
NVDA,2026-08-07,cash,13237000000.0
NWS,2026-08-07,cash,2095000000.0
NWSA,2026-08-07,cash,2095000000.0
NXPI,2026-08-07,cash,3708000000.0
O,2026-08-07,cash,552648000.0
ODFL,2026-08-07,cash,283939000.0
OKE,2026-08-07,cash,161000000.0
OMC,2026-08-07,cash,4288100000.0
ON,2026-08-07,cash,3514500000.0
ORCL,2026-08-07,cash,31289000000.0
ORLY,2026-08-07,cash,252632000.0
OTIS,2026-08-07,cash,813000000.0
OXY,2026-08-07,cash,4150000000.0
PANW,2026-08-07,cash,2364000000.0
PAYX,2026-08-07,cash,1088200000.0
PCAR,2026-08-07,cash,3219400000.0
PCG,2026-08-07,cash,972000000.0
PEG,2026-08-07,cash,192000000.0
PEP,2026-08-07,cash,10251000000.0
PFE,2026-08-07,cash,976000000.0
PFG,2026-08-07,cash,4054000000.0
PG,2026-08-07,cash,9942000000.0
PH,2026-08-07,cash,476000000.0
PKG,2026-08-07,cash,442800000.0
PLD,2026-08-07,cash,861144000.0
PLTR,2026-08-07,cash,2030047000.0
PM,2026-08-07,cash,5999000000.0
PNC,2026-08-07,cash,5951000000.0
PNR,2026-08-07,cash,67700000.0
PNW,2026-08-07,cash,9124000.0
PODD,2026-08-07,cash,856600000.0
POOL,2026-08-07,cash,36693000.0
PPG,2026-08-07,cash,1573000000.0
PPL,2026-08-07,cash,1241000000.0
PRU,2026-08-07,cash,15162000000.0
PSA,2026-08-07,cash,259936000.0
PSKY,2026-08-07,cash,1627000000.0
PSX,2026-08-07,cash,4099000000.0
PTC,2026-08-07,cash,351454000.0
PWR,2026-08-07,cash,506431000.0
PYPL,2026-08-07,cash,6977000000.0
Q,2026-08-07,cash,961000000.0
QCOM,2026-08-07,cash,4533000000.0
RCL,2026-08-07,cash,512000000.0
RDDT,2026-08-07,cash,1486838000.0
REG,2026-08-07,cash,36855000.0
REGN,2026-08-07,cash,2455800000.0
RF,2026-08-07,cash,3177000000.0
RJF,2026-08-07,cash,9977000000.0
RL,2026-08-07,cash,1719000000.0
RMD,2026-08-07,cash,1660513000.0
ROK,2026-08-07,cash,479000000.0
ROL,2026-08-07,cash,109085000.0
ROP,2026-08-07,cash,364900000.0
ROST,2026-08-07,cash,4130980000.0
RSG,2026-08-07,cash,107000000.0
RTX,2026-08-07,cash,8305000000.0
RVTY,2026-08-07,cash,860320000.0
SATS,2026-08-07,cash,439988000.0
SBAC,2026-08-07,cash,327051000.0
SBUX,2026-08-07,cash,3177500000.0
SCHW,2026-08-07,cash,44975000000.0
SHW,2026-08-07,cash,293500000.0
SJM,2026-08-07,cash,58600000.0
SLB,2026-08-07,cash,2819000000.0
SMCI,2026-08-07,cash,1290324000.0
SNA,2026-08-07,cash,1644700000.0
SNDK,2026-08-07,cash,3735000000.0
SNPS,2026-08-07,cash,2412472000.0
SO,2026-08-07,cash,981000000.0
SOFI,2026-08-07,cash,3126237000.0
SOLV,2026-08-07,cash,403000000.0
SPG,2026-08-07,cash,542955000.0
SPGI,2026-08-07,cash,1810000000.0
SRE,2026-08-07,cash,794000000.0
STE,2026-08-07,cash,423700000.0
STLD,2026-08-07,cash,567708000.0
STT,2026-08-07,cash,4290000000.0
STX,2026-08-07,cash,1704000000.0
STZ,2026-08-07,cash,96600000.0
SW,2026-08-07,cash,677000000.0
SWK,2026-08-07,cash,592400000.0
SWKS,2026-08-07,cash,790000000.0
SYF,2026-08-07,cash,16193000000.0
SYK,2026-08-07,cash,3391000000.0
SYY,2026-08-07,cash,1900000000.0
T,2026-08-07,cash,17570000000.0
TAP,2026-08-07,cash,2128100000.0
TDG,2026-08-07,cash,2773000000.0
TDY,2026-08-07,cash,340100000.0
TECH,2026-08-07,cash,209819000.0
TEL,2026-08-07,cash,1239000000.0
TER,2026-08-07,cash,349538000.0
TFC,2026-08-07,cash,4707000000.0
TGT,2026-08-07,cash,1556000000.0
TJX,2026-08-07,cash,5580000000.0
TKO,2026-08-07,cash,592485000.0
TMO,2026-08-07,cash,4064000000.0
TMUS,2026-08-07,cash,2825000000.0
TPL,2026-08-07,cash,248612000.0
TPR,2026-08-07,cash,1046500000.0
TRGP,2026-08-07,cash,132300000.0
TRMB,2026-08-07,cash,234100000.0
TROW,2026-08-07,cash,3234300000.0
TSCO,2026-08-07,cash,231588000.0
TSLA,2026-08-07,cash,15219000000.0
TSN,2026-08-07,cash,740000000.0
TT,2026-08-07,cash,1763300000.0
TTD,2026-08-07,cash,1122979000.0
TTWO,2026-08-07,cash,1545500000.0
TXN,2026-08-07,cash,3660000000.0
TXT,2026-08-07,cash,731000000.0
TYL,2026-08-07,cash,895353000.0
UAL,2026-08-07,cash,10166000000.0
UBER,2026-08-07,cash,4870000000.0
UDR,2026-08-07,cash,1300000.0
UHS,2026-08-07,cash,119028000.0
ULTA,2026-08-07,cash,166300000.0
UNH,2026-08-07,cash,28001000000.0
UNP,2026-08-07,cash,1614000000.0
UPS,2026-08-07,cash,4653000000.0
URI,2026-08-07,cash,156000000.0
USB,2026-08-07,cash,66491000000.0
V,2026-08-07,cash,12404000000.0
VEEV,2026-08-07,cash,1896580000.0
VICI,2026-08-07,cash,288063000.0
VLO,2026-08-07,cash,7874000000.0
VLTO,2026-08-07,cash,1431000000.0
VMC,2026-08-07,cash,140200000.0
VRSK,2026-08-07,cash,524500000.0
VRSN,2026-08-07,cash,840900000.0
VRT,2026-08-07,cash,2810600000.0
VRTX,2026-08-07,cash,6143500000.0
VST,2026-08-07,cash,634000000.0
VTR,2026-08-07,cash,198956000.0
VTRS,2026-08-07,cash,886500000.0
VZ,2026-08-07,cash,1752000000.0
WAB,2026-08-07,cash,670000000.0
WAT,2026-08-07,cash,462000000.0
WBD,2026-08-07,cash,3369000000.0
WDAY,2026-08-07,cash,559000000.0
WDC,2026-08-07,cash,2050000000.0
WEC,2026-08-07,cash,50000000.0
WELL,2026-08-07,cash,4703775000.0
WFC,2026-08-07,cash,42161000000.0
WM,2026-08-07,cash,557000000.0
WMB,2026-08-07,cash,203000000.0
WMT,2026-08-07,cash,10729000000.0
WRB,2026-08-07,cash,2606530000.0
WSM,2026-08-07,cash,651601000.0
WST,2026-08-07,cash,435800000.0
WTW,2026-08-07,cash,1627000000.0
WY,2026-08-07,cash,527000000.0
WYNN,2026-08-07,cash,1573353000.0
XEL,2026-08-07,cash,2010000000.0
XOM,2026-08-07,cash,8435000000.0
XYL,2026-08-07,cash,1276000000.0
XYZ,2026-08-07,cash,6427331000.0
YUM,2026-08-07,cash,674000000.0
ZBH,2026-08-07,cash,410000000.0
ZBRA,2026-08-07,cash,157000000.0
ZTS,2026-08-07,cash,1476000000.0
A,2026-08-07,yoy_growth,0.09112854556427274
AAPL,2026-08-07,yoy_growth,0.14242398286937896
ABBV,2026-08-07,yoy_growth,0.10386092442737627
ABNB,2026-08-07,yoy_growth,0.13635578583765118
ABT,2026-08-07,yoy_growth,0.06588890988097496
ACGL,2026-08-07,yoy_growth,0.003967425349759912
ACN,2026-08-07,yoy_growth,0.06743411196104065
ADBE,2026-08-07,yoy_growth,0.11490642006990837
ADI,2026-08-07,yoy_growth,0.29754958316087254
ADM,2026-08-07,yoy_growth,0.009655005251676396
ADP,2026-08-07,yoy_growth,0.06743868215885485
ADSK,2026-08-07,yoy_growth,0.18276351031983618
AEE,2026-08-07,yoy_growth,0.03759487666034156
AEP,2026-08-07,yoy_growth,0.08246734256190291
AES,2026-08-07,yoy_growth,0.0849401595744681
AFL,2026-08-07,yoy_growth,0.135700817096166
AIG,2026-08-07,yoy_growth,-0.04193942881807067
AIZ,2026-08-07,yoy_growth,0.09356435241245364
AJG,2026-08-07,yoy_growth,0.263223726938157
AKAM,2026-08-07,yoy_growth,0.061529799566445886
ALB,2026-08-07,yoy_growth,0.1831714557050499
ALGN,2026-08-07,yoy_growth,0.04407029657470907
ALL,2026-08-07,yoy_growth,0.05918330363345303
ALLE,2026-08-07,yoy_growth,0.10625290202755
AMAT,2026-08-07,yoy_growth,0.033287051870839024
AMCR,2026-08-07,yoy_growth,0.648343485366216
AMD,2026-08-07,yoy_growth,0.3954391891891893
AME,2026-08-07,yoy_growth,0.12660538182826753
AMGN,2026-08-07,yoy_growth,0.09101583755763665
AMP,2026-08-07,yoy_growth,0.09125412541254119
AMT,2026-08-07,yoy_growth,0.06307111836028856
AMZN,2026-08-07,yoy_growth,0.15766568463281194
ANET,2026-08-07,yoy_growth,0.3257367090518055
AON,2026-08-07,yoy_growth,0.04924785100286533
AOS,2026-08-07,yoy_growth,0.003878423302200451
APD,2026-08-07,yoy_growth,0.04514053027475762
APH,2026-08-07,yoy_growth,0.541702315348684
APO,2026-08-07,yoy_growth,0.281780521484851
APP,2026-08-07,yoy_growth,0.6059454411754677
APTV,2026-08-07,yoy_growth,0.05285352825414669
ARE,2026-08-07,yoy_growth,-0.0840396678223011
ARES,2026-08-07,yoy_growth,0.24026626514783844
ATO,2026-08-07,yoy_growth,0.06452365765065426
AVB,2026-08-07,yoy_growth,0.03413966978772742
AVGO,2026-08-07,yoy_growth,0.3228797812291835
AVY,2026-08-07,yoy_growth,0.0583893155105919
AWK,2026-08-07,yoy_growth,0.06849037487335363
AXON,2026-08-07,yoy_growth,0.3460078859670763
AXP,2026-08-07,yoy_growth,0.10652991054517913
AZO,2026-08-07,yoy_growth,0.05740488044994829
BA,2026-08-07,yoy_growth,0.24782614467587982
BAC,2026-08-07,yoy_growth,0.09738923978939917
BALL,2026-08-07,yoy_growth,0.15560216181334185
BAX,2026-08-07,yoy_growth,0.0535501056305685
BBY,2026-08-07,yoy_growth,0.009940165991121352
BDX,2026-08-07,yoy_growth,0.1735904295593358
BEN,2026-08-07,yoy_growth,0.07940311638998865
BF-B,2026-08-07,yoy_growth,-0.011823899371069202
BG,2026-08-07,yoy_growth,0.1749950880869735
BIIB,2026-08-07,yoy_growth,0.01232631107126858
BKNG,2026-08-07,yoy_growth,0.12851148851148841
BKR,2026-08-07,yoy_growth,0.004201528487087547
BLDR,2026-08-07,yoy_growth,-0.09380476858274656
BLK,2026-08-07,yoy_growth,0.2654243730589163
BMY,2026-08-07,yoy_growth,0.03106657722622841
BNY,2026-08-07,yoy_growth,0.10623867460522907
BR,2026-08-07,yoy_growth,0.08529292225512397
BRO,2026-08-07,yoy_growth,0.3424278370897589
BSX,2026-08-07,yoy_growth,0.13528712014707467
BX,2026-08-07,yoy_growth,0.15171952861989602
BXP,2026-08-07,yoy_growth,0.018827919697983697
C,2026-08-07,yoy_growth,0.0557840489581527
CAG,2026-08-07,yoy_growth,-0.028520253513364513
CAH,2026-08-07,yoy_growth,0.1007621155680325
CARR,2026-08-07,yoy_growth,-0.018578352180936952
CASY,2026-08-07,yoy_growth,0.10163805692514583
CAT,2026-08-07,yoy_growth,0.18356324933876045
CB,2026-08-07,yoy_growth,0.08201095851419615
CBOE,2026-08-07,yoy_growth,0.11684099033496631
CBRE,2026-08-07,yoy_growth,0.15026986586864743
CCI,2026-08-07,yoy_growth,-0.04564220183486234
CCL,2026-08-07,yoy_growth,0.05155552133066377
CDNS,2026-08-07,yoy_growth,0.13418450651724778
CDW,2026-08-07,yoy_growth,0.07414195801319123
CE,2026-08-07,yoy_growth,-0.021658104160370728
CEG,2026-08-07,yoy_growth,0.2049499173392979
CF,2026-08-07,yoy_growth,0.20040328835117105
CFG,2026-08-07,yoy_growth,0.11031937905585942
CHD,2026-08-07,yoy_growth,0.026887570062644306
CHRW,2026-08-07,yoy_growth,-0.0009444775571959552
CHTR,2026-08-07,yoy_growth,-0.014957806671254237
CI,2026-08-07,yoy_growth,0.0776992859405472
CIEN,2026-08-07,yoy_growth,0.3059149388987088
CINF,2026-08-07,yoy_growth,0.19551062371487316
CL,2026-08-07,yoy_growth,0.052352617630881504
CLX,2026-08-07,yoy_growth,-0.03689984328251883
CMCSA,2026-08-07,yoy_growth,0.005805900921213691
CME,2026-08-07,yoy_growth,0.05099317194289266
CMG,2026-08-07,yoy_growth,0.0730921754308258
CMI,2026-08-07,yoy_growth,0.02930011862396209
CMS,2026-08-07,yoy_growth,0.10210364289379159
CNC,2026-08-07,yoy_growth,0.12964824756087534
CNP,2026-08-07,yoy_growth,0.049584922593672864
COF,2026-08-07,yoy_growth,0.47733568370687474
COHR,2026-08-07,yoy_growth,0.17998849338190737
COIN,2026-08-07,yoy_growth,-0.10351405962016935
COO,2026-08-07,yoy_growth,0.060879594804673864
COP,2026-08-07,yoy_growth,0.09235514345017548
COR,2026-08-07,yoy_growth,0.05089761416873029
COST,2026-08-07,yoy_growth,0.09231106944072387
CPAY,2026-08-07,yoy_growth,0.1826247433563124
CPB,2026-08-07,yoy_growth,-0.02904645476772616
CPRT,2026-08-07,yoy_growth,0.010457082115333582
CPT,2026-08-07,yoy_growth,0.004845494593512134
CRH,2026-08-07,yoy_growth,0.06286626131455142
CRL,2026-08-07,yoy_growth,-0.007354388542960777
CRM,2026-08-07,yoy_growth,0.10981835142908958
CRWD,2026-08-07,yoy_growth,0.231666562702036
CSCO,2026-08-07,yoy_growth,0.09210218794383618
CSGP,2026-08-07,yoy_growth,0.21980924934815427
CSX,2026-08-07,yoy_growth,0.02522077004592016
CTAS,2026-08-07,yoy_growth,0.0871246745687666
CTSH,2026-08-07,yoy_growth,0.06545219252401568
CTVA,2026-08-07,yoy_growth,0.03696803865634268
CVS,2026-08-07,yoy_growth,0.07356953866765292
CVX,2026-08-07,yoy_growth,0.11172604082328386
D,2026-08-07,yoy_growth,0.18897103710235363
DAL,2026-08-07,yoy_growth,0.10275498998772692
DASH,2026-08-07,yoy_growth,0.33593947036569993
DD,2026-08-07,yoy_growth,0.03311649911295089
DDOG,2026-08-07,yoy_growth,0.3152027018065977
DE,2026-08-07,yoy_growth,0.04005091403866823
DECK,2026-08-07,yoy_growth,0.07853687253929564
DELL,2026-08-07,yoy_growth,0.3857354112160163
DG,2026-08-07,yoy_growth,0.0471891002017637
DGX,2026-08-07,yoy_growth,0.09865044668314016
DHI,2026-08-07,yoy_growth,-0.03544148568486749
DHR,2026-08-07,yoy_growth,0.045558655728147324
DIS,2026-08-07,yoy_growth,0.04576082932247316
DLR,2026-08-07,yoy_growth,0.12585825847710597
DLTR,2026-08-07,yoy_growth,0.09386417692815208
DOC,2026-08-07,yoy_growth,0.055151948296300324
DOV,2026-08-07,yoy_growth,0.07555250254213175
DOW,2026-08-07,yoy_growth,-0.07738681679568382
DPZ,2026-08-07,yoy_growth,0.05157288925262593
DRI,2026-08-07,yoy_growth,0.09391638444276995
DTE,2026-08-07,yoy_growth,0.20926997144321602
DUK,2026-08-07,yoy_growth,0.05797761582509109
DVA,2026-08-07,yoy_growth,0.06445534979448886
DVN,2026-08-07,yoy_growth,0.1668641156261106
DXCM,2026-08-07,yoy_growth,0.1554129464285714
EBAY,2026-08-07,yoy_growth,0.14689589302769823
ECL,2026-08-07,yoy_growth,0.0711401115499335
ED,2026-08-07,yoy_growth,0.07998012916045694
EFX,2026-08-07,yoy_growth,0.10347248381904728
EG,2026-08-07,yoy_growth,-0.051145685997171175
EIX,2026-08-07,yoy_growth,0.1313754904223401
EL,2026-08-07,yoy_growth,0.0031786825375355043
ELV,2026-08-07,yoy_growth,0.06288084982691644
EME,2026-08-07,yoy_growth,0.1892137557337672
EMR,2026-08-07,yoy_growth,0.04820293604814663
EOG,2026-08-07,yoy_growth,0.19073005242983654
EQIX,2026-08-07,yoy_growth,0.09638823660963891
EQR,2026-08-07,yoy_growth,0.043328916006368345
EQT,2026-08-07,yoy_growth,0.32322902075436666
ERIE,2026-08-07,yoy_growth,0.03674292910582988
ES,2026-08-07,yoy_growth,0.07753271750312818
ESS,2026-08-07,yoy_growth,0.04737541062295092
ETN,2026-08-07,yoy_growth,0.15525202000769522
ETR,2026-08-07,yoy_growth,0.11360630860184107
EVRG,2026-08-07,yoy_growth,0.007484741968766917
EW,2026-08-07,yoy_growth,0.14550315737629949
EXC,2026-08-07,yoy_growth,0.04582278481012669
EXE,2026-08-07,yoy_growth,1.6775700934579438
EXPD,2026-08-07,yoy_growth,0.06767076431233887
EXPE,2026-08-07,yoy_growth,0.11998858610358121
EXR,2026-08-07,yoy_growth,0.04164990334959029
F,2026-08-07,yoy_growth,0.038206634075921064
FANG,2026-08-07,yoy_growth,0.21445817355489272
FAST,2026-08-07,yoy_growth,0.12539874459765388
FCX,2026-08-07,yoy_growth,-0.01570537802026495
FDS,2026-08-07,yoy_growth,0.06621020938035893
FDX,2026-08-07,yoy_growth,0.07726952209812787
FE,2026-08-07,yoy_growth,0.11304659498207892
FFIV,2026-08-07,yoy_growth,0.09411847165429732
FICO,2026-08-07,yoy_growth,0.24088418068698303
FIS,2026-08-07,yoy_growth,0.1826112241930793
FISV,2026-08-07,yoy_growth,-0.01165214096248579
FITB,2026-08-07,yoy_growth,0.2380732887762158
FIX,2026-08-07,yoy_growth,0.4610738765936544
FLEX,2026-08-07,yoy_growth,0.12245915471350766
FOX,2026-08-07,yoy_growth,0.050674846625766934
FOXA,2026-08-07,yoy_growth,0.050674846625766934
FRT,2026-08-07,yoy_growth,0.07426310126421498
FSLR,2026-08-07,yoy_growth,0.23820628686452694
FTNT,2026-08-07,yoy_growth,0.18768046198267574
FTV,2026-08-07,yoy_growth,0.03560076287349023
GD,2026-08-07,yoy_growth,0.09348073483986341
GDDY,2026-08-07,yoy_growth,0.07407251530902137
GE,2026-08-07,yoy_growth,0.2729763700351935
GEHC,2026-08-07,yoy_growth,0.05965249015052021
GEN,2026-08-07,yoy_growth,0.27064803049555275
GEV,2026-08-07,yoy_growth,0.12981018708179715
GILD,2026-08-07,yoy_growth,0.055226414440633365
GIS,2026-08-07,yoy_growth,-0.05449898904888484
GL,2026-08-07,yoy_growth,0.05244677688537891
GLW,2026-08-07,yoy_growth,0.20051489518205212
GM,2026-08-07,yoy_growth,-0.01584796244658404
GNRC,2026-08-07,yoy_growth,0.006137834018715038
GOOG,2026-08-07,yoy_growth,0.20050673265140717
GOOGL,2026-08-07,yoy_growth,0.20050673265140717
GPC,2026-08-07,yoy_growth,0.05471710852760303
GPN,2026-08-07,yoy_growth,0.32517021341358765
GRMN,2026-08-07,yoy_growth,0.15713186549635338
GS,2026-08-07,yoy_growth,0.1777168982263888
GWW,2026-08-07,yoy_growth,0.0780275727933184
HAL,2026-08-07,yoy_growth,0.006251686606098872
HAS,2026-08-07,yoy_growth,0.16994448103886328
HBAN,2026-08-07,yoy_growth,0.16792477817507612
HCA,2026-08-07,yoy_growth,0.06709506181462599
HD,2026-08-07,yoy_growth,0.02233786636555557
HIG,2026-08-07,yoy_growth,0.04844006568144499
HII,2026-08-07,yoy_growth,0.13968363730659528
HLT,2026-08-07,yoy_growth,0.08735411949137784
HON,2026-08-07,yoy_growth,0.05028287567269207
HOOD,2026-08-07,yoy_growth,0.38267451640033645
HPE,2026-08-07,yoy_growth,0.2257575278839774
HPQ,2026-08-07,yoy_growth,0.057442263066779686
HRL,2026-08-07,yoy_growth,0.024680738437107053
HSIC,2026-08-07,yoy_growth,0.06490252877162761
HST,2026-08-07,yoy_growth,0.04926607052471743
HSY,2026-08-07,yoy_growth,0.0769126027397018
HUBB,2026-08-07,yoy_growth,0.07176563114431778
HUM,2026-08-07,yoy_growth,0.1408424938883437
HWM,2026-08-07,yoy_growth,0.1808055951301646
IBKR,2026-08-07,yoy_growth,0.21275843788655235
IBM,2026-08-07,yoy_growth,0.07895065584009986
ICE,2026-08-07,yoy_growth,0.06945993308905529
IDXX,2026-08-07,yoy_growth,0.12767320130321225
IEX,2026-08-07,yoy_growth,0.07318606321839072
IFF,2026-08-07,yoy_growth,-0.045897877223178396
INCY,2026-08-07,yoy_growth,0.2147621717084056
INTC,2026-08-07,yoy_growth,0.0746561145656679
INTU,2026-08-07,yoy_growth,0.15073691157061142
INVH,2026-08-07,yoy_growth,0.06718642770317862
IP,2026-08-07,yoy_growth,0.25358678199616724
IQV,2026-08-07,yoy_growth,0.07323998193198689
IR,2026-08-07,yoy_growth,0.0784731746398164
IRM,2026-08-07,yoy_growth,0.17372919367870887
ISRG,2026-08-07,yoy_growth,0.20660470202296333
IT,2026-08-07,yoy_growth,0.00679391570946386
ITW,2026-08-07,yoy_growth,0.04300189993666881
IVZ,2026-08-07,yoy_growth,0.12179226731241166
J,2026-08-07,yoy_growth,0.20142533063620172
JBHT,2026-08-07,yoy_growth,0.05281939162930782
JBL,2026-08-07,yoy_growth,0.1780178158097776
JCI,2026-08-07,yoy_growth,0.05097212663454931
JKHY,2026-08-07,yoy_growth,0.08442863676589951
JNJ,2026-08-07,yoy_growth,0.0805720149624285
JPM,2026-08-07,yoy_growth,0.13529639498075663
KDP,2026-08-07,yoy_growth,0.09189328521716722
KEY,2026-08-07,yoy_growth,0.511115406920549
KEYS,2026-08-07,yoy_growth,0.1918559122944401
KHC,2026-08-07,yoy_growth,-0.016199130778348447
KIM,2026-08-07,yoy_growth,0.04406376084337227
KKR,2026-08-07,yoy_growth,0.31140718401464795
KLAC,2026-08-07,yoy_growth,0.1170858038910636
KMB,2026-08-07,yoy_growth,0.0071059823868813154
KMI,2026-08-07,yoy_growth,0.13644611948632046
KO,2026-08-07,yoy_growth,0.05105566218809976
KVUE,2026-08-07,yoy_growth,0.017634238161283955
L,2026-08-07,yoy_growth,0.05118237771299006
LDOS,2026-08-07,yoy_growth,0.0352199776194122
LEN,2026-08-07,yoy_growth,-0.07448670454580475
LH,2026-08-07,yoy_growth,0.0640917248846764
LHX,2026-08-07,yoy_growth,0.05310020174848695
LII,2026-08-07,yoy_growth,-0.02031005440858613
LIN,2026-08-07,yoy_growth,0.06629568356143789
LITE,2026-08-07,yoy_growth,0.6898003531169361
LLY,2026-08-07,yoy_growth,0.4958129299726619
LMT,2026-08-07,yoy_growth,0.0719614720783921
LNT,2026-08-07,yoy_growth,0.08335376317724941
LOW,2026-08-07,yoy_growth,0.06240989908697747
LRCX,2026-08-07,yoy_growth,0.26530218628296875
LULU,2026-08-07,yoy_growth,0.04220022614174379
LUV,2026-08-07,yoy_growth,0.09464181712288866
LVS,2026-08-07,yoy_growth,0.18114507102884203
LYB,2026-08-07,yoy_growth,-0.01748196680001257
LYV,2026-08-07,yoy_growth,0.10754394400541822
MA,2026-08-07,yoy_growth,0.16011375285208818
MAA,2026-08-07,yoy_growth,0.007678832861107265
MAR,2026-08-07,yoy_growth,0.047214978007862785
MAS,2026-08-07,yoy_growth,-0.003115669219784456
MCD,2026-08-07,yoy_growth,0.06304681504221032
MCHP,2026-08-07,yoy_growth,0.20928750177062194
MCK,2026-08-07,yoy_growth,0.08842278102199441
MCO,2026-08-07,yoy_growth,0.11673737511974824
MDLZ,2026-08-07,yoy_growth,0.07788503729706009
MDT,2026-08-07,yoy_growth,0.08426513999463281
MET,2026-08-07,yoy_growth,0.1522580645161291
META,2026-08-07,yoy_growth,0.2618176908763259
MGM,2026-08-07,yoy_growth,0.03194289542921269
MKC,2026-08-07,yoy_growth,0.09536097763540363
MLM,2026-08-07,yoy_growth,0.14832618025751065
MMM,2026-08-07,yoy_growth,0.023494024876026254
MNST,2026-08-07,yoy_growth,0.20365026735943137
MO,2026-08-07,yoy_growth,-0.005806560990082255
MOS,2026-08-07,yoy_growth,0.08837329162741936
MPC,2026-08-07,yoy_growth,0.14987271638215027
MPWR,2026-08-07,yoy_growth,0.28666321791005345
MRK,2026-08-07,yoy_growth,0.02887894621570042
MRSH,2026-08-07,yoy_growth,0.08325904104810267
MRVL,2026-08-07,yoy_growth,0.3407416521832751
MS,2026-08-07,yoy_growth,0.18000514084400554
MSCI,2026-08-07,yoy_growth,0.11619458709471342
MSFT,2026-08-07,yoy_growth,0.17788686799846665
MSI,2026-08-07,yoy_growth,0.10293852532900671
MTB,2026-08-07,yoy_growth,0.057543263616095075
MTD,2026-08-07,yoy_growth,0.06911657110965197
MU,2026-08-07,yoy_growth,1.6698015556147046
NCLH,2026-08-07,yoy_growth,0.0620555770665685
NDAQ,2026-08-07,yoy_growth,0.07651617665149457
NDSN,2026-08-07,yoy_growth,0.07365395622908077
NEE,2026-08-07,yoy_growth,0.08333333333333326
NEM,2026-08-07,yoy_growth,0.2517975126311698
NFLX,2026-08-07,yoy_growth,0.16016001944490532
NI,2026-08-07,yoy_growth,0.1696452442159384
NKE,2026-08-07,yoy_growth,0.0019218726381480256
NOC,2026-08-07,yoy_growth,0.05903557936841075
NOW,2026-08-07,yoy_growth,0.22186281827983745
NRG,2026-08-07,yoy_growth,0.12358003442340793
NSC,2026-08-07,yoy_growth,0.029725734931844272
NTAP,2026-08-07,yoy_growth,0.053712720632988376
NTRS,2026-08-07,yoy_growth,0.1507882023900331
NUE,2026-08-07,yoy_growth,0.12268708712656529
NVDA,2026-08-07,yoy_growth,0.7068376931623068
NWS,2026-08-07,yoy_growth,0.06814955040227155
NWSA,2026-08-07,yoy_growth,0.06814955040227155
NXPI,2026-08-07,yoy_growth,0.02369552868619662
O,2026-08-07,yoy_growth,0.10853615378855408
ODFL,2026-08-07,yoy_growth,-0.006404933687698899
OKE,2026-08-07,yoy_growth,0.4082924909669803
OMC,2026-08-07,yoy_growth,0.25877198552289027
ON,2026-08-07,yoy_growth,-0.03141213977620805
ORCL,2026-08-07,yoy_growth,0.17350476489137434
ORLY,2026-08-07,yoy_growth,0.0792240847989909
OTIS,2026-08-07,yoy_growth,0.05244212309429708
PANW,2026-08-07,yoy_growth,0.19516592484083617
PAYX,2026-08-07,yoy_growth,0.16471349353049902
PCAR,2026-08-07,yoy_growth,-0.1055897825052412
PCG,2026-08-07,yoy_growth,0.05659837238784604
PEG,2026-08-07,yoy_growth,0.12654930842464518
PEP,2026-08-07,yoy_growth,0.056197410297772254
PFE,2026-08-07,yoy_growth,-0.0021462253066595327
PFG,2026-08-07,yoy_growth,-0.019758660266450234
PG,2026-08-07,yoy_growth,0.03261591761188365
PGR,2026-08-07,yoy_growth,0.10492913309387442
PH,2026-08-07,yoy_growth,0.060259594106538916
PKG,2026-08-07,yoy_growth,0.10345106934543091
PLD,2026-08-07,yoy_growth,0.06720980973096813
PLTR,2026-08-07,yoy_growth,0.7892124221826102
PM,2026-08-07,yoy_growth,0.08927748476624497
PNC,2026-08-07,yoy_growth,0.13178364688856736
PNR,2026-08-07,yoy_growth,0.030986261040235608
PNW,2026-08-07,yoy_growth,0.056898257738942526
PODD,2026-08-07,yoy_growth,0.2941301123119304
POOL,2026-08-07,yoy_growth,0.0179061088612964
PPG,2026-08-07,yoy_growth,0.028124999999999956
PPL,2026-08-07,yoy_growth,0.08323739350679249
PRU,2026-08-07,yoy_growth,0.09383708557820603
PSA,2026-08-07,yoy_growth,0.0296863034831516
PSX,2026-08-07,yoy_growth,0.14440533670261568
PTC,2026-08-07,yoy_growth,0.19498312687248842
PWR,2026-08-07,yoy_growth,0.26301110853942333
PYPL,2026-08-07,yoy_growth,0.05785694126501295
QCOM,2026-08-07,yoy_growth,0.018771528307557128
RCL,2026-08-07,yoy_growth,0.09746344374813498
RDDT,2026-08-07,yoy_growth,0.6659216832149712
REG,2026-08-07,yoy_growth,0.07756885960499371
REGN,2026-08-07,yoy_growth,0.09290005768879017
RF,2026-08-07,yoy_growth,0.044282972306004975
RJF,2026-08-07,yoy_growth,0.10499999999999998
RL,2026-08-07,yoy_growth,0.14676292565091487
RMD,2026-08-07,yoy_growth,0.10280932361438122
ROK,2026-08-07,yoy_growth,0.11313732787495345
ROL,2026-08-07,yoy_growth,0.09902029704772763
ROP,2026-08-07,yoy_growth,0.10875590846400018
ROST,2026-08-07,yoy_growth,0.11855129931267339
RSG,2026-08-07,yoy_growth,0.03201759745814492
RTX,2026-08-07,yoy_growth,0.11843443103386408
RVTY,2026-08-07,yoy_growth,0.047850294671081706
SATS,2026-08-07,yoy_growth,-0.05168787027251465
SBAC,2026-08-07,yoy_growth,0.05362331181520141
SBUX,2026-08-07,yoy_growth,0.04494498395990121
SCHW,2026-08-07,yoy_growth,0.21202052284387984
SHW,2026-08-07,yoy_growth,0.05764323068990773
SJM,2026-08-07,yoy_growth,0.03722166832834839
SLB,2026-08-07,yoy_growth,-0.003659347970725202
SMCI,2026-08-07,yoy_growth,0.562384954463943
SNA,2026-08-07,yoy_growth,0.04192379061839202
SNPS,2026-08-07,yoy_growth,0.3951035440090167
SO,2026-08-07,yoy_growth,0.08333034143539297
SOFI,2026-08-07,yoy_growth,0.40803361991975673
SOLV,2026-08-07,yoy_growth,-0.009298998569384875
SPG,2026-08-07,yoy_growth,0.10916616340407925
SPGI,2026-08-07,yoy_growth,0.0853515490236667
SRE,2026-08-07,yoy_growth,0.030757498729028887
STE,2026-08-07,yoy_growth,0.08727905485850362
STLD,2026-08-07,yoy_growth,0.19772527183961386
STT,2026-08-07,yoy_growth,0.12333059762739684
STX,2026-08-07,yoy_growth,0.3405518302737167
STZ,2026-08-07,yoy_growth,-0.0999016090400422
SW,2026-08-07,yoy_growth,0.016879828604817293
SWK,2026-08-07,yoy_growth,0.005678820177289934
SWKS,2026-08-07,yoy_growth,0.0005982501184036426
SYF,2026-08-07,yoy_growth,0.029251336898395763
SYK,2026-08-07,yoy_growth,0.08476782265513472
SYY,2026-08-07,yoy_growth,0.034385869363403376
T,2026-08-07,yoy_growth,0.026253387533875294
TDG,2026-08-07,yoy_growth,0.16645296654621755
TDY,2026-08-07,yoy_growth,0.0786881916945883
TECH,2026-08-07,yoy_growth,0.001689321946542366
TEL,2026-08-07,yoy_growth,0.1653096918159338
TER,2026-08-07,yoy_growth,0.5787020287806981
TFC,2026-08-07,yoy_growth,0.040886625730118364
TGT,2026-08-07,yoy_growth,0.004684504301999404
TJX,2026-08-07,yoy_growth,0.08057271195957338
TKO,2026-08-07,yoy_growth,0.05073858803403364
TMO,2026-08-07,yoy_growth,0.07229473294455246
TMUS,2026-08-07,yoy_growth,0.09680911816494553
TPL,2026-08-07,yoy_growth,0.20820247875478048
TPR,2026-08-07,yoy_growth,0.1413368999505713
TRGP,2026-08-07,yoy_growth,-0.01974389151399114
TRMB,2026-08-07,yoy_growth,0.0324875371086093
TROW,2026-08-07,yoy_growth,0.0697025629464727
TRV,2026-08-07,yoy_growth,0.023851331577407153
TSCO,2026-08-07,yoy_growth,0.03975764660387515
TSLA,2026-08-07,yoy_growth,0.11754745470232963
TSN,2026-08-07,yoy_growth,0.02858936948251034
TT,2026-08-07,yoy_growth,0.0703514681856956
TTD,2026-08-07,yoy_growth,0.11610294249386355
TTWO,2026-08-07,yoy_growth,0.18155353592729329
TXN,2026-08-07,yoy_growth,0.1665967016491754
TXT,2026-08-07,yoy_growth,0.08796757218034412
TYL,2026-08-07,yoy_growth,0.08189112768562845
UAL,2026-08-07,yoy_growth,0.08476037732595243
UBER,2026-08-07,yoy_growth,0.16682512518222725
UDR,2026-08-07,yoy_growth,0.021463483152754925
UHS,2026-08-07,yoy_growth,0.1042160154334042
ULTA,2026-08-07,yoy_growth,0.1129897926752379
UNH,2026-08-07,yoy_growth,0.09670850637838146
UNP,2026-08-07,yoy_growth,0.04169228877136888
UPS,2026-08-07,yoy_growth,-0.0042408069713109064
URI,2026-08-07,yoy_growth,0.020514223194748382
USB,2026-08-07,yoy_growth,0.0667864199748518
V,2026-08-07,yoy_growth,0.14369633981021246
VEEV,2026-08-07,yoy_growth,0.16246847547925491
VICI,2026-08-07,yoy_growth,0.04364077866488181
VLO,2026-08-07,yoy_growth,0.12617649197359815
VLTO,2026-08-07,yoy_growth,0.05948096230346667
VMC,2026-08-07,yoy_growth,0.0740415101377454
VRSK,2026-08-07,yoy_growth,0.05855256423380073
VRSN,2026-08-07,yoy_growth,0.06863971968464533
VRT,2026-08-07,yoy_growth,0.26232680888497906
VRTX,2026-08-07,yoy_growth,0.10232248572529512
VST,2026-08-07,yoy_growth,0.15676255362099423
VTR,2026-08-07,yoy_growth,0.21485461416178775
VTRS,2026-08-07,yoy_growth,0.044662154476168725
VZ,2026-08-07,yoy_growth,0.01383211678832108
WAB,2026-08-07,yoy_growth,0.13425487597046004
WBD,2026-08-07,yoy_growth,-0.06050831143830804
WDAY,2026-08-07,yoy_growth,0.13316467341306337
WDC,2026-08-07,yoy_growth,0.32043951115595926
WEC,2026-08-07,yoy_growth,0.08925827629557204
WELL,2026-08-07,yoy_growth,0.3755242876701568
WFC,2026-08-07,yoy_growth,0.06217952640274116
WM,2026-08-07,yoy_growth,0.07169102296450935
WMB,2026-08-07,yoy_growth,0.10134894011847839
WMT,2026-08-07,yoy_growth,0.05826128347242254
WRB,2026-08-07,yoy_growth,0.042695045846488755
WSM,2026-08-07,yoy_growth,0.012960934835360538
WST,2026-08-07,yoy_growth,0.12384298358219037
WTW,2026-08-07,yoy_growth,0.0303534303534303
WY,2026-08-07,yoy_growth,-0.026151222285389464
WYNN,2026-08-07,yoy_growth,0.06357116766906046
XEL,2026-08-07,yoy_growth,0.04721645052661749
XOM,2026-08-07,yoy_growth,-0.04400626944902064
XYL,2026-08-07,yoy_growth,0.0453608247422681
XYZ,2026-08-07,yoy_growth,0.050655275950544976
YUM,2026-08-07,yoy_growth,0.10293373798684868
ZBH,2026-08-07,yoy_growth,0.08617784472414414
ZBRA,2026-08-07,yoy_growth,0.12658959537572256
ZTS,2026-08-07,yoy_growth,0.014930148235043239
AXP,2026-08-07,net_interest_margin,0.05953543605999942
BAC,2026-08-07,net_interest_margin,0.01792557193934255
BNY,2026-08-07,net_interest_margin,0.010281532668341527
C,2026-08-07,net_interest_margin,0.022501864743440656
CFG,2026-08-07,net_interest_margin,0.026591286200585026
COF,2026-08-07,net_interest_margin,0.06883827179475915
FITB,2026-08-07,net_interest_margin,0.02397894596575388
GS,2026-08-07,net_interest_margin,0.007082258821804277
HBAN,2026-08-07,net_interest_margin,0.022623102476767167
HOOD,2026-08-07,net_interest_margin,0.028558797524314766
IBKR,2026-08-07,net_interest_margin,0.0157454843940172
JPM,2026-08-07,net_interest_margin,0.019907602467682896
KEY,2026-08-07,net_interest_margin,0.02546036159881244
MS,2026-08-07,net_interest_margin,0.006464854628827556
MTB,2026-08-07,net_interest_margin,0.03230852728027328
NTRS,2026-08-07,net_interest_margin,0.014288566692619851
PNC,2026-08-07,net_interest_margin,0.025074914696266763
RF,2026-08-07,net_interest_margin,0.03138891127657332
RJF,2026-08-07,net_interest_margin,0.02370618759086134
SCHW,2026-08-07,net_interest_margin,0.02470612321844486
SOFI,2026-08-07,net_interest_margin,0.044030909988372294
STT,2026-08-07,net_interest_margin,0.007677212875345678
SYF,2026-08-07,net_interest_margin,0.15356352005248913
TFC,2026-08-07,net_interest_margin,0.02616618377297342
USB,2026-08-07,net_interest_margin,0.023597706628021346
WFC,2026-08-07,net_interest_margin,0.02133642041169906
AXP,2026-08-07,efficiency_ratio,0.739302172481896
BAC,2026-08-07,efficiency_ratio,0.5939982493517647
BNY,2026-08-07,efficiency_ratio,0.6287733420695465
C,2026-08-07,efficiency_ratio,0.6468993839835729
CFG,2026-08-07,efficiency_ratio,0.6245702498280999
COF,2026-08-07,efficiency_ratio,0.5635387368959346
FITB,2026-08-07,efficiency_ratio,0.6589724497393894
GS,2026-08-07,efficiency_ratio,0.6234460673987584
HBAN,2026-08-07,efficiency_ratio,0.6391881165665041
IBKR,2026-08-07,efficiency_ratio,0.21958327262130264
JPM,2026-08-07,efficiency_ratio,0.5136704645751424
KEY,2026-08-07,efficiency_ratio,0.6160931303569144
MS,2026-08-07,efficiency_ratio,0.6622203428922888
MTB,2026-08-07,efficiency_ratio,0.5550647525348861
NTRS,2026-08-07,efficiency_ratio,0.6702091227449984
PNC,2026-08-07,efficiency_ratio,0.5965795572604491
RF,2026-08-07,efficiency_ratio,0.5763423920178548
RJF,2026-08-07,efficiency_ratio,0.8069381598793364
SCHW,2026-08-07,efficiency_ratio,0.5084663763909046
SOFI,2026-08-07,efficiency_ratio,0.8200058294886191
STT,2026-08-07,efficiency_ratio,0.7070270988310308
SYF,2026-08-07,efficiency_ratio,0.275055852860186
TFC,2026-08-07,efficiency_ratio,0.5861870503597122
USB,2026-08-07,efficiency_ratio,0.5764464201522193
WFC,2026-08-07,efficiency_ratio,0.640156228397622
ACGL,2026-08-07,tangible_equity,23599000000.0
AFL,2026-08-07,tangible_equity,29230000000.0
AIG,2026-08-07,tangible_equity,37184000000.0
AIZ,2026-08-07,tangible_equity,3441600000.0
ALL,2026-08-07,tangible_equity,30580000000.0
AXP,2026-08-07,tangible_equity,28602000000.0
BAC,2026-08-07,tangible_equity,232073000000.0
BNY,2026-08-07,tangible_equity,27933000000.0
C,2026-08-07,tangible_equity,193193000000.0
CB,2026-08-07,tangible_equity,53418000000.0
CFG,2026-08-07,tangible_equity,17963000000.0
COF,2026-08-07,tangible_equity,83759000000.0
FITB,2026-08-07,tangible_equity,24492000000.0
GL,2026-08-07,tangible_equity,5665369000.0
GS,2026-08-07,tangible_equity,115400000000.0
HBAN,2026-08-07,tangible_equity,23008000000.0
HIG,2026-08-07,tangible_equity,17994000000.0
HOOD,2026-08-07,tangible_equity,9025000000.0
JPM,2026-08-07,tangible_equity,321887000000.0
KEY,2026-08-07,tangible_equity,17046000000.0
L,2026-08-07,tangible_equity,18632000000.0
MET,2026-08-07,tangible_equity,17905000000.0
MS,2026-08-07,tangible_equity,99224000000.0
MTB,2026-08-07,tangible_equity,19481000000.0
NTRS,2026-08-07,tangible_equity,12692000000.0
PFG,2026-08-07,tangible_equity,10227300000.0
PGR,2026-08-07,tangible_equity,25363000000.0
PNC,2026-08-07,tangible_equity,50691000000.0
PRU,2026-08-07,tangible_equity,31348000000.0
RF,2026-08-07,tangible_equity,13107000000.0
RJF,2026-08-07,tangible_equity,11052000000.0
SCHW,2026-08-07,tangible_equity,36936000000.0
SOFI,2026-08-07,tangible_equity,9651212000.0
STT,2026-08-07,tangible_equity,20162000000.0
SYF,2026-08-07,tangible_equity,15534000000.0
TFC,2026-08-07,tangible_equity,46970000000.0
TRV,2026-08-07,tangible_equity,29061000000.0
USB,2026-08-07,tangible_equity,54198000000.0
WFC,2026-08-07,tangible_equity,155227000000.0
WRB,2026-08-07,tangible_equity,9648907000.0
AXP,2026-08-07,roa,0.037134615821390445
BAC,2026-08-07,roa,0.009617937403245493
BNY,2026-08-07,roa,0.011997661037029136
C,2026-08-07,roa,0.0053838586603502485
CFG,2026-08-07,roa,0.009091842145777383
COF,2026-08-07,roa,0.004719543713986572
FITB,2026-08-07,roa,0.007815310813511892
GS,2026-08-07,roa,0.009857071754575692
HBAN,2026-08-07,roa,0.007733765050530536
HOOD,2026-08-07,roa,0.03664014146772768
IBKR,2026-08-07,roa,0.004553008584402509
JPM,2026-08-07,roa,0.012964726906050545
KEY,2026-08-07,roa,0.010610661885770737
MS,2026-08-07,roa,0.012032426359222402
MTB,2026-08-07,roa,0.013832829367739817
NTRS,2026-08-07,roa,0.012500474073214751
PNC,2026-08-07,roa,0.011947392514049549
RF,2026-08-07,roa,0.013837655534132264
RJF,2026-08-07,roa,0.02447021870390611
SCHW,2026-08-07,roa,0.01909920355794121
SOFI,2026-08-07,roa,0.010439534007176138
STT,2026-08-07,roa,0.008260794366857003
SYF,2026-08-07,roa,0.028852620355941935
TFC,2026-08-07,roa,0.009951027205709116
USB,2026-08-07,roa,0.01125195958772203
WFC,2026-08-07,roa,0.009907102836253248
AXP,2026-08-07,equity_to_assets,0.11122539365288463
BAC,2026-08-07,equity_to_assets,0.08604674623362943
BNY,2026-08-07,equity_to_assets,0.08507120694679621
C,2026-08-07,equity_to_assets,0.07989268410907413
CFG,2026-08-07,equity_to_assets,0.11197163824218684
COF,2026-08-07,equity_to_assets,0.16438743309830797
FITB,2026-08-07,equity_to_assets,0.11487107735358784
GS,2026-08-07,equity_to_assets,0.057687345696854506
HBAN,2026-08-07,equity_to_assets,0.11400908288129179
HOOD,2026-08-07,equity_to_assets,0.1687179487179487
IBKR,2026-08-07,equity_to_assets,0.023872968634380473
JPM,2026-08-07,equity_to_assets,0.07469448575882007
KEY,2026-08-07,equity_to_assets,0.10348270148496998
MS,2026-08-07,equity_to_assets,0.0694477859559406
MTB,2026-08-07,equity_to_assets,0.12745540702632935
NTRS,2026-08-07,equity_to_assets,0.07474517170374105
PNC,2026-08-07,equity_to_assets,0.1039033559835983
RF,2026-08-07,equity_to_assets,0.11680171606767556
RJF,2026-08-07,equity_to_assets,0.13475598756327134
SCHW,2026-08-07,equity_to_assets,0.0998015482882273
SOFI,2026-08-07,equity_to_assets,0.18173375900208488
STT,2026-08-07,equity_to_assets,0.06756520970120536
SYF,2026-08-07,equity_to_assets,0.13857951283523334
TFC,2026-08-07,equity_to_assets,0.11527400844929077
USB,2026-08-07,equity_to_assets,0.09289203463752105
WFC,2026-08-07,equity_to_assets,0.07895448297498774
AXP,2026-08-07,provision_ratio,0.06630678077682686
BAC,2026-08-07,provision_ratio,0.010672808668007527
BNY,2026-08-07,provision_ratio,-0.0022464548134974493
C,2026-08-07,provision_ratio,0.06298282407284504
CFG,2026-08-07,provision_ratio,-0.04040404040404041
COF,2026-08-07,provision_ratio,0.3810449160487514
FITB,2026-08-07,provision_ratio,0.062453462397617274
GS,2026-08-07,provision_ratio,-0.020648611090131868
HBAN,2026-08-07,provision_ratio,0.014675386824054873
JPM,2026-08-07,provision_ratio,0.06559415870978096
KEY,2026-08-07,provision_ratio,0.052833567864909815
MTB,2026-08-07,provision_ratio,0.07633989680951879
NTRS,2026-08-07,provision_ratio,-0.005712294311948847
RF,2026-08-07,provision_ratio,0.0497571222265984
RJF,2026-08-07,provision_ratio,0.0007869368483179224
SCHW,2026-08-07,provision_ratio,0.000541213400443795
SOFI,2026-08-07,provision_ratio,0.008652726214931619
STT,2026-08-07,provision_ratio,-0.001974008883039974
SYF,2026-08-07,provision_ratio,0.266223307528446
TFC,2026-08-07,provision_ratio,0.08738609112709832
USB,2026-08-07,provision_ratio,0.07617700545564761
WFC,2026-08-07,provision_ratio,0.04343518134476243
AXP,2026-08-07,ppnr_ttm,19800000000.0
BAC,2026-08-07,ppnr_ttm,49166000000.0
BNY,2026-08-07,ppnr_ttm,7932000000.0
C,2026-08-07,ppnr_ttm,30093000000.0
CFG,2026-08-07,ppnr_ttm,3276000000.0
COF,2026-08-07,ppnr_ttm,25605000000.0
FITB,2026-08-07,ppnr_ttm,3664000000.0
GS,2026-08-07,ppnr_ttm,24929000000.0
HBAN,2026-08-07,ppnr_ttm,3182000000.0
IBKR,2026-08-07,ppnr_ttm,5356000000.0
JPM,2026-08-07,ppnr_ttm,96978000000.0
KEY,2026-08-07,ppnr_ttm,2968000000.0
MS,2026-08-07,ppnr_ttm,26361000000.0
MTB,2026-08-07,ppnr_ttm,4432000000.0
NTRS,2026-08-07,ppnr_ttm,2985300000.0
PNC,2026-08-07,ppnr_ttm,10096000000.0
RF,2026-08-07,ppnr_ttm,3227000000.0
RJF,2026-08-07,ppnr_ttm,2944000000.0
SOFI,2026-08-07,ppnr_ttm,775000000.0
STT,2026-08-07,ppnr_ttm,4406000000.0
SYF,2026-08-07,ppnr_ttm,13953000000.0
TFC,2026-08-07,ppnr_ttm,8628000000.0
USB,2026-08-07,ppnr_ttm,12466000000.0
WFC,2026-08-07,ppnr_ttm,31233000000.0
ACGL,2026-08-07,combined_ratio,0.8514323784143905
AFL,2026-08-07,combined_ratio,0.9263896221434498
AIG,2026-08-07,combined_ratio,0.9431487477968603
AIZ,2026-08-07,combined_ratio,1.114572421017809
ALL,2026-08-07,combined_ratio,1.0651301069666228
CB,2026-08-07,combined_ratio,0.8527289750509446
CINF,2026-08-07,combined_ratio,0.9423927678399692
EG,2026-08-07,combined_ratio,0.9829510858534605
GL,2026-08-07,combined_ratio,0.9316926480630108
HIG,2026-08-07,combined_ratio,0.9749776948657637
L,2026-08-07,combined_ratio,1.485048930772019
MET,2026-08-07,combined_ratio,1.4671758429952166
PFG,2026-08-07,combined_ratio,2.1999935245742406
PGR,2026-08-07,combined_ratio,0.9028443592201981
PRU,2026-08-07,combined_ratio,1.867236485011074
TRV,2026-08-07,combined_ratio,0.8855434110125799
ACGL,2026-08-07,loss_ratio,0.5308582157349646
AFL,2026-08-07,loss_ratio,0.5296025341277623
AIG,2026-08-07,loss_ratio,0.5711357953846784
AIZ,2026-08-07,loss_ratio,0.2705335318226094
ALL,2026-08-07,loss_ratio,0.6608024029178288
CB,2026-08-07,loss_ratio,0.4761249105028364
CINF,2026-08-07,loss_ratio,0.6395460665512599
EG,2026-08-07,loss_ratio,0.6684256816182937
GL,2026-08-07,loss_ratio,0.5882894653832893
HIG,2026-08-07,loss_ratio,0.6328574904696245
L,2026-08-07,loss_ratio,0.7725625226531352
MET,2026-08-07,loss_ratio,0.9910041140922423
PFG,2026-08-07,loss_ratio,1.2878974292559735
PGR,2026-08-07,loss_ratio,0.6622515772403915
PRU,2026-08-07,loss_ratio,1.1288330161899116
TRV,2026-08-07,loss_ratio,0.5666689580898696
WRB,2026-08-07,loss_ratio,0.6180899922485545
ACGL,2026-08-07,expense_ratio,0.32057416267942584
AFL,2026-08-07,expense_ratio,0.3967870880156875
AIG,2026-08-07,expense_ratio,0.3720129524121819
AIZ,2026-08-07,expense_ratio,0.8440388891951995
ALL,2026-08-07,expense_ratio,0.40432770404879403
CB,2026-08-07,expense_ratio,0.3766040645481082
CINF,2026-08-07,expense_ratio,0.3028467012887093
EG,2026-08-07,expense_ratio,0.31452540423516673
GL,2026-08-07,expense_ratio,0.3434031826797215
HIG,2026-08-07,expense_ratio,0.3421202043961392
L,2026-08-07,expense_ratio,0.7124864081188838
MET,2026-08-07,expense_ratio,0.4761717289029743
PFG,2026-08-07,expense_ratio,0.9120960953182671
PGR,2026-08-07,expense_ratio,0.2405927819798066
PRU,2026-08-07,expense_ratio,0.7384034688211625
TRV,2026-08-07,expense_ratio,0.3188744529227103
ACGL,2026-08-07,net_investment_yield,0.03404403055181146
AIG,2026-08-07,net_investment_yield,0.03799249530956848
AIZ,2026-08-07,net_investment_yield,0.05506096103275161
ALL,2026-08-07,net_investment_yield,0.04314252522721578
CB,2026-08-07,net_investment_yield,0.03885543053556215
CINF,2026-08-07,net_investment_yield,0.03731185714716617
EG,2026-08-07,net_investment_yield,0.046754275903057516
GL,2026-08-07,net_investment_yield,0.0553671570681885
HIG,2026-08-07,net_investment_yield,0.04890701417209644
L,2026-08-07,net_investment_yield,0.051286231884057974
MET,2026-08-07,net_investment_yield,0.04987949759927719
PFG,2026-08-07,net_investment_yield,0.042972245475276394
PGR,2026-08-07,net_investment_yield,0.03865420022423139
PRU,2026-08-07,net_investment_yield,0.04683118980070024
TRV,2026-08-07,net_investment_yield,0.04036674129425561
WRB,2026-08-07,net_investment_yield,0.04764960298849515
ACGL,2026-08-07,reserve_growth,0.08370469631337851
AFL,2026-08-07,reserve_growth,-0.1957552145599798
AIG,2026-08-07,reserve_growth,0.0014049373512630137
AIZ,2026-08-07,reserve_growth,-0.10264154153728355
ALL,2026-08-07,reserve_growth,-0.07163408169275731
CB,2026-08-07,reserve_growth,0.04029436885025328
CINF,2026-08-07,reserve_growth,0.1270773121387283
EG,2026-08-07,reserve_growth,0.06955905899741355
GL,2026-08-07,reserve_growth,0.023327092648044667
HIG,2026-08-07,reserve_growth,0.03658590211512247
L,2026-08-07,reserve_growth,0.04911651337633094
MET,2026-08-07,reserve_growth,0.03611187897368895
PFG,2026-08-07,reserve_growth,0.03166097493440234
PGR,2026-08-07,reserve_growth,0.10723137483598189
PRU,2026-08-07,reserve_growth,-0.0074299399059915006
TRV,2026-08-07,reserve_growth,0.004257480467874775
WRB,2026-08-07,reserve_growth,0.07843819092400994
AFL,2026-08-07,core_earnings_ttm,4862000000.0
AIG,2026-08-07,core_earnings_ttm,4206000000.0
AIZ,2026-08-07,core_earnings_ttm,1241900000.0
ALL,2026-08-07,core_earnings_ttm,12214000000.0
CB,2026-08-07,core_earnings_ttm,11379000000.0
CINF,2026-08-07,core_earnings_ttm,699000000.0
EG,2026-08-07,core_earnings_ttm,613851000.0
GL,2026-08-07,core_earnings_ttm,1214453000.0
HIG,2026-08-07,core_earnings_ttm,4397000000.0
MET,2026-08-07,core_earnings_ttm,3400000000.0
PFG,2026-08-07,core_earnings_ttm,1609300000.0
PGR,2026-08-07,core_earnings_ttm,10659000000.0
PRU,2026-08-07,core_earnings_ttm,7551000000.0
TRV,2026-08-07,core_earnings_ttm,8187000000.0
AZO,2026-08-07,inventory_turnover,1.2756440751331912
BBY,2026-08-07,inventory_turnover,5.793854948195785
CAH,2026-08-07,inventory_turnover,11.71366076754822
COR,2026-08-07,inventory_turnover,15.194715835366269
COST,2026-08-07,inventory_turnover,13.172571840560305
DECK,2026-08-07,inventory_turnover,2.8880185244805467
DG,2026-08-07,inventory_turnover,4.490192517883399
DHI,2026-08-07,inventory_turnover,0.967103710059992
DLTR,2026-08-07,inventory_turnover,5.05868544600939
GPC,2026-08-07,inventory_turnover,2.5158094082745475
GRMN,2026-08-07,inventory_turnover,1.6483222557426382
HAS,2026-08-07,inventory_turnover,3.892695356738392
HD,2026-08-07,inventory_turnover,4.083760997067449
HSIC,2026-08-07,inventory_turnover,4.537153958232151
LOW,2026-08-07,inventory_turnover,3.198026779422128
LULU,2026-08-07,inventory_turnover,2.9421814392610224
MCK,2026-08-07,inventory_turnover,15.081572032446019
NKE,2026-08-07,inventory_turnover,3.5311291827756297
ORLY,2026-08-07,inventory_turnover,1.51558633632587
POOL,2026-08-07,inventory_turnover,2.2675845167738964
RL,2026-08-07,inventory_turnover,2.1346566984618027
ROST,2026-08-07,inventory_turnover,5.742935909744108
TGT,2026-08-07,inventory_turnover,6.206381424048064
TJX,2026-08-07,inventory_turnover,5.508273615635179
TPR,2026-08-07,inventory_turnover,2.2162578504562154
TSCO,2026-08-07,inventory_turnover,2.844382087458373
ULTA,2026-08-07,inventory_turnover,3.23065289930469
WMT,2026-08-07,inventory_turnover,8.696659741089979
WSM,2026-08-07,inventory_turnover,2.921926695669505
AZO,2026-08-07,dio,286.12996925642443
BBY,2026-08-07,dio,62.99778010729481
CAH,2026-08-07,dio,31.16019895430162
COR,2026-08-07,dio,24.021508789947152
COST,2026-08-07,dio,27.709091619915164
DECK,2026-08-07,dio,126.38423088565565
DG,2026-08-07,dio,81.28827406537457
DHI,2026-08-07,dio,377.4155720872564
DLTR,2026-08-07,dio,72.15313225058004
GPC,2026-08-07,dio,145.08253240468363
GRMN,2026-08-07,dio,221.43728189579787
HAS,2026-08-07,dio,93.76536475380028
HD,2026-08-07,dio,89.37839414747991
HSIC,2026-08-07,dio,80.44690644401628
LOW,2026-08-07,dio,114.13287791978846
LULU,2026-08-07,dio,124.05761083574635
MCK,2026-08-07,dio,24.20172109477384
NKE,2026-08-07,dio,103.36636840714313
ORLY,2026-08-07,dio,240.83088587671224
POOL,2026-08-07,dio,160.96423189521832
RL,2026-08-07,dio,170.9876816553279
ROST,2026-08-07,dio,63.55634221525964
TGT,2026-08-07,dio,58.81043639788603
TJX,2026-08-07,dio,66.26395590878985
TPR,2026-08-07,dio,164.69202801689568
TSCO,2026-08-07,dio,128.3231256480558
ULTA,2026-08-07,dio,112.98025859681687
WMT,2026-08-07,dio,41.97013691077828
WSM,2026-08-07,dio,124.91757597511085
AZO,2026-08-07,dso,13.969360069443212
BBY,2026-08-07,dso,7.899904443382705
CAH,2026-08-07,dso,20.380793957649598
COR,2026-08-07,dso,27.912736714395308
COST,2026-08-07,dso,4.66216147172729
DECK,2026-08-07,dso,24.98458466709448
DHI,2026-08-07,dso,1.7467518643234312
DLTR,2026-08-07,dso,1.7515077845731615
GPC,2026-08-07,dso,38.61962457189503
GRMN,2026-08-07,dso,46.014767195044854
HAS,2026-08-07,dso,55.16981018257862
HD,2026-08-07,dso,14.513061851709566
HSIC,2026-08-07,dso,47.30885163946479
LEN,2026-08-07,dso,7.306068335936462
LOW,2026-08-07,dso,4.7505512523322215
LULU,2026-08-07,dso,5.374652018562342
MCK,2026-08-07,dso,26.92408201799101
NKE,2026-08-07,dso,46.65750678908574
ORLY,2026-08-07,dso,8.644487657016874
POOL,2026-08-07,dso,10.84705904758206
RL,2026-08-07,dso,16.989240233626962
ROST,2026-08-07,dso,3.2628234849973485
TGT,2026-08-07,dso,4.4066138576064136
TJX,2026-08-07,dso,3.805046765393609
TPR,2026-08-07,dso,14.180083558363478
ULTA,2026-08-07,dso,7.1297914514203695
WMT,2026-08-07,dso,5.419221964139498
WSM,2026-08-07,dso,6.452756789098012
AZO,2026-08-07,dpo,318.01022901863746
BBY,2026-08-07,dpo,57.59604119134242
CAH,2026-08-07,dpo,60.40580226794323
COR,2026-08-07,dpo,62.479785884968315
COST,2026-08-07,dpo,31.911546806888595
DECK,2026-08-07,dpo,113.68086134495216
DG,2026-08-07,dpo,53.179723029047516
DHI,2026-08-07,dpo,19.635243519702428
DLTR,2026-08-07,dpo,45.66661332906632
GPC,2026-08-07,dpo,144.89642423426002
GRMN,2026-08-07,dpo,41.255735917145074
HAS,2026-08-07,dpo,99.52614735617135
HD,2026-08-07,dpo,47.09074996633903
HSIC,2026-08-07,dpo,44.34542924427317
LOW,2026-08-07,dpo,74.09016171136047
LULU,2026-08-07,dpo,21.64262219517261
MCK,2026-08-07,dpo,58.7379522103291
NKE,2026-08-07,dpo,49.60924226979273
ORLY,2026-08-07,dpo,299.98057971277825
POOL,2026-08-07,dpo,97.03116365833097
RL,2026-08-07,dpo,81.79843806610039
ROST,2026-08-07,dpo,56.65584504271318
TGT,2026-08-07,dpo,58.19449531683323
TJX,2026-08-07,dpo,41.90817485097928
TPR,2026-08-07,dpo,97.51938191733947
TSCO,2026-08-07,dpo,64.2024655921535
ULTA,2026-08-07,dpo,33.79228528792032
WMT,2026-08-07,dpo,42.1753928144813
WSM,2026-08-07,dpo,48.135115421860235
AZO,2026-08-07,cash_conversion_cycle,-17.910899692769817
BBY,2026-08-07,cash_conversion_cycle,13.301643359335088
CAH,2026-08-07,cash_conversion_cycle,-8.864809355992008
COR,2026-08-07,cash_conversion_cycle,-10.545540380625859
COST,2026-08-07,cash_conversion_cycle,0.45970628475385666
DECK,2026-08-07,cash_conversion_cycle,37.68795420779797
DHI,2026-08-07,cash_conversion_cycle,359.5270804318774
DLTR,2026-08-07,cash_conversion_cycle,49.89288894702843
GPC,2026-08-07,cash_conversion_cycle,38.80573274231864
GRMN,2026-08-07,cash_conversion_cycle,226.19631317369763
HAS,2026-08-07,cash_conversion_cycle,49.40902758020755
HD,2026-08-07,cash_conversion_cycle,56.80070603285044
HSIC,2026-08-07,cash_conversion_cycle,83.41032883920789
LOW,2026-08-07,cash_conversion_cycle,44.793267460760205
LULU,2026-08-07,cash_conversion_cycle,107.78964065913607
MCK,2026-08-07,cash_conversion_cycle,-7.612149097564242
NKE,2026-08-07,cash_conversion_cycle,100.41463292643613
ORLY,2026-08-07,cash_conversion_cycle,-50.50520617904914
POOL,2026-08-07,cash_conversion_cycle,74.78012728446942
RL,2026-08-07,cash_conversion_cycle,106.17848382285446
ROST,2026-08-07,cash_conversion_cycle,10.163320657543807
TGT,2026-08-07,cash_conversion_cycle,2.869486816513067
TJX,2026-08-07,cash_conversion_cycle,28.160827823204187
TPR,2026-08-07,cash_conversion_cycle,81.3527296579197
ULTA,2026-08-07,cash_conversion_cycle,86.31776476031692
WMT,2026-08-07,cash_conversion_cycle,5.213966060436476
WSM,2026-08-07,cash_conversion_cycle,83.23521734234862
ABNB,2026-08-07,capex_intensity,0.003957921049890636
ADP,2026-08-07,capex_intensity,0.008957740061510422
AEE,2026-08-07,capex_intensity,0.5316036118413533
AEP,2026-08-07,capex_intensity,0.19893821568000578
AES,2026-08-07,capex_intensity,0.5172360962157193
ALB,2026-08-07,capex_intensity,0.07751581609992308
ALLE,2026-08-07,capex_intensity,0.022898449341261513
AMCR,2026-08-07,capex_intensity,0.040874267688147815
AME,2026-08-07,capex_intensity,0.017216470710610977
AOS,2026-08-07,capex_intensity,0.013903124917869063
APD,2026-08-07,capex_intensity,0.3866150354699973
APTV,2026-08-07,capex_intensity,0.03562082777036048
ATO,2026-08-07,capex_intensity,0.8208620659527147
AVY,2026-08-07,capex_intensity,0.01843621933153837
AWK,2026-08-07,capex_intensity,0.6379670017068083
AXON,2026-08-07,capex_intensity,0.04119693119099475
BA,2026-08-07,capex_intensity,0.04094898664822597
BALL,2026-08-07,capex_intensity,0.04181208990646377
BKNG,2026-08-07,capex_intensity,0.011331043518289013
BKR,2026-08-07,capex_intensity,0.047177637511271416
BLDR,2026-08-07,capex_intensity,0.017903406278058313
BR,2026-08-07,capex_intensity,0.008987802268350097
CARR,2026-08-07,capex_intensity,0.01934156378600823
CAT,2026-08-07,capex_intensity,0.03841882000294397
CE,2026-08-07,capex_intensity,0.02841845140032949
CEG,2026-08-07,capex_intensity,0.15725757636899237
CF,2026-08-07,capex_intensity,0.13787311022095877
CHRW,2026-08-07,capex_intensity,0.0009765533069373293
CHTR,2026-08-07,capex_intensity,0.22266343113464226
CMCSA,2026-08-07,capex_intensity,0.0966574596693487
CMI,2026-08-07,capex_intensity,0.036879105681687216
CNP,2026-08-07,capex_intensity,0.5376229157759727
COP,2026-08-07,capex_intensity,0.15391731714368315
CPRT,2026-08-07,capex_intensity,0.07462899884821013
CSX,2026-08-07,capex_intensity,0.17406284454244764
CTAS,2026-08-07,capex_intensity,0.03751910047963175
CTVA,2026-08-07,capex_intensity,0.032674601392319785
CVX,2026-08-07,capex_intensity,0.08772417361806517
D,2026-08-07,capex_intensity,0.3639282847203639
DAL,2026-08-07,capex_intensity,0.06867347878118384
DASH,2026-08-07,capex_intensity,0.014788244918507332
DE,2026-08-07,capex_intensity,0.02650236326806212
DOV,2026-08-07,capex_intensity,0.02597569473968727
DOW,2026-08-07,capex_intensity,0.058401769596501486
DUK,2026-08-07,capex_intensity,0.4601759025770343
DVN,2026-08-07,capex_intensity,0.19589826894766232
EBAY,2026-08-07,capex_intensity,0.05063291139240506
ECL,2026-08-07,capex_intensity,0.07019741724803324
EFX,2026-08-07,capex_intensity,0.07873380401893088
EIX,2026-08-07,capex_intensity,0.3389260033658014
EME,2026-08-07,capex_intensity,0.00636828867969421
EMR,2026-08-07,capex_intensity,0.024254131787937325
EOG,2026-08-07,capex_intensity,0.22807666691334272
EQT,2026-08-07,capex_intensity,0.2609049850251455
ES,2026-08-07,capex_intensity,0.2952300242321018
ETN,2026-08-07,capex_intensity,0.03383846794338052
ETR,2026-08-07,capex_intensity,0.6229226431762089
EVRG,2026-08-07,capex_intensity,0.530454253527972
EXC,2026-08-07,capex_intensity,0.3607278302267409
EXE,2026-08-07,capex_intensity,0.20104712041884817
EXPD,2026-08-07,capex_intensity,0.004044283143189906
EXPE,2026-08-07,capex_intensity,0.04821656050955414
F,2026-08-07,capex_intensity,0.049367695313940196
FANG,2026-08-07,capex_intensity,0.21319143959770787
FAST,2026-08-07,capex_intensity,0.027807938920827953
FCX,2026-08-07,capex_intensity,0.16604809402304183
FDX,2026-08-07,capex_intensity,0.04021326013513513
FE,2026-08-07,capex_intensity,0.31912153023765055
FIX,2026-08-07,capex_intensity,0.03475758512806884
FTV,2026-08-07,capex_intensity,0.02611323605798744
GD,2026-08-07,capex_intensity,0.022710377639012787
GE,2026-08-07,capex_intensity,0.027725665988664862
GEV,2026-08-07,capex_intensity,0.04111873912202669
GM,2026-08-07,capex_intensity,0.052295191028321614
GNRC,2026-08-07,capex_intensity,0.038047802840991525
GWW,2026-08-07,capex_intensity,0.03528787476784293
HAL,2026-08-07,capex_intensity,0.045814150985562956
HII,2026-08-07,capex_intensity,0.032764505119453925
HON,2026-08-07,capex_intensity,0.029114223401739497
HUBB,2026-08-07,capex_intensity,0.028301729457480697
HWM,2026-08-07,capex_intensity,0.04716463749040255
IEX,2026-08-07,capex_intensity,0.02097453490642345
IFF,2026-08-07,capex_intensity,0.06223692122669874
IP,2026-08-07,capex_intensity,0.08903854894021403
IR,2026-08-07,capex_intensity,0.016355669713681346
ITW,2026-08-07,capex_intensity,0.02483453761612727
J,2026-08-07,capex_intensity,0.006420818137933906
JBHT,2026-08-07,capex_intensity,0.039017313962103124
JCI,2026-08-07,capex_intensity,0.015225310031514755
KMI,2026-08-07,capex_intensity,0.2087453172019898
LDOS,2026-08-07,capex_intensity,0.007794276611480913
LHX,2026-08-07,capex_intensity,0.012363023321157629
LII,2026-08-07,capex_intensity,0.028300810224808855
LIN,2026-08-07,capex_intensity,0.15554740613275408
LMT,2026-08-07,capex_intensity,0.02172332303217597
LNT,2026-08-07,capex_intensity,0.2987101154107264
LUV,2026-08-07,capex_intensity,0.09926177174780526
LYB,2026-08-07,capex_intensity,0.04472300589894845
MAS,2026-08-07,capex_intensity,0.02057559578070061
MLM,2026-08-07,capex_intensity,0.10599491702795634
MMM,2026-08-07,capex_intensity,0.036298649722001586
MOS,2026-08-07,capex_intensity,0.1135786542999208
MPC,2026-08-07,capex_intensity,0.02752365263027667
NDSN,2026-08-07,capex_intensity,0.016639132233126935
NEM,2026-08-07,capex_intensity,0.11235300966352312
NI,2026-08-07,capex_intensity,0.29797446988078913
NOC,2026-08-07,capex_intensity,0.03338617924088408
NRG,2026-08-07,capex_intensity,0.03697916666666667
NSC,2026-08-07,capex_intensity,0.1675438596491228
NUE,2026-08-07,capex_intensity,0.09437939110070258
ODFL,2026-08-07,capex_intensity,0.04985839375122601
OKE,2026-08-07,capex_intensity,0.0825839556978103
OTIS,2026-08-07,capex_intensity,0.010663268727784857
PAYX,2026-08-07,capex_intensity,0.03727920521813652
PCAR,2026-08-07,capex_intensity,0.023310492597732223
PCG,2026-08-07,capex_intensity,0.4803189224755196
PEG,2026-08-07,capex_intensity,0.264370565255521
PH,2026-08-07,capex_intensity,0.0198694429885167
PKG,2026-08-07,capex_intensity,0.09247275740191091
PNR,2026-08-07,capex_intensity,0.016776527139899577
PNW,2026-08-07,capex_intensity,0.4770357999472116
PPG,2026-08-07,capex_intensity,0.04745363190869053
PPL,2026-08-07,capex_intensity,0.4564778403656074
PWR,2026-08-07,capex_intensity,0.023920001555987908
ROL,2026-08-07,capex_intensity,0.0070838087175418875
RSG,2026-08-07,capex_intensity,0.1118413262285376
RTX,2026-08-07,capex_intensity,0.029935828877005348
SATS,2026-08-07,capex_intensity,0.04366502489947233
SHW,2026-08-07,capex_intensity,0.027590812075230536
SLB,2026-08-07,capex_intensity,0.04560378408458542
SO,2026-08-07,capex_intensity,0.4389209252999271
SRE,2026-08-07,capex_intensity,0.8826140567200986
STLD,2026-08-07,capex_intensity,0.029992631463427198
SW,2026-08-07,capex_intensity,0.07284683649364745
SWK,2026-08-07,capex_intensity,0.017189477757301102
T,2026-08-07,capex_intensity,0.1748284724023295
TDG,2026-08-07,capex_intensity,0.027081043269711204
TMUS,2026-08-07,capex_intensity,0.1131805312998297
TPL,2026-08-07,capex_intensity,0.027846137904682957
TRGP,2026-08-07,capex_intensity,0.21172535316429233
TSLA,2026-08-07,capex_intensity,0.12471650952045474
TXT,2026-08-07,capex_intensity,0.03117850839924178
UAL,2026-08-07,capex_intensity,0.10125274236113319
UBER,2026-08-07,capex_intensity,0.005576982273163489
UNP,2026-08-07,capex_intensity,0.14793388429752066
UPS,2026-08-07,capex_intensity,0.0379183809629712
URI,2026-08-07,capex_intensity,1.1510590858416945
VLO,2026-08-07,capex_intensity,0.016429540671644823
VLTO,2026-08-07,capex_intensity,0.01072769533345253
VMC,2026-08-07,capex_intensity,0.08511113316134154
VRSK,2026-08-07,capex_intensity,0.08200367469296974
VRT,2026-08-07,capex_intensity,0.03696992926582808
VST,2026-08-07,capex_intensity,0.15635054807220375
VZ,2026-08-07,capex_intensity,0.1291275290392315
WAB,2026-08-07,capex_intensity,0.02378964941569282
WM,2026-08-07,capex_intensity,0.1146998090933884
WMB,2026-08-07,capex_intensity,0.395437755168168
XEL,2026-08-07,capex_intensity,0.8526956759715381
XOM,2026-08-07,capex_intensity,0.08655301783716185
XYL,2026-08-07,capex_intensity,0.0373657681349989
ALLE,2026-08-07,operating_leverage,0.8964988895546881
AME,2026-08-07,operating_leverage,0.8872257891096189
APTV,2026-08-07,operating_leverage,-8.193368491240843
BLDR,2026-08-07,operating_leverage,6.878869219529747
BR,2026-08-07,operating_leverage,1.1036842107975806
CMI,2026-08-07,operating_leverage,-2.0517284184721714
CTAS,2026-08-07,operating_leverage,1.0984588672106896
DE,2026-08-07,operating_leverage,2.2000258508140074
DOV,2026-08-07,operating_leverage,1.4539699604624878
EFX,2026-08-07,operating_leverage,0.6128472819753262
EME,2026-08-07,operating_leverage,1.5810415927776282
ETN,2026-08-07,operating_leverage,1.2346745079771746
EXPD,2026-08-07,operating_leverage,0.8893290536122964
FAST,2026-08-07,operating_leverage,1.0832423092118413
FDX,2026-08-07,operating_leverage,0.6102475495494379
FIX,2026-08-07,operating_leverage,2.106161447386012
FTV,2026-08-07,operating_leverage,0.5680806621637415
GD,2026-08-07,operating_leverage,1.0212306734460932
GEV,2026-08-07,operating_leverage,13.454759790120496
GWW,2026-08-07,operating_leverage,0.36493617937677053
HII,2026-08-07,operating_leverage,2.5250858661447526
HON,2026-08-07,operating_leverage,0.9752925040783242
HUBB,2026-08-07,operating_leverage,1.6722100975368144
HWM,2026-08-07,operating_leverage,1.8053761868420277
IEX,2026-08-07,operating_leverage,1.6173229628423653
IR,2026-08-07,operating_leverage,3.679973130597598
ITW,2026-08-07,operating_leverage,1.485313030247105
J,2026-08-07,operating_leverage,-1.1625595456311926
JBHT,2026-08-07,operating_leverage,3.483719591664013
LDOS,2026-08-07,operating_leverage,-0.11145427512709977
LHX,2026-08-07,operating_leverage,2.8337033472763427
LII,2026-08-07,operating_leverage,0.21271614594343144
LMT,2026-08-07,operating_leverage,7.459125397986263
MMM,2026-08-07,operating_leverage,-1.4493282339785625
NDSN,2026-08-07,operating_leverage,2.277629587016425
NOC,2026-08-07,operating_leverage,1.5743105857010509
OTIS,2026-08-07,operating_leverage,4.499457863021021
PAYX,2026-08-07,operating_leverage,0.8326962994268438
PH,2026-08-07,operating_leverage,2.075348980656322
PNR,2026-08-07,operating_leverage,1.4962252398323366
PWR,2026-08-07,operating_leverage,1.381349600052901
ROL,2026-08-07,operating_leverage,0.7171180463824283
RSG,2026-08-07,operating_leverage,0.4994990026120971
RTX,2026-08-07,operating_leverage,2.1971342613993925
SNA,2026-08-07,operating_leverage,0.8369727961803044
TDG,2026-08-07,operating_leverage,1.0061038096515518
TSLA,2026-08-07,operating_leverage,-1.8914982425386424
TT,2026-08-07,operating_leverage,0.6311194261442145
URI,2026-08-07,operating_leverage,0.2548369429922774
VLTO,2026-08-07,operating_leverage,0.7610975804416867
VRSK,2026-08-07,operating_leverage,1.196015366428966
VRT,2026-08-07,operating_leverage,1.4953814162693477
WAB,2026-08-07,operating_leverage,1.0914058839851566
WM,2026-08-07,operating_leverage,1.0224213058817433
XYL,2026-08-07,operating_leverage,4.844707462435985
ACGL,2026-08-07,avg_p_tbv_5y,1.54335409929644
AFL,2026-08-07,avg_p_tbv_5y,2.11962957356431
AIG,2026-08-07,avg_p_tbv_5y,1.1076333977675639
AIZ,2026-08-07,avg_p_tbv_5y,3.7243360864577317
ALL,2026-08-07,avg_p_tbv_5y,2.167148475968591
AXP,2026-08-07,avg_p_tbv_5y,6.524328783340628
BAC,2026-08-07,avg_p_tbv_5y,1.3304264757111617
BNY,2026-08-07,avg_p_tbv_5y,1.7308251684713243
C,2026-08-07,avg_p_tbv_5y,0.5654616022663015
CB,2026-08-07,avg_p_tbv_5y,2.21518089750463
CFG,2026-08-07,avg_p_tbv_5y,1.014809260351962
COF,2026-08-07,avg_p_tbv_5y,0.9679200806135706
FITB,2026-08-07,avg_p_tbv_5y,1.5170597722249506
GL,2026-08-07,avg_p_tbv_5y,2.374685642212417
GS,2026-08-07,avg_p_tbv_5y,1.2470660339251385
HBAN,2026-08-07,avg_p_tbv_5y,1.1579453583987231
HIG,2026-08-07,avg_p_tbv_5y,1.8933976294273214
HOOD,2026-08-07,avg_p_tbv_5y,2.2608398480567917
JPM,2026-08-07,avg_p_tbv_5y,1.8294558007505224
KEY,2026-08-07,avg_p_tbv_5y,1.066290536821105
L,2026-08-07,avg_p_tbv_5y,1.0204495029597096
MET,2026-08-07,avg_p_tbv_5y,1.928503745317245
MS,2026-08-07,avg_p_tbv_5y,1.8264964424099106
MTB,2026-08-07,avg_p_tbv_5y,1.3287540959695248
NTRS,2026-08-07,avg_p_tbv_5y,1.651812619589434
PFG,2026-08-07,avg_p_tbv_5y,1.6684612319675174
PGR,2026-08-07,avg_p_tbv_5y,3.9347912870359893
PNC,2026-08-07,avg_p_tbv_5y,1.4836025743516181
PRU,2026-08-07,avg_p_tbv_5y,0.996305077925561
RF,2026-08-07,avg_p_tbv_5y,1.5276799498705385
RJF,2026-08-07,avg_p_tbv_5y,2.5849418288016097
SCHW,2026-08-07,avg_p_tbv_5y,3.9114906240000376
SOFI,2026-08-07,avg_p_tbv_5y,2.01805455598065
STT,2026-08-07,avg_p_tbv_5y,1.4236625187969967
SYF,2026-08-07,avg_p_tbv_5y,1.3179833008742843
TFC,2026-08-07,avg_p_tbv_5y,1.183318302771112
TRV,2026-08-07,avg_p_tbv_5y,2.103310151723619
USB,2026-08-07,avg_p_tbv_5y,1.404755371674437
WFC,2026-08-07,avg_p_tbv_5y,1.1744727899492722
WRB,2026-08-07,avg_p_tbv_5y,2.6119780669565382
ACGL,2026-08-07,avg_p_tbv_5y_median,1.5278752197850138
AFL,2026-08-07,avg_p_tbv_5y_median,2.1377503227742514
AIG,2026-08-07,avg_p_tbv_5y_median,1.1363166023432534
AIZ,2026-08-07,avg_p_tbv_5y_median,3.8759611333749038
ALL,2026-08-07,avg_p_tbv_5y_median,2.2711224218224273
AXP,2026-08-07,avg_p_tbv_5y_median,6.63610458477836
BAC,2026-08-07,avg_p_tbv_5y_median,1.3738234379594563
BNY,2026-08-07,avg_p_tbv_5y_median,1.6704332417818226
C,2026-08-07,avg_p_tbv_5y_median,0.6119607582376032
CB,2026-08-07,avg_p_tbv_5y_median,2.316861682589818
CFG,2026-08-07,avg_p_tbv_5y_median,1.0089511538262033
COF,2026-08-07,avg_p_tbv_5y_median,1.0691370215736131
FITB,2026-08-07,avg_p_tbv_5y_median,1.6097281625167834
GL,2026-08-07,avg_p_tbv_5y_median,2.4138796180477327
GS,2026-08-07,avg_p_tbv_5y_median,1.1846596449315712
HBAN,2026-08-07,avg_p_tbv_5y_median,1.2561935474519488
HIG,2026-08-07,avg_p_tbv_5y_median,2.0102590720535907
HOOD,2026-08-07,avg_p_tbv_5y_median,2.9585165003649934
JPM,2026-08-07,avg_p_tbv_5y_median,1.8757146571645582
KEY,2026-08-07,avg_p_tbv_5y_median,1.1115117635022351
L,2026-08-07,avg_p_tbv_5y_median,1.0213113355208132
MET,2026-08-07,avg_p_tbv_5y_median,2.572476936173145
MS,2026-08-07,avg_p_tbv_5y_median,1.7235066300437798
MTB,2026-08-07,avg_p_tbv_5y_median,1.3513920817894738
NTRS,2026-08-07,avg_p_tbv_5y_median,1.6088632840726853
PFG,2026-08-07,avg_p_tbv_5y_median,1.852119442786455
PGR,2026-08-07,avg_p_tbv_5y_median,4.273776917882916
PNC,2026-08-07,avg_p_tbv_5y_median,1.52534819450464
PRU,2026-08-07,avg_p_tbv_5y_median,1.239685795394471
RF,2026-08-07,avg_p_tbv_5y_median,1.5522163279262289
RJF,2026-08-07,avg_p_tbv_5y_median,2.5109392368398273
SCHW,2026-08-07,avg_p_tbv_5y_median,4.024092290584513
SOFI,2026-08-07,avg_p_tbv_5y_median,2.159532202733979
STT,2026-08-07,avg_p_tbv_5y_median,1.4247243473561793
SYF,2026-08-07,avg_p_tbv_5y_median,1.305394935732802
TFC,2026-08-07,avg_p_tbv_5y_median,1.170562912498378
TRV,2026-08-07,avg_p_tbv_5y_median,2.2435519624897697
USB,2026-08-07,avg_p_tbv_5y_median,1.4412065091352277
WFC,2026-08-07,avg_p_tbv_5y_median,1.135538885353807
WRB,2026-08-07,avg_p_tbv_5y_median,2.6921490564367874
ACGL,2026-08-07,avg_p_tbv_5y_diverges,0.0
AFL,2026-08-07,avg_p_tbv_5y_diverges,0.0
AIG,2026-08-07,avg_p_tbv_5y_diverges,0.0
AIZ,2026-08-07,avg_p_tbv_5y_diverges,0.0
ALL,2026-08-07,avg_p_tbv_5y_diverges,0.0
AXP,2026-08-07,avg_p_tbv_5y_diverges,0.0
BAC,2026-08-07,avg_p_tbv_5y_diverges,0.0
BNY,2026-08-07,avg_p_tbv_5y_diverges,0.0
C,2026-08-07,avg_p_tbv_5y_diverges,0.0
CB,2026-08-07,avg_p_tbv_5y_diverges,0.0
CFG,2026-08-07,avg_p_tbv_5y_diverges,0.0
COF,2026-08-07,avg_p_tbv_5y_diverges,0.0
FITB,2026-08-07,avg_p_tbv_5y_diverges,0.0
GL,2026-08-07,avg_p_tbv_5y_diverges,0.0
GS,2026-08-07,avg_p_tbv_5y_diverges,0.0
HBAN,2026-08-07,avg_p_tbv_5y_diverges,0.0
HIG,2026-08-07,avg_p_tbv_5y_diverges,0.0
HOOD,2026-08-07,avg_p_tbv_5y_diverges,1.0
JPM,2026-08-07,avg_p_tbv_5y_diverges,0.0
KEY,2026-08-07,avg_p_tbv_5y_diverges,0.0
L,2026-08-07,avg_p_tbv_5y_diverges,0.0
MET,2026-08-07,avg_p_tbv_5y_diverges,1.0
MS,2026-08-07,avg_p_tbv_5y_diverges,0.0
MTB,2026-08-07,avg_p_tbv_5y_diverges,0.0
NTRS,2026-08-07,avg_p_tbv_5y_diverges,0.0
PFG,2026-08-07,avg_p_tbv_5y_diverges,0.0
PGR,2026-08-07,avg_p_tbv_5y_diverges,0.0
PNC,2026-08-07,avg_p_tbv_5y_diverges,0.0
PRU,2026-08-07,avg_p_tbv_5y_diverges,0.0
RF,2026-08-07,avg_p_tbv_5y_diverges,0.0
RJF,2026-08-07,avg_p_tbv_5y_diverges,0.0
SCHW,2026-08-07,avg_p_tbv_5y_diverges,0.0
SOFI,2026-08-07,avg_p_tbv_5y_diverges,0.0
STT,2026-08-07,avg_p_tbv_5y_diverges,0.0
SYF,2026-08-07,avg_p_tbv_5y_diverges,0.0
TFC,2026-08-07,avg_p_tbv_5y_diverges,0.0
TRV,2026-08-07,avg_p_tbv_5y_diverges,0.0
USB,2026-08-07,avg_p_tbv_5y_diverges,0.0
WFC,2026-08-07,avg_p_tbv_5y_diverges,0.0
WRB,2026-08-07,avg_p_tbv_5y_diverges,0.0
ACGL,2026-08-07,avg_p_tbv_5y_history_too_short,1.0
AFL,2026-08-07,avg_p_tbv_5y_history_too_short,1.0
AIG,2026-08-07,avg_p_tbv_5y_history_too_short,0.0
AIZ,2026-08-07,avg_p_tbv_5y_history_too_short,0.0
ALL,2026-08-07,avg_p_tbv_5y_history_too_short,0.0
AXP,2026-08-07,avg_p_tbv_5y_history_too_short,1.0
BAC,2026-08-07,avg_p_tbv_5y_history_too_short,0.0
BNY,2026-08-07,avg_p_tbv_5y_history_too_short,0.0
C,2026-08-07,avg_p_tbv_5y_history_too_short,0.0
CB,2026-08-07,avg_p_tbv_5y_history_too_short,0.0
CFG,2026-08-07,avg_p_tbv_5y_history_too_short,0.0
COF,2026-08-07,avg_p_tbv_5y_history_too_short,0.0
FITB,2026-08-07,avg_p_tbv_5y_history_too_short,0.0
GL,2026-08-07,avg_p_tbv_5y_history_too_short,0.0
GS,2026-08-07,avg_p_tbv_5y_history_too_short,0.0
HBAN,2026-08-07,avg_p_tbv_5y_history_too_short,0.0
HIG,2026-08-07,avg_p_tbv_5y_history_too_short,0.0
HOOD,2026-08-07,avg_p_tbv_5y_history_too_short,0.0
JPM,2026-08-07,avg_p_tbv_5y_history_too_short,0.0
KEY,2026-08-07,avg_p_tbv_5y_history_too_short,0.0
L,2026-08-07,avg_p_tbv_5y_history_too_short,0.0
MET,2026-08-07,avg_p_tbv_5y_history_too_short,0.0
MS,2026-08-07,avg_p_tbv_5y_history_too_short,0.0
MTB,2026-08-07,avg_p_tbv_5y_history_too_short,0.0
NTRS,2026-08-07,avg_p_tbv_5y_history_too_short,0.0
PFG,2026-08-07,avg_p_tbv_5y_history_too_short,0.0
PGR,2026-08-07,avg_p_tbv_5y_history_too_short,1.0
PNC,2026-08-07,avg_p_tbv_5y_history_too_short,0.0
PRU,2026-08-07,avg_p_tbv_5y_history_too_short,1.0
RF,2026-08-07,avg_p_tbv_5y_history_too_short,0.0
RJF,2026-08-07,avg_p_tbv_5y_history_too_short,0.0
SCHW,2026-08-07,avg_p_tbv_5y_history_too_short,0.0
SOFI,2026-08-07,avg_p_tbv_5y_history_too_short,0.0
STT,2026-08-07,avg_p_tbv_5y_history_too_short,0.0
SYF,2026-08-07,avg_p_tbv_5y_history_too_short,0.0
TFC,2026-08-07,avg_p_tbv_5y_history_too_short,0.0
TRV,2026-08-07,avg_p_tbv_5y_history_too_short,0.0
USB,2026-08-07,avg_p_tbv_5y_history_too_short,0.0
WFC,2026-08-07,avg_p_tbv_5y_history_too_short,0.0
WRB,2026-08-07,avg_p_tbv_5y_history_too_short,0.0
A,2026-08-07,avg_pe_5y,30.083762367605086
AAPL,2026-08-07,avg_pe_5y,29.023897110781117
ABBV,2026-08-07,avg_pe_5y,34.93432269748071
ABNB,2026-08-07,avg_pe_5y,30.456432346864975
ABT,2026-08-07,avg_pe_5y,24.4532668090913
ACGL,2026-08-07,avg_pe_5y,8.525303329577707
ACN,2026-08-07,avg_pe_5y,24.888491644348886
ADBE,2026-08-07,avg_pe_5y,31.83151193136063
ADI,2026-08-07,avg_pe_5y,37.968846405470416
ADM,2026-08-07,avg_pe_5y,12.871119764804702
ADP,2026-08-07,avg_pe_5y,26.621986266920285
ADSK,2026-08-07,avg_pe_5y,56.638225791985
AEE,2026-08-07,avg_pe_5y,18.607416678452648
AEP,2026-08-07,avg_pe_5y,17.03359972698992
AES,2026-08-07,avg_pe_5y,9.301610971273123
AFL,2026-08-07,avg_pe_5y,10.04918282341005
AIG,2026-08-07,avg_pe_5y,6.329458164485289
AIZ,2026-08-07,avg_pe_5y,11.80378854445987
AJG,2026-08-07,avg_pe_5y,37.9066291565076
AKAM,2026-08-07,avg_pe_5y,27.757216229330222
ALB,2026-08-07,avg_pe_5y,14.849584967058606
ALGN,2026-08-07,avg_pe_5y,39.697995072092375
ALL,2026-08-07,avg_pe_5y,9.358355077636766
ALLE,2026-08-07,avg_pe_5y,19.614353892818286
AMAT,2026-08-07,avg_pe_5y,18.86600996922961
AMCR,2026-08-07,avg_pe_5y,16.65242210258156
AMD,2026-08-07,avg_pe_5y,76.53604894086946
AME,2026-08-07,avg_pe_5y,28.824428845076714
AMGN,2026-08-07,avg_pe_5y,21.46048110408889
AMP,2026-08-07,avg_pe_5y,11.98341371131874
AMZN,2026-08-07,avg_pe_5y,44.77110039960291
ANET,2026-08-07,avg_pe_5y,38.555630331036845
AON,2026-08-07,avg_pe_5y,26.82183697118249
AOS,2026-08-07,avg_pe_5y,20.463110113015475
APD,2026-08-07,avg_pe_5y,24.02504958324555
APH,2026-08-07,avg_pe_5y,30.97079362196014
APO,2026-08-07,avg_pe_5y,17.70378187614879
APP,2026-08-07,avg_pe_5y,55.980963078810085
APTV,2026-08-07,avg_pe_5y,16.792090216492333
ARES,2026-08-07,avg_pe_5y,76.05547522999046
ATO,2026-08-07,avg_pe_5y,18.83008188032579
AVGO,2026-08-07,avg_pe_5y,24.8029862663159
AVY,2026-08-07,avg_pe_5y,20.844379567281326
AWK,2026-08-07,avg_pe_5y,24.331745124935345
AXON,2026-08-07,avg_pe_5y,115.13142523012237
AXP,2026-08-07,avg_pe_5y,16.84225722714212
AZO,2026-08-07,avg_pe_5y,20.36966962925504
BA,2026-08-07,avg_pe_5y,71.10236906930926
BAC,2026-08-07,avg_pe_5y,10.116831679712808
BALL,2026-08-07,avg_pe_5y,12.641075744227653
BAX,2026-08-07,avg_pe_5y,12.958544880734193
BBY,2026-08-07,avg_pe_5y,11.116144746417957
BDX,2026-08-07,avg_pe_5y,31.024497934160774
BEN,2026-08-07,avg_pe_5y,11.504712547277832
BF-B,2026-08-07,avg_pe_5y,24.022050553623036
BG,2026-08-07,avg_pe_5y,8.321931271426596
BIIB,2026-08-07,avg_pe_5y,17.685887532503422
BKNG,2026-08-07,avg_pe_5y,30.42184387985155
BLDR,2026-08-07,avg_pe_5y,10.205019678017377
BLK,2026-08-07,avg_pe_5y,25.755940132696423
BMY,2026-08-07,avg_pe_5y,16.180232091045557
BNY,2026-08-07,avg_pe_5y,11.74728546876672
BR,2026-08-07,avg_pe_5y,28.574733396844223
BRO,2026-08-07,avg_pe_5y,25.615860688238374
BSX,2026-08-07,avg_pe_5y,54.84646692670512
BX,2026-08-07,avg_pe_5y,27.090379277921517
C,2026-08-07,avg_pe_5y,7.118954506310912
CAG,2026-08-07,avg_pe_5y,14.863205048319877
CAH,2026-08-07,avg_pe_5y,24.616569885723585
CARR,2026-08-07,avg_pe_5y,15.931501544548814
CASY,2026-08-07,avg_pe_5y,24.330378631281235
CAT,2026-08-07,avg_pe_5y,17.21257273567078
CB,2026-08-07,avg_pe_5y,11.35446373407321
CBOE,2026-08-07,avg_pe_5y,27.279973518811445
CBRE,2026-08-07,avg_pe_5y,24.692893823558098
CCL,2026-08-07,avg_pe_5y,16.06395307643908
CDNS,2026-08-07,avg_pe_5y,67.67738742002275
CDW,2026-08-07,avg_pe_5y,21.479842169769995
CE,2026-08-07,avg_pe_5y,7.373248013257617
CEG,2026-08-07,avg_pe_5y,26.584637754380267
CF,2026-08-07,avg_pe_5y,8.623702200234762
CFG,2026-08-07,avg_pe_5y,8.840958719461598
CHD,2026-08-07,avg_pe_5y,33.62388298408677
CHRW,2026-08-07,avg_pe_5y,19.44875941348081
CHTR,2026-08-07,avg_pe_5y,9.545053612547756
CI,2026-08-07,avg_pe_5y,14.574728386733383
CIEN,2026-08-07,avg_pe_5y,39.23282013111829
CINF,2026-08-07,avg_pe_5y,9.18472618416751
CL,2026-08-07,avg_pe_5y,28.52676325876111
CLX,2026-08-07,avg_pe_5y,35.330541427602185
CMCSA,2026-08-07,avg_pe_5y,9.032015628340535
CME,2026-08-07,avg_pe_5y,22.236615306620486
CMG,2026-08-07,avg_pe_5y,46.66604167883942
CMI,2026-08-07,avg_pe_5y,16.270653923374716
CMS,2026-08-07,avg_pe_5y,17.52311781005649
CNC,2026-08-07,avg_pe_5y,16.82874597485513
CNP,2026-08-07,avg_pe_5y,16.422706747325908
COF,2026-08-07,avg_pe_5y,7.084477696483875
COHR,2026-08-07,avg_pe_5y,42.082147856044124
COIN,2026-08-07,avg_pe_5y,30.592130623174544
COO,2026-08-07,avg_pe_5y,27.593865192100186
COP,2026-08-07,avg_pe_5y,10.482559442086613
COR,2026-08-07,avg_pe_5y,22.26724446767368
COST,2026-08-07,avg_pe_5y,43.989226147241254
CPAY,2026-08-07,avg_pe_5y,19.98917191757359
CPB,2026-08-07,avg_pe_5y,14.965094405347141
CPRT,2026-08-07,avg_pe_5y,30.865727498576465
CRH,2026-08-07,avg_pe_5y,18.21341371501094
CRL,2026-08-07,avg_pe_5y,28.62504121767352
CRM,2026-08-07,avg_pe_5y,61.37161334460742
CRWD,2026-08-07,avg_pe_5y,147.48513107897472
CSCO,2026-08-07,avg_pe_5y,18.363668582288113
CSGP,2026-08-07,avg_pe_5y,130.2613661557546
CSX,2026-08-07,avg_pe_5y,18.056948710528193
CTAS,2026-08-07,avg_pe_5y,38.90068558119404
CTSH,2026-08-07,avg_pe_5y,15.590961755071522
CTVA,2026-08-07,avg_pe_5y,33.855354915947345
CVS,2026-08-07,avg_pe_5y,16.586147626268474
CVX,2026-08-07,avg_pe_5y,12.45616241299909
D,2026-08-07,avg_pe_5y,19.632732778839788
DAL,2026-08-07,avg_pe_5y,10.073507499500396
DASH,2026-08-07,avg_pe_5y,129.44544280704213
DD,2026-08-07,avg_pe_5y,4.791586219352932
DDOG,2026-08-07,avg_pe_5y,403.409234243898
DE,2026-08-07,avg_pe_5y,16.14734276991639
DECK,2026-08-07,avg_pe_5y,19.782167077227225
DELL,2026-08-07,avg_pe_5y,12.071107702313258
DG,2026-08-07,avg_pe_5y,17.716392413000772
DGX,2026-08-07,avg_pe_5y,15.026112625509636
DHI,2026-08-07,avg_pe_5y,7.815133802182001
DHR,2026-08-07,avg_pe_5y,32.672576112078495
DIS,2026-08-07,avg_pe_5y,33.500169440017906
DLTR,2026-08-07,avg_pe_5y,20.32185292581532
DOV,2026-08-07,avg_pe_5y,16.181100440483203
DOW,2026-08-07,avg_pe_5y,9.813133015852987
DPZ,2026-08-07,avg_pe_5y,25.54023692665441
DRI,2026-08-07,avg_pe_5y,17.88007025560567
DTE,2026-08-07,avg_pe_5y,18.101788624939157
DUK,2026-08-07,avg_pe_5y,20.710247495309872
DVA,2026-08-07,avg_pe_5y,10.14829312706831
DVN,2026-08-07,avg_pe_5y,7.280105806260024
DXCM,2026-08-07,avg_pe_5y,64.69841741728546
EA,2026-08-07,avg_pe_5y,39.88487051696123
EBAY,2026-08-07,avg_pe_5y,9.311782091568535
ECL,2026-08-07,avg_pe_5y,38.7120614618769
ED,2026-08-07,avg_pe_5y,16.108415072296058
EFX,2026-08-07,avg_pe_5y,41.64414902088451
EG,2026-08-07,avg_pe_5y,9.028246803756085
EIX,2026-08-07,avg_pe_5y,14.175727976652153
EL,2026-08-07,avg_pe_5y,51.81983586480724
ELV,2026-08-07,avg_pe_5y,16.258042912559286
EME,2026-08-07,avg_pe_5y,18.80015872394175
EMR,2026-08-07,avg_pe_5y,11.844784645767191
EOG,2026-08-07,avg_pe_5y,9.408757959738415
EQT,2026-08-07,avg_pe_5y,7.8525043176527225
ES,2026-08-07,avg_pe_5y,18.48973063244061
ETN,2026-08-07,avg_pe_5y,29.310311639194293
ETR,2026-08-07,avg_pe_5y,15.880095532790724
EVRG,2026-08-07,avg_pe_5y,16.14199820706666
EW,2026-08-07,avg_pe_5y,25.130387779467377
EXC,2026-08-07,avg_pe_5y,16.148593540419217
EXE,2026-08-07,avg_pe_5y,3.9992381960413916
EXPD,2026-08-07,avg_pe_5y,16.73563729098427
EXPE,2026-08-07,avg_pe_5y,25.22533278101592
F,2026-08-07,avg_pe_5y,7.075337997195442
FANG,2026-08-07,avg_pe_5y,8.025386099102326
FAST,2026-08-07,avg_pe_5y,31.27490483002492
FCX,2026-08-07,avg_pe_5y,20.041418748105983
FDS,2026-08-07,avg_pe_5y,28.488208733639844
FDX,2026-08-07,avg_pe_5y,11.574069956942681
FE,2026-08-07,avg_pe_5y,20.716947665950215
FFIV,2026-08-07,avg_pe_5y,26.296256959165994
FICO,2026-08-07,avg_pe_5y,45.09343377793779
FIS,2026-08-07,avg_pe_5y,29.733124746671024
FISV,2026-08-07,avg_pe_5y,23.02862262648785
FITB,2026-08-07,avg_pe_5y,9.340467466233505
FIX,2026-08-07,avg_pe_5y,22.981817528391726
FLEX,2026-08-07,avg_pe_5y,11.272458344001645
FOX,2026-08-07,avg_pe_5y,11.959969578888336
FOXA,2026-08-07,avg_pe_5y,12.994231013027433
FSLR,2026-08-07,avg_pe_5y,21.628749962958626
FTNT,2026-08-07,avg_pe_5y,46.09234651411742
FTV,2026-08-07,avg_pe_5y,22.309400551231036
GD,2026-08-07,avg_pe_5y,18.42673675461412
GDDY,2026-08-07,avg_pe_5y,16.57297288753433
GE,2026-08-07,avg_pe_5y,22.998722633060034
GEHC,2026-08-07,avg_pe_5y,18.559771509852013
GEN,2026-08-07,avg_pe_5y,15.876145715993143
GEV,2026-08-07,avg_pe_5y,45.512071382618046
GILD,2026-08-07,avg_pe_5y,20.21700693457312
GIS,2026-08-07,avg_pe_5y,12.911113532307096
GL,2026-08-07,avg_pe_5y,9.856360456939303
GLW,2026-08-07,avg_pe_5y,28.257541061152686
GM,2026-08-07,avg_pe_5y,7.117880477849539
GNRC,2026-08-07,avg_pe_5y,31.98646236052501
GOOG,2026-08-07,avg_pe_5y,22.118795442248526
GOOGL,2026-08-07,avg_pe_5y,22.029773138958774
GPC,2026-08-07,avg_pe_5y,19.98128084945657
GPN,2026-08-07,avg_pe_5y,24.747063895434717
GRMN,2026-08-07,avg_pe_5y,21.146521025598037
GS,2026-08-07,avg_pe_5y,9.985579626378588
GWW,2026-08-07,avg_pe_5y,22.959070079916284
HAL,2026-08-07,avg_pe_5y,13.564827156797252
HAS,2026-08-07,avg_pe_5y,22.877434774497527
HBAN,2026-08-07,avg_pe_5y,9.131106326369556
HCA,2026-08-07,avg_pe_5y,12.906522298173382
HD,2026-08-07,avg_pe_5y,20.576513370150913
HIG,2026-08-07,avg_pe_5y,10.100508445362598
HII,2026-08-07,avg_pe_5y,14.86829907577177
HLT,2026-08-07,avg_pe_5y,41.04074203544079
HON,2026-08-07,avg_pe_5y,23.02628317777503
HOOD,2026-08-07,avg_pe_5y,41.99639013802239
HPE,2026-08-07,avg_pe_5y,10.51401984530903
HPQ,2026-08-07,avg_pe_5y,7.658750655563356
HRL,2026-08-07,avg_pe_5y,22.243900013210855
HSIC,2026-08-07,avg_pe_5y,20.133092528374014
HSY,2026-08-07,avg_pe_5y,22.27715650848797
HUBB,2026-08-07,avg_pe_5y,24.411874508139686
HUM,2026-08-07,avg_pe_5y,20.467818651062213
HWM,2026-08-07,avg_pe_5y,39.915531534644984
IBKR,2026-08-07,avg_pe_5y,21.55540424508558
IBM,2026-08-07,avg_pe_5y,26.60448371201552
ICE,2026-08-07,avg_pe_5y,25.395980243046928
IDXX,2026-08-07,avg_pe_5y,48.64510767201748
IEX,2026-08-07,avg_pe_5y,28.31934899204374
IFF,2026-08-07,avg_pe_5y,83.82327164629562
INCY,2026-08-07,avg_pe_5y,26.260022154668718
INTC,2026-08-07,avg_pe_5y,13.861811043905117
INTU,2026-08-07,avg_pe_5y,51.94339691276058
IP,2026-08-07,avg_pe_5y,9.146170943037927
IQV,2026-08-07,avg_pe_5y,32.079157165392445
IR,2026-08-07,avg_pe_5y,39.676653456389346
ISRG,2026-08-07,avg_pe_5y,66.54035270245184
IT,2026-08-07,avg_pe_5y,27.040238317886296
ITW,2026-08-07,avg_pe_5y,22.192285539950316
IVZ,2026-08-07,avg_pe_5y,8.893542515423796
J,2026-08-07,avg_pe_5y,25.36483190268422
JBHT,2026-08-07,avg_pe_5y,24.53058127812767
JBL,2026-08-07,avg_pe_5y,14.497105799732173
JCI,2026-08-07,avg_pe_5y,25.109853141755718
JKHY,2026-08-07,avg_pe_5y,30.62069228778
JNJ,2026-08-07,avg_pe_5y,17.535790062485145
JPM,2026-08-07,avg_pe_5y,10.044945201771357
KDP,2026-08-07,avg_pe_5y,23.02473814447024
KEY,2026-08-07,avg_pe_5y,8.71622202176224
KEYS,2026-08-07,avg_pe_5y,31.612062978479333
KHC,2026-08-07,avg_pe_5y,17.06739643636986
KKR,2026-08-07,avg_pe_5y,16.11335546127121
KLAC,2026-08-07,avg_pe_5y,22.912844134000068
KMB,2026-08-07,avg_pe_5y,19.113740656521994
KMI,2026-08-07,avg_pe_5y,16.614048934901795
KO,2026-08-07,avg_pe_5y,23.775616934765672
KVUE,2026-08-07,avg_pe_5y,25.34734513585443
L,2026-08-07,avg_pe_5y,12.202475842823944
LDOS,2026-08-07,avg_pe_5y,18.756493751356548
LEN,2026-08-07,avg_pe_5y,7.764059177497587
LH,2026-08-07,avg_pe_5y,17.562698045240676
LHX,2026-08-07,avg_pe_5y,29.37578815568912
LII,2026-08-07,avg_pe_5y,21.552962155741053
LIN,2026-08-07,avg_pe_5y,33.968354064577504
LITE,2026-08-07,avg_pe_5y,37.40536663301718
LLY,2026-08-07,avg_pe_5y,53.20598237646305
LMT,2026-08-07,avg_pe_5y,18.157504643479136
LNT,2026-08-07,avg_pe_5y,18.872531919417888
LOW,2026-08-07,avg_pe_5y,17.75436178169445
LRCX,2026-08-07,avg_pe_5y,19.819101374674716
LULU,2026-08-07,avg_pe_5y,25.142714316360696
LUV,2026-08-07,avg_pe_5y,34.35564024089551
LVS,2026-08-07,avg_pe_5y,21.8075830802402
LYB,2026-08-07,avg_pe_5y,4.627280054190541
LYV,2026-08-07,avg_pe_5y,50.60012075247258
MA,2026-08-07,avg_pe_5y,34.34169117413402
MAR,2026-08-07,avg_pe_5y,26.72043764001905
MAS,2026-08-07,avg_pe_5y,16.702094325113254
MCD,2026-08-07,avg_pe_5y,24.56451515469544
MCHP,2026-08-07,avg_pe_5y,27.88152733194195
MCK,2026-08-07,avg_pe_5y,22.218365707436508
MCO,2026-08-07,avg_pe_5y,35.7749723170579
MDLZ,2026-08-07,avg_pe_5y,21.13934226344797
MDT,2026-08-07,avg_pe_5y,25.258076615957204
MET,2026-08-07,avg_pe_5y,11.939758966532523
META,2026-08-07,avg_pe_5y,21.85902795366339
MGM,2026-08-07,avg_pe_5y,13.875950431203167
MKC,2026-08-07,avg_pe_5y,22.640595120270504
MLM,2026-08-07,avg_pe_5y,22.441625124429272
MMM,2026-08-07,avg_pe_5y,14.471121718881042
MNST,2026-08-07,avg_pe_5y,37.22559084034145
MO,2026-08-07,avg_pe_5y,10.680805528958716
MOS,2026-08-07,avg_pe_5y,8.510490518388119
MPC,2026-08-07,avg_pe_5y,6.163286543605684
MPWR,2026-08-07,avg_pe_5y,44.961520506835974
MRK,2026-08-07,avg_pe_5y,19.11970405318257
MRSH,2026-08-07,avg_pe_5y,24.315076739663862
MRVL,2026-08-07,avg_pe_5y,34.607169923894524
MS,2026-08-07,avg_pe_5y,12.494949136401903
MSCI,2026-08-07,avg_pe_5y,39.56389405153909
MSFT,2026-08-07,avg_pe_5y,29.9210343183923
MSI,2026-08-07,avg_pe_5y,34.02060050803613
MTB,2026-08-07,avg_pe_5y,9.609421766849346
MTD,2026-08-07,avg_pe_5y,34.834979030849325
MU,2026-08-07,avg_pe_5y,15.251952986173382
NCLH,2026-08-07,avg_pe_5y,14.850816288010098
NDAQ,2026-08-07,avg_pe_5y,27.3632352562187
NDSN,2026-08-07,avg_pe_5y,27.328728653062434
NEE,2026-08-07,avg_pe_5y,25.1493198500046
NEM,2026-08-07,avg_pe_5y,16.449309191920662
NFLX,2026-08-07,avg_pe_5y,34.981753743886394
NI,2026-08-07,avg_pe_5y,17.374545362621006
NKE,2026-08-07,avg_pe_5y,29.378107296196244
NOC,2026-08-07,avg_pe_5y,16.147188415367637
NOW,2026-08-07,avg_pe_5y,126.26671988173364
NRG,2026-08-07,avg_pe_5y,6.7093717145942735
NSC,2026-08-07,avg_pe_5y,20.04212323049797
NTAP,2026-08-07,avg_pe_5y,16.132496573728233
NTRS,2026-08-07,avg_pe_5y,12.331542055123752
NUE,2026-08-07,avg_pe_5y,7.203627317812154
NVDA,2026-08-07,avg_pe_5y,54.63478491614108
NWS,2026-08-07,avg_pe_5y,27.150794568764063
NWSA,2026-08-07,avg_pe_5y,25.26444986806294
NXPI,2026-08-07,avg_pe_5y,20.744938562178763
ODFL,2026-08-07,avg_pe_5y,30.758983853028525
OKE,2026-08-07,avg_pe_5y,13.680102157310793
OMC,2026-08-07,avg_pe_5y,10.93497562710096
ON,2026-08-07,avg_pe_5y,21.931586841757383
ORCL,2026-08-07,avg_pe_5y,30.563778699233108
ORLY,2026-08-07,avg_pe_5y,25.385658606729745
OTIS,2026-08-07,avg_pe_5y,24.140391873115806
OXY,2026-08-07,avg_pe_5y,9.702241786709575
PANW,2026-08-07,avg_pe_5y,90.80075100115776
PAYX,2026-08-07,avg_pe_5y,24.434807067635013
PCAR,2026-08-07,avg_pe_5y,12.807808438731303
PCG,2026-08-07,avg_pe_5y,16.727553674732587
PEG,2026-08-07,avg_pe_5y,16.87196240077419
PEP,2026-08-07,avg_pe_5y,23.423818606846183
PFE,2026-08-07,avg_pe_5y,11.857562487671146
PFG,2026-08-07,avg_pe_5y,7.8731017101293395
PG,2026-08-07,avg_pe_5y,23.18059374687127
PGR,2026-08-07,avg_pe_5y,18.81666642022513
PH,2026-08-07,avg_pe_5y,24.252734279906495
PKG,2026-08-07,avg_pe_5y,16.252272072559094
PLTR,2026-08-07,avg_pe_5y,214.80364990240219
PM,2026-08-07,avg_pe_5y,17.609674687081583
PNC,2026-08-07,avg_pe_5y,10.971414420798842
PNR,2026-08-07,avg_pe_5y,19.63536111990661
PNW,2026-08-07,avg_pe_5y,14.920434245302223
PODD,2026-08-07,avg_pe_5y,76.57159596438875
POOL,2026-08-07,avg_pe_5y,23.274641781696563
PPG,2026-08-07,avg_pe_5y,22.022257389879535
PPL,2026-08-07,avg_pe_5y,24.22388618740003
PRU,2026-08-07,avg_pe_5y,11.004092791879051
PSX,2026-08-07,avg_pe_5y,8.135539049817572
PTC,2026-08-07,avg_pe_5y,33.02820765951201
PWR,2026-08-07,avg_pe_5y,46.293876003099356
PYPL,2026-08-07,avg_pe_5y,19.4428242528922
QCOM,2026-08-07,avg_pe_5y,15.77349264239986
RCL,2026-08-07,avg_pe_5y,19.507430692941046
RDDT,2026-08-07,avg_pe_5y,65.00504954022296
REGN,2026-08-07,avg_pe_5y,15.833307425631297
RF,2026-08-07,avg_pe_5y,8.274996918361984
RJF,2026-08-07,avg_pe_5y,13.403008435092138
RL,2026-08-07,avg_pe_5y,16.400419141485635
RMD,2026-08-07,avg_pe_5y,32.273066857779675
ROK,2026-08-07,avg_pe_5y,31.170162945554004
ROL,2026-08-07,avg_pe_5y,48.16203525479777
ROP,2026-08-07,avg_pe_5y,22.546465356470403
ROST,2026-08-07,avg_pe_5y,23.035518000289397
RSG,2026-08-07,avg_pe_5y,30.35435498254231
RTX,2026-08-07,avg_pe_5y,32.0176219911289
RVTY,2026-08-07,avg_pe_5y,28.168984653946477
SBUX,2026-08-07,avg_pe_5y,29.877886597420442
SCHW,2026-08-07,avg_pe_5y,20.5651604572636
SHW,2026-08-07,avg_pe_5y,31.935238220352367
SJM,2026-08-07,avg_pe_5y,18.375478302748196
SLB,2026-08-07,avg_pe_5y,16.815558409560808
SMCI,2026-08-07,avg_pe_5y,15.457389747190298
SNA,2026-08-07,avg_pe_5y,14.196031951774806
SNDK,2026-08-07,avg_pe_5y,24.439679213736103
SNPS,2026-08-07,avg_pe_5y,52.78473568148281
SO,2026-08-07,avg_pe_5y,20.635973666345063
SOFI,2026-08-07,avg_pe_5y,39.77184393516391
SOLV,2026-08-07,avg_pe_5y,11.845427202201327
SPGI,2026-08-07,avg_pe_5y,35.4478123660045
SRE,2026-08-07,avg_pe_5y,19.95584959777976
STE,2026-08-07,avg_pe_5y,50.12774503200935
STLD,2026-08-07,avg_pe_5y,6.6010723401557785
STT,2026-08-07,avg_pe_5y,9.95411597574288
STX,2026-08-07,avg_pe_5y,16.149027236853353
SW,2026-08-07,avg_pe_5y,40.317315847680895
SWK,2026-08-07,avg_pe_5y,16.25915019619398
SWKS,2026-08-07,avg_pe_5y,17.194859728912537
SYF,2026-08-07,avg_pe_5y,5.5675986903513675
SYK,2026-08-07,avg_pe_5y,40.689554474593656
SYY,2026-08-07,avg_pe_5y,22.597812477036772
T,2026-08-07,avg_pe_5y,8.599498789910943
TAP,2026-08-07,avg_pe_5y,12.642093504329868
TDG,2026-08-07,avg_pe_5y,36.66862793799319
TDY,2026-08-07,avg_pe_5y,27.584952762949793
TECH,2026-08-07,avg_pe_5y,65.75374722749004
TEL,2026-08-07,avg_pe_5y,18.291586970465215
TER,2026-08-07,avg_pe_5y,29.892716613960676
TFC,2026-08-07,avg_pe_5y,9.225987589841155
TGT,2026-08-07,avg_pe_5y,14.775347858004517
TJX,2026-08-07,avg_pe_5y,25.747139848281694
TKO,2026-08-07,avg_pe_5y,215.38354854705514
TMO,2026-08-07,avg_pe_5y,30.52471988246836
TMUS,2026-08-07,avg_pe_5y,27.809876279930695
TPL,2026-08-07,avg_pe_5y,37.333278896092565
TPR,2026-08-07,avg_pe_5y,12.786586674016903
TRGP,2026-08-07,avg_pe_5y,18.598187400062717
TRMB,2026-08-07,avg_pe_5y,24.420619895943897
TROW,2026-08-07,avg_pe_5y,11.091214458886586
TRV,2026-08-07,avg_pe_5y,11.538196316747642
TSCO,2026-08-07,avg_pe_5y,19.78476080993538
TSLA,2026-08-07,avg_pe_5y,91.54708535890808
TSN,2026-08-07,avg_pe_5y,12.881764366014657
TT,2026-08-07,avg_pe_5y,27.29974077782951
TTD,2026-08-07,avg_pe_5y,89.93914167885458
TTWO,2026-08-07,avg_pe_5y,36.977731471577
TXN,2026-08-07,avg_pe_5y,23.2985290411371
TXT,2026-08-07,avg_pe_5y,17.637531197892706
TYL,2026-08-07,avg_pe_5y,83.25463419618899
UAL,2026-08-07,avg_pe_5y,7.462447848928903
UBER,2026-08-07,avg_pe_5y,21.671949245735014
UHS,2026-08-07,avg_pe_5y,11.15366758068362
ULTA,2026-08-07,avg_pe_5y,18.30404054338477
UNH,2026-08-07,avg_pe_5y,22.624872138241127
UNP,2026-08-07,avg_pe_5y,19.446437041414384
UPS,2026-08-07,avg_pe_5y,14.475799722419586
URI,2026-08-07,avg_pe_5y,15.478826945938597
USB,2026-08-07,avg_pe_5y,9.576305087360806
VEEV,2026-08-07,avg_pe_5y,58.165810241069394
VLO,2026-08-07,avg_pe_5y,7.558430223471065
VLTO,2026-08-07,avg_pe_5y,27.41125149345999
VMC,2026-08-07,avg_pe_5y,35.54022446891311
VRSK,2026-08-07,avg_pe_5y,39.536856899265885
VRSN,2026-08-07,avg_pe_5y,27.010220769097323
VRT,2026-08-07,avg_pe_5y,55.18064522498832
VRTX,2026-08-07,avg_pe_5y,25.99058844700679
VST,2026-08-07,avg_pe_5y,16.83152088529267
VZ,2026-08-07,avg_pe_5y,8.124016075958396
WAB,2026-08-07,avg_pe_5y,28.63675634738016
WAT,2026-08-07,avg_pe_5y,28.909086934528574
WBD,2026-08-07,avg_pe_5y,23.064805796270377
WDAY,2026-08-07,avg_pe_5y,76.62331903098526
WDC,2026-08-07,avg_pe_5y,11.011186115411048
WEC,2026-08-07,avg_pe_5y,19.400073407267485
WFC,2026-08-07,avg_pe_5y,9.757102346832216
WM,2026-08-07,avg_pe_5y,30.98095219889436
WMB,2026-08-07,avg_pe_5y,19.257623171030925
WMT,2026-08-07,avg_pe_5y,33.54199647942752
WRB,2026-08-07,avg_pe_5y,13.580890304338793
WSM,2026-08-07,avg_pe_5y,11.662537623536302
WST,2026-08-07,avg_pe_5y,41.09879149232742
WTW,2026-08-07,avg_pe_5y,14.106795488538864
WYNN,2026-08-07,avg_pe_5y,20.864595160483276
XEL,2026-08-07,avg_pe_5y,19.126809942852578
XOM,2026-08-07,avg_pe_5y,10.799330524555126
XYL,2026-08-07,avg_pe_5y,38.64305960935343
XYZ,2026-08-07,avg_pe_5y,31.016691566482933
YUM,2026-08-07,avg_pe_5y,24.18089624391027
ZBH,2026-08-07,avg_pe_5y,32.47393433011894
ZBRA,2026-08-07,avg_pe_5y,32.20935603166389
ZTS,2026-08-07,avg_pe_5y,28.62523499975042
A,2026-08-07,avg_pe_5y_median,29.851936448654847
AAPL,2026-08-07,avg_pe_5y_median,29.624241456289017
ABBV,2026-08-07,avg_pe_5y_median,50.48819537085804
ABNB,2026-08-07,avg_pe_5y_median,31.649649657060195
ABT,2026-08-07,avg_pe_5y_median,28.31650187948418
ACGL,2026-08-07,avg_pe_5y_median,8.263714272710558
ACN,2026-08-07,avg_pe_5y_median,26.264932356508076
ADBE,2026-08-07,avg_pe_5y_median,40.382540018485585
ADI,2026-08-07,avg_pe_5y_median,44.62972363943296
ADM,2026-08-07,avg_pe_5y_median,11.879488535647631
ADP,2026-08-07,avg_pe_5y_median,27.795018378260124
ADSK,2026-08-07,avg_pe_5y_median,56.7202041729487
AEE,2026-08-07,avg_pe_5y_median,19.30620794510368
AEP,2026-08-07,avg_pe_5y_median,16.56468307522855
AES,2026-08-07,avg_pe_5y_median,9.661045345990438
AFL,2026-08-07,avg_pe_5y_median,9.599487320705219
AIG,2026-08-07,avg_pe_5y_median,9.077481064380343
AIZ,2026-08-07,avg_pe_5y_median,13.566072761512327
AJG,2026-08-07,avg_pe_5y_median,36.915249592769285
AKAM,2026-08-07,avg_pe_5y_median,28.577635430856155
ALB,2026-08-07,avg_pe_5y_median,31.61407032026111
ALGN,2026-08-07,avg_pe_5y_median,41.845916399487386
ALL,2026-08-07,avg_pe_5y_median,10.515331628754772
ALLE,2026-08-07,avg_pe_5y_median,19.66003438866279
AMAT,2026-08-07,avg_pe_5y_median,19.941285253008118
AMCR,2026-08-07,avg_pe_5y_median,16.02156534121111
AMD,2026-08-07,avg_pe_5y_median,81.13578984701647
AME,2026-08-07,avg_pe_5y_median,29.234806003095617
AMGN,2026-08-07,avg_pe_5y_median,21.372715777134985
AMP,2026-08-07,avg_pe_5y_median,11.854348277257818
AMZN,2026-08-07,avg_pe_5y_median,51.073523301656124
ANET,2026-08-07,avg_pe_5y_median,40.26299143627884
AON,2026-08-07,avg_pe_5y_median,25.701336849432693
AOS,2026-08-07,avg_pe_5y_median,19.083776210512077
APD,2026-08-07,avg_pe_5y_median,24.456381561014243
APH,2026-08-07,avg_pe_5y_median,32.26921981408135
APO,2026-08-07,avg_pe_5y_median,20.422448477217827
APP,2026-08-07,avg_pe_5y_median,48.445837383832256
APTV,2026-08-07,avg_pe_5y_median,41.61301724083897
ARES,2026-08-07,avg_pe_5y_median,84.19203969656253
ATO,2026-08-07,avg_pe_5y_median,18.896632184957816
AVGO,2026-08-07,avg_pe_5y_median,25.31117443580287
AVY,2026-08-07,avg_pe_5y_median,20.312087295317603
AWK,2026-08-07,avg_pe_5y_median,24.482023839905764
AXON,2026-08-07,avg_pe_5y_median,122.12205852664141
AXP,2026-08-07,avg_pe_5y_median,16.806989285690335
AZO,2026-08-07,avg_pe_5y_median,20.0635325192955
BA,2026-08-07,avg_pe_5y_median,70.28385337375272
BAC,2026-08-07,avg_pe_5y_median,10.984847022591204
BALL,2026-08-07,avg_pe_5y_median,21.931215831898676
BAX,2026-08-07,avg_pe_5y_median,29.591217041015625
BBY,2026-08-07,avg_pe_5y_median,11.525151810132215
BDX,2026-08-07,avg_pe_5y_median,31.69229517057582
BEN,2026-08-07,avg_pe_5y_median,13.37234992629202
BF-B,2026-08-07,avg_pe_5y_median,28.765287068759143
BG,2026-08-07,avg_pe_5y_median,8.553049496557279
BIIB,2026-08-07,avg_pe_5y_median,18.682052070808837
BKNG,2026-08-07,avg_pe_5y_median,27.83538169006161
BLDR,2026-08-07,avg_pe_5y_median,14.792042567176328
BLK,2026-08-07,avg_pe_5y_median,25.075670973802193
BMY,2026-08-07,avg_pe_5y_median,16.702659793080333
BNY,2026-08-07,avg_pe_5y_median,12.234442821970362
BR,2026-08-07,avg_pe_5y_median,30.875552986472933
BRO,2026-08-07,avg_pe_5y_median,25.757401355841097
BSX,2026-08-07,avg_pe_5y_median,64.37851219959906
BX,2026-08-07,avg_pe_5y_median,39.646131783950835
C,2026-08-07,avg_pe_5y_median,6.876456121408925
CAG,2026-08-07,avg_pe_5y_median,14.311460099008753
CAH,2026-08-07,avg_pe_5y_median,25.166953708297026
CARR,2026-08-07,avg_pe_5y_median,16.38292711077657
CASY,2026-08-07,avg_pe_5y_median,23.291668544770218
CAT,2026-08-07,avg_pe_5y_median,16.11559456491879
CB,2026-08-07,avg_pe_5y_median,11.60238156714772
CBOE,2026-08-07,avg_pe_5y_median,25.55313641715746
CBRE,2026-08-07,avg_pe_5y_median,30.077300134889185
CCL,2026-08-07,avg_pe_5y_median,14.847569625769609
CDNS,2026-08-07,avg_pe_5y_median,69.22002070509143
CDW,2026-08-07,avg_pe_5y_median,21.871543498935843
CE,2026-08-07,avg_pe_5y_median,7.631315813968683
CEG,2026-08-07,avg_pe_5y_median,26.035649763754822
CF,2026-08-07,avg_pe_5y_median,9.968179972654754
CFG,2026-08-07,avg_pe_5y_median,10.000083401178376
CHD,2026-08-07,avg_pe_5y_median,31.065033204452668
CHRW,2026-08-07,avg_pe_5y_median,24.419700017954284
CHTR,2026-08-07,avg_pe_5y_median,10.630715636833756
CI,2026-08-07,avg_pe_5y_median,14.484318152225102
CIEN,2026-08-07,avg_pe_5y_median,42.79775500803295
CINF,2026-08-07,avg_pe_5y_median,8.971311594979605
CL,2026-08-07,avg_pe_5y_median,28.25030309215952
CLX,2026-08-07,avg_pe_5y_median,37.57813857121499
CMCSA,2026-08-07,avg_pe_5y_median,9.771165966582814
CME,2026-08-07,avg_pe_5y_median,22.060357325751298
CMG,2026-08-07,avg_pe_5y_median,50.36907609366293
CMI,2026-08-07,avg_pe_5y_median,15.00418205639384
CMS,2026-08-07,avg_pe_5y_median,19.030376538738942
CNC,2026-08-07,avg_pe_5y_median,15.347123758790183
CNP,2026-08-07,avg_pe_5y_median,18.478041102970977
COF,2026-08-07,avg_pe_5y_median,7.317779051227943
COHR,2026-08-07,avg_pe_5y_median,38.19837493220112
COIN,2026-08-07,avg_pe_5y_median,31.367476277503
COO,2026-08-07,avg_pe_5y_median,43.03620189619178
COP,2026-08-07,avg_pe_5y_median,11.826956412642906
COR,2026-08-07,avg_pe_5y_median,22.2188527772281
COST,2026-08-07,avg_pe_5y_median,45.17600930961804
CPAY,2026-08-07,avg_pe_5y_median,20.649191801452563
CPB,2026-08-07,avg_pe_5y_median,15.297332529461912
CPRT,2026-08-07,avg_pe_5y_median,32.53560342198184
CRH,2026-08-07,avg_pe_5y_median,17.99691356580282
CRL,2026-08-07,avg_pe_5y_median,24.942431010984993
CRM,2026-08-07,avg_pe_5y_median,70.22653376008269
CRWD,2026-08-07,avg_pe_5y_median,161.23674199620172
CSCO,2026-08-07,avg_pe_5y_median,17.69194676498026
CSGP,2026-08-07,avg_pe_5y_median,137.74826164450621
CSX,2026-08-07,avg_pe_5y_median,17.928868282753978
CTAS,2026-08-07,avg_pe_5y_median,38.18310064116788
CTSH,2026-08-07,avg_pe_5y_median,15.638464911483567
CTVA,2026-08-07,avg_pe_5y_median,37.575412242975695
CVS,2026-08-07,avg_pe_5y_median,15.009233183685861
CVX,2026-08-07,avg_pe_5y_median,13.494446792620268
D,2026-08-07,avg_pe_5y_median,19.727036527565694
DAL,2026-08-07,avg_pe_5y_median,9.632296618644164
DASH,2026-08-07,avg_pe_5y_median,138.36659649413986
DD,2026-08-07,avg_pe_5y_median,5.818667054201829
DDOG,2026-08-07,avg_pe_5y_median,386.787467948092
DE,2026-08-07,avg_pe_5y_median,16.56841227200841
DECK,2026-08-07,avg_pe_5y_median,21.72941133189041
DELL,2026-08-07,avg_pe_5y_median,15.903216917918344
DG,2026-08-07,avg_pe_5y_median,18.735547141360684
DGX,2026-08-07,avg_pe_5y_median,18.476220260464757
DHI,2026-08-07,avg_pe_5y_median,9.122521187575828
DHR,2026-08-07,avg_pe_5y_median,34.79700806160302
DIS,2026-08-07,avg_pe_5y_median,44.74480334381005
DLTR,2026-08-07,avg_pe_5y_median,21.36029659273498
DOV,2026-08-07,avg_pe_5y_median,18.04263858920053
DOW,2026-08-07,avg_pe_5y_median,14.46875555874303
DPZ,2026-08-07,avg_pe_5y_median,25.627131093839097
DRI,2026-08-07,avg_pe_5y_median,17.773286058534225
DTE,2026-08-07,avg_pe_5y_median,17.846707180142403
DUK,2026-08-07,avg_pe_5y_median,19.353704725533156
DVA,2026-08-07,avg_pe_5y_median,10.263399904603645
DVN,2026-08-07,avg_pe_5y_median,7.293979880942378
DXCM,2026-08-07,avg_pe_5y_median,91.63409571863771
EA,2026-08-07,avg_pe_5y_median,38.0674994193612
EBAY,2026-08-07,avg_pe_5y_median,15.538943820945876
ECL,2026-08-07,avg_pe_5y_median,38.24196779259266
ED,2026-08-07,avg_pe_5y_median,17.78076710582051
EFX,2026-08-07,avg_pe_5y_median,45.161292780930864
EG,2026-08-07,avg_pe_5y_median,9.82909071371077
EIX,2026-08-07,avg_pe_5y_median,21.051159161313496
EL,2026-08-07,avg_pe_5y_median,61.459058030777264
ELV,2026-08-07,avg_pe_5y_median,16.83553558072854
EME,2026-08-07,avg_pe_5y_median,18.08573844653582
EMR,2026-08-07,avg_pe_5y_median,20.55539890021648
EOG,2026-08-07,avg_pe_5y_median,9.413289633502886
EQT,2026-08-07,avg_pe_5y_median,10.489194940454478
ES,2026-08-07,avg_pe_5y_median,18.65471938307581
ETN,2026-08-07,avg_pe_5y_median,29.631178114161496
ETR,2026-08-07,avg_pe_5y_median,16.834963809105968
EVRG,2026-08-07,avg_pe_5y_median,15.689290681788563
EW,2026-08-07,avg_pe_5y_median,36.63405481104539
EXC,2026-08-07,avg_pe_5y_median,15.789977087402907
EXE,2026-08-07,avg_pe_5y_median,6.187752458732458
EXPD,2026-08-07,avg_pe_5y_median,19.208866433792338
EXPE,2026-08-07,avg_pe_5y_median,24.53890498502674
F,2026-08-07,avg_pe_5y_median,9.935907547898461
FANG,2026-08-07,avg_pe_5y_median,8.301187019966063
FAST,2026-08-07,avg_pe_5y_median,32.63429897536108
FCX,2026-08-07,avg_pe_5y_median,27.756048220491152
FDS,2026-08-07,avg_pe_5y_median,34.54683156190066
FDX,2026-08-07,avg_pe_5y_median,11.449952266868545
FE,2026-08-07,avg_pe_5y_median,19.906006228261685
FFIV,2026-08-07,avg_pe_5y_median,26.18056231379761
FICO,2026-08-07,avg_pe_5y_median,50.14288378911736
FIS,2026-08-07,avg_pe_5y_median,56.9642218021405
FISV,2026-08-07,avg_pe_5y_median,28.776438274776396
FITB,2026-08-07,avg_pe_5y_median,9.63438917164254
FIX,2026-08-07,avg_pe_5y_median,24.32311353079602
FLEX,2026-08-07,avg_pe_5y_median,12.362650605298956
FOX,2026-08-07,avg_pe_5y_median,12.867375352460343
FOXA,2026-08-07,avg_pe_5y_median,13.96241571796021
FSLR,2026-08-07,avg_pe_5y_median,20.14158021575825
FTNT,2026-08-07,avg_pe_5y_median,42.99990424138981
FTV,2026-08-07,avg_pe_5y_median,23.70378590083797
GD,2026-08-07,avg_pe_5y_median,18.772394979752228
GDDY,2026-08-07,avg_pe_5y_median,16.349968451640226
GE,2026-08-07,avg_pe_5y_median,34.96034939385534
GEHC,2026-08-07,avg_pe_5y_median,18.01250395448377
GEN,2026-08-07,avg_pe_5y_median,20.7166644688865
GEV,2026-08-07,avg_pe_5y_median,43.84218061462907
GILD,2026-08-07,avg_pe_5y_median,17.881171462958903
GIS,2026-08-07,avg_pe_5y_median,13.521186953038464
GL,2026-08-07,avg_pe_5y_median,9.99489016393349
GLW,2026-08-07,avg_pe_5y_median,43.56049705612348
GM,2026-08-07,avg_pe_5y_median,6.61017408731945
GNRC,2026-08-07,avg_pe_5y_median,33.245956653515535
GOOG,2026-08-07,avg_pe_5y_median,23.248572686134807
GOOGL,2026-08-07,avg_pe_5y_median,23.077084500982515
GPC,2026-08-07,avg_pe_5y_median,17.61394941669596
GPN,2026-08-07,avg_pe_5y_median,31.061391561781967
GRMN,2026-08-07,avg_pe_5y_median,21.33198204731361
GS,2026-08-07,avg_pe_5y_median,12.974559693774971
GWW,2026-08-07,avg_pe_5y_median,24.355834532034425
HAL,2026-08-07,avg_pe_5y_median,12.922463230256444
HAS,2026-08-07,avg_pe_5y_median,22.004707426183302
HBAN,2026-08-07,avg_pe_5y_median,10.171876204834748
HCA,2026-08-07,avg_pe_5y_median,13.750918263643175
HD,2026-08-07,avg_pe_5y_median,21.458318487687883
HIG,2026-08-07,avg_pe_5y_median,10.216609885558551
HII,2026-08-07,avg_pe_5y_median,14.400705389527065
HLT,2026-08-07,avg_pe_5y_median,41.0020400996664
HON,2026-08-07,avg_pe_5y_median,23.18228089628392
HOOD,2026-08-07,avg_pe_5y_median,45.86958595111888
HPE,2026-08-07,avg_pe_5y_median,13.608578791451261
HPQ,2026-08-07,avg_pe_5y_median,8.241016006802752
HRL,2026-08-07,avg_pe_5y_median,22.17688591040806
HSIC,2026-08-07,avg_pe_5y_median,21.04122863579404
HSY,2026-08-07,avg_pe_5y_median,24.102275966800416
HUBB,2026-08-07,avg_pe_5y_median,26.05028238244099
HUM,2026-08-07,avg_pe_5y_median,20.01174067292498
HWM,2026-08-07,avg_pe_5y_median,38.59827373336893
IBKR,2026-08-07,avg_pe_5y_median,21.409280838021296
IBM,2026-08-07,avg_pe_5y_median,25.589562916934597
ICE,2026-08-07,avg_pe_5y_median,30.002998604531683
IDXX,2026-08-07,avg_pe_5y_median,49.303855864192556
IEX,2026-08-07,avg_pe_5y_median,27.859513650844878
IFF,2026-08-07,avg_pe_5y_median,119.92602996826172
INCY,2026-08-07,avg_pe_5y_median,26.166567813523557
INTC,2026-08-07,avg_pe_5y_median,11.454146301980934
INTU,2026-08-07,avg_pe_5y_median,57.512387469419195
IP,2026-08-07,avg_pe_5y_median,8.577604560329489
IQV,2026-08-07,avg_pe_5y_median,32.22292747781283
IR,2026-08-07,avg_pe_5y_median,42.19298780295335
ISRG,2026-08-07,avg_pe_5y_median,71.94165512485395
IT,2026-08-07,avg_pe_5y_median,29.801331857753603
ITW,2026-08-07,avg_pe_5y_median,22.0323535159312
IVZ,2026-08-07,avg_pe_5y_median,10.276147556697763
J,2026-08-07,avg_pe_5y_median,27.330950396478748
JBHT,2026-08-07,avg_pe_5y_median,25.735634448863696
JBL,2026-08-07,avg_pe_5y_median,12.176866684565123
JCI,2026-08-07,avg_pe_5y_median,26.185043379188375
JKHY,2026-08-07,avg_pe_5y_median,31.232744017715866
JNJ,2026-08-07,avg_pe_5y_median,20.668999834262056
JPM,2026-08-07,avg_pe_5y_median,10.004274426165443
KDP,2026-08-07,avg_pe_5y_median,21.54238402563604
KEY,2026-08-07,avg_pe_5y_median,7.6820663684761366
KEYS,2026-08-07,avg_pe_5y_median,32.27350427124152
KHC,2026-08-07,avg_pe_5y_median,16.555849860140572
KKR,2026-08-07,avg_pe_5y_median,26.141684524179695
KLAC,2026-08-07,avg_pe_5y_median,25.16034839285063
KMB,2026-08-07,avg_pe_5y_median,19.461160525385772
KMI,2026-08-07,avg_pe_5y_median,16.43167693395089
KO,2026-08-07,avg_pe_5y_median,23.727220407750664
KVUE,2026-08-07,avg_pe_5y_median,23.28313833300755
L,2026-08-07,avg_pe_5y_median,13.176024169735731
LDOS,2026-08-07,avg_pe_5y_median,17.3442378657991
LEN,2026-08-07,avg_pe_5y_median,8.228627060151684
LH,2026-08-07,avg_pe_5y_median,23.631438013288307
LHX,2026-08-07,avg_pe_5y_median,31.32805028226521
LII,2026-08-07,avg_pe_5y_median,22.606269950518676
LIN,2026-08-07,avg_pe_5y_median,33.13572668129636
LITE,2026-08-07,avg_pe_5y_median,39.91125623262845
LLY,2026-08-07,avg_pe_5y_median,51.023363321282346
LMT,2026-08-07,avg_pe_5y_median,18.45356165340851
LNT,2026-08-07,avg_pe_5y_median,18.529118646587825
LOW,2026-08-07,avg_pe_5y_median,18.106171271399372
LRCX,2026-08-07,avg_pe_5y_median,21.190859171789334
LULU,2026-08-07,avg_pe_5y_median,35.973745388440484
LUV,2026-08-07,avg_pe_5y_median,37.153542176706736
LVS,2026-08-07,avg_pe_5y_median,20.892008103324738
LYB,2026-08-07,avg_pe_5y_median,4.627280054190541
LYV,2026-08-07,avg_pe_5y_median,49.429722175767026
MA,2026-08-07,avg_pe_5y_median,35.621629466338
MAR,2026-08-07,avg_pe_5y_median,25.68852845680633
MAS,2026-08-07,avg_pe_5y_median,16.43207055902053
MCD,2026-08-07,avg_pe_5y_median,24.91203352792384
MCHP,2026-08-07,avg_pe_5y_median,27.165456041568454
MCK,2026-08-07,avg_pe_5y_median,23.750769284913574
MCO,2026-08-07,avg_pe_5y_median,37.74674065212152
MDLZ,2026-08-07,avg_pe_5y_median,21.367200819655338
MDT,2026-08-07,avg_pe_5y_median,24.78755404414248
MET,2026-08-07,avg_pe_5y_median,12.963682681069404
META,2026-08-07,avg_pe_5y_median,24.919241593590794
MGM,2026-08-07,avg_pe_5y_median,15.146406569634909
MKC,2026-08-07,avg_pe_5y_median,26.467772306639553
MLM,2026-08-07,avg_pe_5y_median,23.65363527992931
MMM,2026-08-07,avg_pe_5y_median,16.625945717500517
MNST,2026-08-07,avg_pe_5y_median,37.69995768293202
MO,2026-08-07,avg_pe_5y_median,11.011362237964354
MOS,2026-08-07,avg_pe_5y_median,8.764999758922801
MPC,2026-08-07,avg_pe_5y_median,7.033653782951953
MPWR,2026-08-07,avg_pe_5y_median,63.54554119143468
MRK,2026-08-07,avg_pe_5y_median,18.168367295756475
MRSH,2026-08-07,avg_pe_5y_median,25.0384257111131
MRVL,2026-08-07,avg_pe_5y_median,32.67504859808991
MS,2026-08-07,avg_pe_5y_median,13.427580043449039
MSCI,2026-08-07,avg_pe_5y_median,38.24089151422773
MSFT,2026-08-07,avg_pe_5y_median,30.66784490788981
MSI,2026-08-07,avg_pe_5y_median,33.070416195950685
MTB,2026-08-07,avg_pe_5y_median,10.576554519421983
MTD,2026-08-07,avg_pe_5y_median,34.05660272105834
MU,2026-08-07,avg_pe_5y_median,17.449518226715455
NCLH,2026-08-07,avg_pe_5y_median,14.949939067575663
NDAQ,2026-08-07,avg_pe_5y_median,26.843476376838424
NDSN,2026-08-07,avg_pe_5y_median,27.245916918343347
NEE,2026-08-07,avg_pe_5y_median,23.691820319239845
NEM,2026-08-07,avg_pe_5y_median,15.437998122531148
NFLX,2026-08-07,avg_pe_5y_median,40.19242269095051
NI,2026-08-07,avg_pe_5y_median,16.918699622522002
NKE,2026-08-07,avg_pe_5y_median,29.253546770600096
NOC,2026-08-07,avg_pe_5y_median,16.261184496802983
NOW,2026-08-07,avg_pe_5y_median,134.58800168590767
NRG,2026-08-07,avg_pe_5y_median,11.208430308227193
NSC,2026-08-07,avg_pe_5y_median,20.363976596413018
NTAP,2026-08-07,avg_pe_5y_median,17.75688631481149
NTRS,2026-08-07,avg_pe_5y_median,13.33290118964268
NUE,2026-08-07,avg_pe_5y_median,9.024782495778101
NVDA,2026-08-07,avg_pe_5y_median,53.143980976156186
NWS,2026-08-07,avg_pe_5y_median,30.992158647042146
NWSA,2026-08-07,avg_pe_5y_median,29.44480265775162
NXPI,2026-08-07,avg_pe_5y_median,20.659131531961066
ODFL,2026-08-07,avg_pe_5y_median,31.605484012287732
OKE,2026-08-07,avg_pe_5y_median,13.983838868262891
OMC,2026-08-07,avg_pe_5y_median,11.422085408609806
ON,2026-08-07,avg_pe_5y_median,19.480009347333613
ORCL,2026-08-07,avg_pe_5y_median,32.21550825512505
ORLY,2026-08-07,avg_pe_5y_median,25.597873046977536
OTIS,2026-08-07,avg_pe_5y_median,25.07111270586961
OXY,2026-08-07,avg_pe_5y_median,12.041243933874087
PANW,2026-08-07,avg_pe_5y_median,107.68603993597499
PAYX,2026-08-07,avg_pe_5y_median,24.568431494504733
PCAR,2026-08-07,avg_pe_5y_median,12.39049206311886
PCG,2026-08-07,avg_pe_5y_median,15.539480165969184
PEG,2026-08-07,avg_pe_5y_median,19.8616435427498
PEP,2026-08-07,avg_pe_5y_median,23.403894936124807
PFE,2026-08-07,avg_pe_5y_median,12.391163960140394
PFG,2026-08-07,avg_pe_5y_median,10.554774197752979
PG,2026-08-07,avg_pe_5y_median,23.499444993914352
PGR,2026-08-07,avg_pe_5y_median,17.40957323282856
PH,2026-08-07,avg_pe_5y_median,23.79563145610018
PKG,2026-08-07,avg_pe_5y_median,18.069547189316317
PLTR,2026-08-07,avg_pe_5y_median,222.2898475730309
PM,2026-08-07,avg_pe_5y_median,16.59930609053738
PNC,2026-08-07,avg_pe_5y_median,12.01915739757073
PNR,2026-08-07,avg_pe_5y_median,21.016516286543478
PNW,2026-08-07,avg_pe_5y_median,15.363794808733314
PODD,2026-08-07,avg_pe_5y_median,85.649117790091
POOL,2026-08-07,avg_pe_5y_median,25.308086854558177
PPG,2026-08-07,avg_pe_5y_median,23.124783950509077
PPL,2026-08-07,avg_pe_5y_median,24.68669712583642
PRU,2026-08-07,avg_pe_5y_median,13.454283010231338
PSX,2026-08-07,avg_pe_5y_median,11.254758091608027
PTC,2026-08-07,avg_pe_5y_median,41.090234899051396
PWR,2026-08-07,avg_pe_5y_median,47.45873891521515
PYPL,2026-08-07,avg_pe_5y_median,17.987788535680288
QCOM,2026-08-07,avg_pe_5y_median,15.581119379379206
RCL,2026-08-07,avg_pe_5y_median,18.04602442218119
RDDT,2026-08-07,avg_pe_5y_median,87.65766021887669
REGN,2026-08-07,avg_pe_5y_median,18.492974141790363
RF,2026-08-07,avg_pe_5y_median,8.66847897601384
RJF,2026-08-07,avg_pe_5y_median,13.331713339180151
RL,2026-08-07,avg_pe_5y_median,17.062118971049472
RMD,2026-08-07,avg_pe_5y_median,30.84496646904816
ROK,2026-08-07,avg_pe_5y_median,31.52038106087836
ROL,2026-08-07,avg_pe_5y_median,48.18391927705648
ROP,2026-08-07,avg_pe_5y_median,32.630859882811684
ROST,2026-08-07,avg_pe_5y_median,22.36307219720728
RSG,2026-08-07,avg_pe_5y_median,30.157119379113777
RTX,2026-08-07,avg_pe_5y_median,32.85620839891129
RVTY,2026-08-07,avg_pe_5y_median,29.92372079655702
SBUX,2026-08-07,avg_pe_5y_median,28.317433665048576
SCHW,2026-08-07,avg_pe_5y_median,22.022681230598067
SHW,2026-08-07,avg_pe_5y_median,31.986518362479636
SJM,2026-08-07,avg_pe_5y_median,20.23084435096611
SLB,2026-08-07,avg_pe_5y_median,16.82269443239462
SMCI,2026-08-07,avg_pe_5y_median,18.62043460580503
SNA,2026-08-07,avg_pe_5y_median,14.270478122287404
SNDK,2026-08-07,avg_pe_5y_median,24.4396792137361
SNPS,2026-08-07,avg_pe_5y_median,56.76494257304337
SO,2026-08-07,avg_pe_5y_median,20.74473988154663
SOFI,2026-08-07,avg_pe_5y_median,38.22724614837712
SOLV,2026-08-07,avg_pe_5y_median,9.317355458492596
SPGI,2026-08-07,avg_pe_5y_median,36.499981914678926
SRE,2026-08-07,avg_pe_5y_median,18.1797612074915
STE,2026-08-07,avg_pe_5y_median,53.313469390804315
STLD,2026-08-07,avg_pe_5y_median,8.672767550998953
STT,2026-08-07,avg_pe_5y_median,10.502503762755122
STX,2026-08-07,avg_pe_5y_median,15.997299194335938
SW,2026-08-07,avg_pe_5y_median,48.95927387751804
SWK,2026-08-07,avg_pe_5y_median,15.822529534926037
SWKS,2026-08-07,avg_pe_5y_median,18.54446165394215
SYF,2026-08-07,avg_pe_5y_median,6.001501362647804
SYK,2026-08-07,avg_pe_5y_median,40.236668072006275
SYY,2026-08-07,avg_pe_5y_median,20.31398313693004
T,2026-08-07,avg_pe_5y_median,8.455703445185117
TAP,2026-08-07,avg_pe_5y_median,11.94311624956685
TDG,2026-08-07,avg_pe_5y_median,37.29792921292899
TDY,2026-08-07,avg_pe_5y_median,27.39934179653773
TECH,2026-08-07,avg_pe_5y_median,71.37720570587383
TEL,2026-08-07,avg_pe_5y_median,19.44835008905992
TER,2026-08-07,avg_pe_5y_median,32.38839050597969
TFC,2026-08-07,avg_pe_5y_median,10.702377910996075
TGT,2026-08-07,avg_pe_5y_median,15.250710353787833
TJX,2026-08-07,avg_pe_5y_median,26.03454116223066
TKO,2026-08-07,avg_pe_5y_median,173.686604002537
TMO,2026-08-07,avg_pe_5y_median,31.077049745239925
TMUS,2026-08-07,avg_pe_5y_median,22.49884082359183
TPL,2026-08-07,avg_pe_5y_median,37.17400478495384
TPR,2026-08-07,avg_pe_5y_median,11.886395650309062
TRGP,2026-08-07,avg_pe_5y_median,22.472557000799494
TRMB,2026-08-07,avg_pe_5y_median,37.94743354625814
TROW,2026-08-07,avg_pe_5y_median,11.03978862284723
TRV,2026-08-07,avg_pe_5y_median,11.19158393804208
TSCO,2026-08-07,avg_pe_5y_median,23.43646175466324
TSLA,2026-08-07,avg_pe_5y_median,82.20616621983915
TSN,2026-08-07,avg_pe_5y_median,14.82079994346692
TT,2026-08-07,avg_pe_5y_median,29.503540582182055
TTD,2026-08-07,avg_pe_5y_median,192.7618204812026
TTWO,2026-08-07,avg_pe_5y_median,37.075477458679444
TXN,2026-08-07,avg_pe_5y_median,23.7289959274989
TXT,2026-08-07,avg_pe_5y_median,17.59649632140202
TYL,2026-08-07,avg_pe_5y_median,96.08523541735397
UAL,2026-08-07,avg_pe_5y_median,7.545546875
UBER,2026-08-07,avg_pe_5y_median,17.337703091762776
UHS,2026-08-07,avg_pe_5y_median,10.982307124813754
ULTA,2026-08-07,avg_pe_5y_median,19.13000465166557
UNH,2026-08-07,avg_pe_5y_median,23.16339008518117
UNP,2026-08-07,avg_pe_5y_median,19.71317640421351
UPS,2026-08-07,avg_pe_5y_median,14.449365953492217
URI,2026-08-07,avg_pe_5y_median,16.698655833953318
USB,2026-08-07,avg_pe_5y_median,9.660672375560512
VEEV,2026-08-07,avg_pe_5y_median,57.95262728194571
VLO,2026-08-07,avg_pe_5y_median,10.576066155203566
VLTO,2026-08-07,avg_pe_5y_median,28.11860464874448
VMC,2026-08-07,avg_pe_5y_median,35.91888478429146
VRSK,2026-08-07,avg_pe_5y_median,41.814366629463485
VRSN,2026-08-07,avg_pe_5y_median,27.424020341021016
VRT,2026-08-07,avg_pe_5y_median,59.26924846674113
VRTX,2026-08-07,avg_pe_5y_median,26.767397213499628
VST,2026-08-07,avg_pe_5y_median,20.239896548420912
VZ,2026-08-07,avg_pe_5y_median,8.484251489421066
WAB,2026-08-07,avg_pe_5y_median,28.768990538267964
WAT,2026-08-07,avg_pe_5y_median,30.37967752539288
WBD,2026-08-07,avg_pe_5y_median,23.053462445555184
WDAY,2026-08-07,avg_pe_5y_median,100.3885812899153
WDC,2026-08-07,avg_pe_5y_median,11.995607734546894
WEC,2026-08-07,avg_pe_5y_median,19.64355964449881
WFC,2026-08-07,avg_pe_5y_median,10.427588915115562
WM,2026-08-07,avg_pe_5y_median,31.952035556841626
WMB,2026-08-07,avg_pe_5y_median,19.405626252544202
WMT,2026-08-07,avg_pe_5y_median,34.92347689345911
WRB,2026-08-07,avg_pe_5y_median,13.49798002947674
WSM,2026-08-07,avg_pe_5y_median,13.14054710470062
WST,2026-08-07,avg_pe_5y_median,44.69122993424914
WTW,2026-08-07,avg_pe_5y_median,20.128357047678154
WYNN,2026-08-07,avg_pe_5y_median,22.274344415306796
XEL,2026-08-07,avg_pe_5y_median,18.785216940244858
XOM,2026-08-07,avg_pe_5y_median,12.44450446944937
XYL,2026-08-07,avg_pe_5y_median,39.27335308397956
XYZ,2026-08-07,avg_pe_5y_median,42.44401027724695
YUM,2026-08-07,avg_pe_5y_median,24.63415748473139
ZBH,2026-08-07,avg_pe_5y_median,26.41507743509497
ZBRA,2026-08-07,avg_pe_5y_median,29.81941717643081
ZTS,2026-08-07,avg_pe_5y_median,32.31666519116992
A,2026-08-07,avg_pe_5y_diverges,0.0
AAPL,2026-08-07,avg_pe_5y_diverges,0.0
ABBV,2026-08-07,avg_pe_5y_diverges,1.0
ABNB,2026-08-07,avg_pe_5y_diverges,0.0
ABT,2026-08-07,avg_pe_5y_diverges,0.0
ACGL,2026-08-07,avg_pe_5y_diverges,0.0
ACN,2026-08-07,avg_pe_5y_diverges,0.0
ADBE,2026-08-07,avg_pe_5y_diverges,1.0
ADI,2026-08-07,avg_pe_5y_diverges,0.0
ADM,2026-08-07,avg_pe_5y_diverges,0.0
ADP,2026-08-07,avg_pe_5y_diverges,0.0
ADSK,2026-08-07,avg_pe_5y_diverges,0.0
AEE,2026-08-07,avg_pe_5y_diverges,0.0
AEP,2026-08-07,avg_pe_5y_diverges,0.0
AES,2026-08-07,avg_pe_5y_diverges,0.0
AFL,2026-08-07,avg_pe_5y_diverges,0.0
AIG,2026-08-07,avg_pe_5y_diverges,1.0
AIZ,2026-08-07,avg_pe_5y_diverges,0.0
AJG,2026-08-07,avg_pe_5y_diverges,0.0
AKAM,2026-08-07,avg_pe_5y_diverges,0.0
ALB,2026-08-07,avg_pe_5y_diverges,1.0
ALGN,2026-08-07,avg_pe_5y_diverges,0.0
ALL,2026-08-07,avg_pe_5y_diverges,0.0
ALLE,2026-08-07,avg_pe_5y_diverges,0.0
AMAT,2026-08-07,avg_pe_5y_diverges,0.0
AMCR,2026-08-07,avg_pe_5y_diverges,0.0
AMD,2026-08-07,avg_pe_5y_diverges,0.0
AME,2026-08-07,avg_pe_5y_diverges,0.0
AMGN,2026-08-07,avg_pe_5y_diverges,0.0
AMP,2026-08-07,avg_pe_5y_diverges,0.0
AMZN,2026-08-07,avg_pe_5y_diverges,0.0
ANET,2026-08-07,avg_pe_5y_diverges,0.0
AON,2026-08-07,avg_pe_5y_diverges,0.0
AOS,2026-08-07,avg_pe_5y_diverges,0.0
APD,2026-08-07,avg_pe_5y_diverges,0.0
APH,2026-08-07,avg_pe_5y_diverges,0.0
APO,2026-08-07,avg_pe_5y_diverges,0.0
APP,2026-08-07,avg_pe_5y_diverges,0.0
APTV,2026-08-07,avg_pe_5y_diverges,1.0
ARES,2026-08-07,avg_pe_5y_diverges,0.0
ATO,2026-08-07,avg_pe_5y_diverges,0.0
AVGO,2026-08-07,avg_pe_5y_diverges,0.0
AVY,2026-08-07,avg_pe_5y_diverges,0.0
AWK,2026-08-07,avg_pe_5y_diverges,0.0
AXON,2026-08-07,avg_pe_5y_diverges,0.0
AXP,2026-08-07,avg_pe_5y_diverges,0.0
AZO,2026-08-07,avg_pe_5y_diverges,0.0
BA,2026-08-07,avg_pe_5y_diverges,0.0
BAC,2026-08-07,avg_pe_5y_diverges,0.0
BALL,2026-08-07,avg_pe_5y_diverges,1.0
BAX,2026-08-07,avg_pe_5y_diverges,1.0
BBY,2026-08-07,avg_pe_5y_diverges,0.0
BDX,2026-08-07,avg_pe_5y_diverges,0.0
BEN,2026-08-07,avg_pe_5y_diverges,0.0
BF-B,2026-08-07,avg_pe_5y_diverges,0.0
BG,2026-08-07,avg_pe_5y_diverges,0.0
BIIB,2026-08-07,avg_pe_5y_diverges,0.0
BKNG,2026-08-07,avg_pe_5y_diverges,0.0
BLDR,2026-08-07,avg_pe_5y_diverges,1.0
BLK,2026-08-07,avg_pe_5y_diverges,0.0
BMY,2026-08-07,avg_pe_5y_diverges,0.0
BNY,2026-08-07,avg_pe_5y_diverges,0.0
BR,2026-08-07,avg_pe_5y_diverges,0.0
BRO,2026-08-07,avg_pe_5y_diverges,0.0
BSX,2026-08-07,avg_pe_5y_diverges,0.0
BX,2026-08-07,avg_pe_5y_diverges,1.0
C,2026-08-07,avg_pe_5y_diverges,0.0
CAG,2026-08-07,avg_pe_5y_diverges,0.0
CAH,2026-08-07,avg_pe_5y_diverges,0.0
CARR,2026-08-07,avg_pe_5y_diverges,0.0
CASY,2026-08-07,avg_pe_5y_diverges,0.0
CAT,2026-08-07,avg_pe_5y_diverges,0.0
CB,2026-08-07,avg_pe_5y_diverges,0.0
CBOE,2026-08-07,avg_pe_5y_diverges,0.0
CBRE,2026-08-07,avg_pe_5y_diverges,0.0
CCL,2026-08-07,avg_pe_5y_diverges,0.0
CDNS,2026-08-07,avg_pe_5y_diverges,0.0
CDW,2026-08-07,avg_pe_5y_diverges,0.0
CE,2026-08-07,avg_pe_5y_diverges,0.0
CEG,2026-08-07,avg_pe_5y_diverges,0.0
CF,2026-08-07,avg_pe_5y_diverges,0.0
CFG,2026-08-07,avg_pe_5y_diverges,0.0
CHD,2026-08-07,avg_pe_5y_diverges,0.0
CHRW,2026-08-07,avg_pe_5y_diverges,1.0
CHTR,2026-08-07,avg_pe_5y_diverges,0.0
CI,2026-08-07,avg_pe_5y_diverges,0.0
CIEN,2026-08-07,avg_pe_5y_diverges,0.0
CINF,2026-08-07,avg_pe_5y_diverges,0.0
CL,2026-08-07,avg_pe_5y_diverges,0.0
CLX,2026-08-07,avg_pe_5y_diverges,0.0
CMCSA,2026-08-07,avg_pe_5y_diverges,0.0
CME,2026-08-07,avg_pe_5y_diverges,0.0
CMG,2026-08-07,avg_pe_5y_diverges,0.0
CMI,2026-08-07,avg_pe_5y_diverges,0.0
CMS,2026-08-07,avg_pe_5y_diverges,0.0
CNC,2026-08-07,avg_pe_5y_diverges,0.0
CNP,2026-08-07,avg_pe_5y_diverges,0.0
COF,2026-08-07,avg_pe_5y_diverges,0.0
COHR,2026-08-07,avg_pe_5y_diverges,0.0
COIN,2026-08-07,avg_pe_5y_diverges,0.0
COO,2026-08-07,avg_pe_5y_diverges,1.0
COP,2026-08-07,avg_pe_5y_diverges,0.0
COR,2026-08-07,avg_pe_5y_diverges,0.0
COST,2026-08-07,avg_pe_5y_diverges,0.0
CPAY,2026-08-07,avg_pe_5y_diverges,0.0
CPB,2026-08-07,avg_pe_5y_diverges,0.0
CPRT,2026-08-07,avg_pe_5y_diverges,0.0
CRH,2026-08-07,avg_pe_5y_diverges,0.0
CRL,2026-08-07,avg_pe_5y_diverges,0.0
CRM,2026-08-07,avg_pe_5y_diverges,0.0
CRWD,2026-08-07,avg_pe_5y_diverges,0.0
CSCO,2026-08-07,avg_pe_5y_diverges,0.0
CSGP,2026-08-07,avg_pe_5y_diverges,0.0
CSX,2026-08-07,avg_pe_5y_diverges,0.0
CTAS,2026-08-07,avg_pe_5y_diverges,0.0
CTSH,2026-08-07,avg_pe_5y_diverges,0.0
CTVA,2026-08-07,avg_pe_5y_diverges,0.0
CVS,2026-08-07,avg_pe_5y_diverges,0.0
CVX,2026-08-07,avg_pe_5y_diverges,0.0
D,2026-08-07,avg_pe_5y_diverges,0.0
DAL,2026-08-07,avg_pe_5y_diverges,0.0
DASH,2026-08-07,avg_pe_5y_diverges,0.0
DD,2026-08-07,avg_pe_5y_diverges,0.0
DDOG,2026-08-07,avg_pe_5y_diverges,0.0
DE,2026-08-07,avg_pe_5y_diverges,0.0
DECK,2026-08-07,avg_pe_5y_diverges,0.0
DELL,2026-08-07,avg_pe_5y_diverges,1.0
DG,2026-08-07,avg_pe_5y_diverges,0.0
DGX,2026-08-07,avg_pe_5y_diverges,0.0
DHI,2026-08-07,avg_pe_5y_diverges,0.0
DHR,2026-08-07,avg_pe_5y_diverges,0.0
DIS,2026-08-07,avg_pe_5y_diverges,1.0
DLTR,2026-08-07,avg_pe_5y_diverges,0.0
DOV,2026-08-07,avg_pe_5y_diverges,0.0
DOW,2026-08-07,avg_pe_5y_diverges,1.0
DPZ,2026-08-07,avg_pe_5y_diverges,0.0
DRI,2026-08-07,avg_pe_5y_diverges,0.0
DTE,2026-08-07,avg_pe_5y_diverges,0.0
DUK,2026-08-07,avg_pe_5y_diverges,0.0
DVA,2026-08-07,avg_pe_5y_diverges,0.0
DVN,2026-08-07,avg_pe_5y_diverges,0.0
DXCM,2026-08-07,avg_pe_5y_diverges,1.0
EA,2026-08-07,avg_pe_5y_diverges,0.0
EBAY,2026-08-07,avg_pe_5y_diverges,1.0
ECL,2026-08-07,avg_pe_5y_diverges,0.0
ED,2026-08-07,avg_pe_5y_diverges,0.0
EFX,2026-08-07,avg_pe_5y_diverges,0.0
EG,2026-08-07,avg_pe_5y_diverges,0.0
EIX,2026-08-07,avg_pe_5y_diverges,1.0
EL,2026-08-07,avg_pe_5y_diverges,0.0
ELV,2026-08-07,avg_pe_5y_diverges,0.0
EME,2026-08-07,avg_pe_5y_diverges,0.0
EMR,2026-08-07,avg_pe_5y_diverges,1.0
EOG,2026-08-07,avg_pe_5y_diverges,0.0
EQT,2026-08-07,avg_pe_5y_diverges,1.0
ES,2026-08-07,avg_pe_5y_diverges,0.0
ETN,2026-08-07,avg_pe_5y_diverges,0.0
ETR,2026-08-07,avg_pe_5y_diverges,0.0
EVRG,2026-08-07,avg_pe_5y_diverges,0.0
EW,2026-08-07,avg_pe_5y_diverges,1.0
EXC,2026-08-07,avg_pe_5y_diverges,0.0
EXE,2026-08-07,avg_pe_5y_diverges,1.0
EXPD,2026-08-07,avg_pe_5y_diverges,0.0
EXPE,2026-08-07,avg_pe_5y_diverges,0.0
F,2026-08-07,avg_pe_5y_diverges,1.0
FANG,2026-08-07,avg_pe_5y_diverges,0.0
FAST,2026-08-07,avg_pe_5y_diverges,0.0
FCX,2026-08-07,avg_pe_5y_diverges,1.0
FDS,2026-08-07,avg_pe_5y_diverges,0.0
FDX,2026-08-07,avg_pe_5y_diverges,0.0
FE,2026-08-07,avg_pe_5y_diverges,0.0
FFIV,2026-08-07,avg_pe_5y_diverges,0.0
FICO,2026-08-07,avg_pe_5y_diverges,0.0
FIS,2026-08-07,avg_pe_5y_diverges,1.0
FISV,2026-08-07,avg_pe_5y_diverges,0.0
FITB,2026-08-07,avg_pe_5y_diverges,0.0
FIX,2026-08-07,avg_pe_5y_diverges,0.0
FLEX,2026-08-07,avg_pe_5y_diverges,0.0
FOX,2026-08-07,avg_pe_5y_diverges,0.0
FOXA,2026-08-07,avg_pe_5y_diverges,0.0
FSLR,2026-08-07,avg_pe_5y_diverges,0.0
FTNT,2026-08-07,avg_pe_5y_diverges,0.0
FTV,2026-08-07,avg_pe_5y_diverges,0.0
GD,2026-08-07,avg_pe_5y_diverges,0.0
GDDY,2026-08-07,avg_pe_5y_diverges,0.0
GE,2026-08-07,avg_pe_5y_diverges,1.0
GEHC,2026-08-07,avg_pe_5y_diverges,0.0
GEN,2026-08-07,avg_pe_5y_diverges,1.0
GEV,2026-08-07,avg_pe_5y_diverges,0.0
GILD,2026-08-07,avg_pe_5y_diverges,0.0
GIS,2026-08-07,avg_pe_5y_diverges,0.0
GL,2026-08-07,avg_pe_5y_diverges,0.0
GLW,2026-08-07,avg_pe_5y_diverges,1.0
GM,2026-08-07,avg_pe_5y_diverges,0.0
GNRC,2026-08-07,avg_pe_5y_diverges,0.0
GOOG,2026-08-07,avg_pe_5y_diverges,0.0
GOOGL,2026-08-07,avg_pe_5y_diverges,0.0
GPC,2026-08-07,avg_pe_5y_diverges,0.0
GPN,2026-08-07,avg_pe_5y_diverges,1.0
GRMN,2026-08-07,avg_pe_5y_diverges,0.0
GS,2026-08-07,avg_pe_5y_diverges,1.0
GWW,2026-08-07,avg_pe_5y_diverges,0.0
HAL,2026-08-07,avg_pe_5y_diverges,0.0
HAS,2026-08-07,avg_pe_5y_diverges,0.0
HBAN,2026-08-07,avg_pe_5y_diverges,0.0
HCA,2026-08-07,avg_pe_5y_diverges,0.0
HD,2026-08-07,avg_pe_5y_diverges,0.0
HIG,2026-08-07,avg_pe_5y_diverges,0.0
HII,2026-08-07,avg_pe_5y_diverges,0.0
HLT,2026-08-07,avg_pe_5y_diverges,0.0
HON,2026-08-07,avg_pe_5y_diverges,0.0
HOOD,2026-08-07,avg_pe_5y_diverges,0.0
HPE,2026-08-07,avg_pe_5y_diverges,1.0
HPQ,2026-08-07,avg_pe_5y_diverges,0.0
HRL,2026-08-07,avg_pe_5y_diverges,0.0
HSIC,2026-08-07,avg_pe_5y_diverges,0.0
HSY,2026-08-07,avg_pe_5y_diverges,0.0
HUBB,2026-08-07,avg_pe_5y_diverges,0.0
HUM,2026-08-07,avg_pe_5y_diverges,0.0
HWM,2026-08-07,avg_pe_5y_diverges,0.0
IBKR,2026-08-07,avg_pe_5y_diverges,0.0
IBM,2026-08-07,avg_pe_5y_diverges,0.0
ICE,2026-08-07,avg_pe_5y_diverges,0.0
IDXX,2026-08-07,avg_pe_5y_diverges,0.0
IEX,2026-08-07,avg_pe_5y_diverges,0.0
IFF,2026-08-07,avg_pe_5y_diverges,1.0
INCY,2026-08-07,avg_pe_5y_diverges,0.0
INTC,2026-08-07,avg_pe_5y_diverges,1.0
INTU,2026-08-07,avg_pe_5y_diverges,0.0
IP,2026-08-07,avg_pe_5y_diverges,0.0
IQV,2026-08-07,avg_pe_5y_diverges,0.0
IR,2026-08-07,avg_pe_5y_diverges,0.0
ISRG,2026-08-07,avg_pe_5y_diverges,0.0
IT,2026-08-07,avg_pe_5y_diverges,0.0
ITW,2026-08-07,avg_pe_5y_diverges,0.0
IVZ,2026-08-07,avg_pe_5y_diverges,0.0
J,2026-08-07,avg_pe_5y_diverges,0.0
JBHT,2026-08-07,avg_pe_5y_diverges,0.0
JBL,2026-08-07,avg_pe_5y_diverges,0.0
JCI,2026-08-07,avg_pe_5y_diverges,0.0
JKHY,2026-08-07,avg_pe_5y_diverges,0.0
JNJ,2026-08-07,avg_pe_5y_diverges,0.0
JPM,2026-08-07,avg_pe_5y_diverges,0.0
KDP,2026-08-07,avg_pe_5y_diverges,0.0
KEY,2026-08-07,avg_pe_5y_diverges,0.0
KEYS,2026-08-07,avg_pe_5y_diverges,0.0
KHC,2026-08-07,avg_pe_5y_diverges,0.0
KKR,2026-08-07,avg_pe_5y_diverges,1.0
KLAC,2026-08-07,avg_pe_5y_diverges,0.0
KMB,2026-08-07,avg_pe_5y_diverges,0.0
KMI,2026-08-07,avg_pe_5y_diverges,0.0
KO,2026-08-07,avg_pe_5y_diverges,0.0
KVUE,2026-08-07,avg_pe_5y_diverges,0.0
L,2026-08-07,avg_pe_5y_diverges,0.0
LDOS,2026-08-07,avg_pe_5y_diverges,0.0
LEN,2026-08-07,avg_pe_5y_diverges,0.0
LH,2026-08-07,avg_pe_5y_diverges,1.0
LHX,2026-08-07,avg_pe_5y_diverges,0.0
LII,2026-08-07,avg_pe_5y_diverges,0.0
LIN,2026-08-07,avg_pe_5y_diverges,0.0
LITE,2026-08-07,avg_pe_5y_diverges,0.0
LLY,2026-08-07,avg_pe_5y_diverges,0.0
LMT,2026-08-07,avg_pe_5y_diverges,0.0
LNT,2026-08-07,avg_pe_5y_diverges,0.0
LOW,2026-08-07,avg_pe_5y_diverges,0.0
LRCX,2026-08-07,avg_pe_5y_diverges,0.0
LULU,2026-08-07,avg_pe_5y_diverges,1.0
LUV,2026-08-07,avg_pe_5y_diverges,0.0
LVS,2026-08-07,avg_pe_5y_diverges,0.0
LYB,2026-08-07,avg_pe_5y_diverges,0.0
LYV,2026-08-07,avg_pe_5y_diverges,0.0
MA,2026-08-07,avg_pe_5y_diverges,0.0
MAR,2026-08-07,avg_pe_5y_diverges,0.0
MAS,2026-08-07,avg_pe_5y_diverges,0.0
MCD,2026-08-07,avg_pe_5y_diverges,0.0
MCHP,2026-08-07,avg_pe_5y_diverges,0.0
MCK,2026-08-07,avg_pe_5y_diverges,0.0
MCO,2026-08-07,avg_pe_5y_diverges,0.0
MDLZ,2026-08-07,avg_pe_5y_diverges,0.0
MDT,2026-08-07,avg_pe_5y_diverges,0.0
MET,2026-08-07,avg_pe_5y_diverges,0.0
META,2026-08-07,avg_pe_5y_diverges,0.0
MGM,2026-08-07,avg_pe_5y_diverges,0.0
MKC,2026-08-07,avg_pe_5y_diverges,0.0
MLM,2026-08-07,avg_pe_5y_diverges,0.0
MMM,2026-08-07,avg_pe_5y_diverges,0.0
MNST,2026-08-07,avg_pe_5y_diverges,0.0
MO,2026-08-07,avg_pe_5y_diverges,0.0
MOS,2026-08-07,avg_pe_5y_diverges,0.0
MPC,2026-08-07,avg_pe_5y_diverges,0.0
MPWR,2026-08-07,avg_pe_5y_diverges,1.0
MRK,2026-08-07,avg_pe_5y_diverges,0.0
MRSH,2026-08-07,avg_pe_5y_diverges,0.0
MRVL,2026-08-07,avg_pe_5y_diverges,0.0
MS,2026-08-07,avg_pe_5y_diverges,0.0
MSCI,2026-08-07,avg_pe_5y_diverges,0.0
MSFT,2026-08-07,avg_pe_5y_diverges,0.0
MSI,2026-08-07,avg_pe_5y_diverges,0.0
MTB,2026-08-07,avg_pe_5y_diverges,0.0
MTD,2026-08-07,avg_pe_5y_diverges,0.0
MU,2026-08-07,avg_pe_5y_diverges,0.0
NCLH,2026-08-07,avg_pe_5y_diverges,0.0
NDAQ,2026-08-07,avg_pe_5y_diverges,0.0
NDSN,2026-08-07,avg_pe_5y_diverges,0.0
NEE,2026-08-07,avg_pe_5y_diverges,0.0
NEM,2026-08-07,avg_pe_5y_diverges,0.0
NFLX,2026-08-07,avg_pe_5y_diverges,0.0
NI,2026-08-07,avg_pe_5y_diverges,0.0
NKE,2026-08-07,avg_pe_5y_diverges,0.0
NOC,2026-08-07,avg_pe_5y_diverges,0.0
NOW,2026-08-07,avg_pe_5y_diverges,0.0
NRG,2026-08-07,avg_pe_5y_diverges,1.0
NSC,2026-08-07,avg_pe_5y_diverges,0.0
NTAP,2026-08-07,avg_pe_5y_diverges,0.0
NTRS,2026-08-07,avg_pe_5y_diverges,0.0
NUE,2026-08-07,avg_pe_5y_diverges,1.0
NVDA,2026-08-07,avg_pe_5y_diverges,0.0
NWS,2026-08-07,avg_pe_5y_diverges,0.0
NWSA,2026-08-07,avg_pe_5y_diverges,0.0
NXPI,2026-08-07,avg_pe_5y_diverges,0.0
ODFL,2026-08-07,avg_pe_5y_diverges,0.0
OKE,2026-08-07,avg_pe_5y_diverges,0.0
OMC,2026-08-07,avg_pe_5y_diverges,0.0
ON,2026-08-07,avg_pe_5y_diverges,0.0
ORCL,2026-08-07,avg_pe_5y_diverges,0.0
ORLY,2026-08-07,avg_pe_5y_diverges,0.0
OTIS,2026-08-07,avg_pe_5y_diverges,0.0
OXY,2026-08-07,avg_pe_5y_diverges,0.0
PANW,2026-08-07,avg_pe_5y_diverges,0.0
PAYX,2026-08-07,avg_pe_5y_diverges,0.0
PCAR,2026-08-07,avg_pe_5y_diverges,0.0
PCG,2026-08-07,avg_pe_5y_diverges,0.0
PEG,2026-08-07,avg_pe_5y_diverges,0.0
PEP,2026-08-07,avg_pe_5y_diverges,0.0
PFE,2026-08-07,avg_pe_5y_diverges,0.0
PFG,2026-08-07,avg_pe_5y_diverges,1.0
PG,2026-08-07,avg_pe_5y_diverges,0.0
PGR,2026-08-07,avg_pe_5y_diverges,0.0
PH,2026-08-07,avg_pe_5y_diverges,0.0
PKG,2026-08-07,avg_pe_5y_diverges,0.0
PLTR,2026-08-07,avg_pe_5y_diverges,0.0
PM,2026-08-07,avg_pe_5y_diverges,0.0
PNC,2026-08-07,avg_pe_5y_diverges,0.0
PNR,2026-08-07,avg_pe_5y_diverges,0.0
PNW,2026-08-07,avg_pe_5y_diverges,0.0
PODD,2026-08-07,avg_pe_5y_diverges,0.0
POOL,2026-08-07,avg_pe_5y_diverges,0.0
PPG,2026-08-07,avg_pe_5y_diverges,0.0
PPL,2026-08-07,avg_pe_5y_diverges,0.0
PRU,2026-08-07,avg_pe_5y_diverges,0.0
PSX,2026-08-07,avg_pe_5y_diverges,1.0
PTC,2026-08-07,avg_pe_5y_diverges,0.0
PWR,2026-08-07,avg_pe_5y_diverges,0.0
PYPL,2026-08-07,avg_pe_5y_diverges,0.0
QCOM,2026-08-07,avg_pe_5y_diverges,0.0
RCL,2026-08-07,avg_pe_5y_diverges,0.0
RDDT,2026-08-07,avg_pe_5y_diverges,1.0
REGN,2026-08-07,avg_pe_5y_diverges,0.0
RF,2026-08-07,avg_pe_5y_diverges,0.0
RJF,2026-08-07,avg_pe_5y_diverges,0.0
RL,2026-08-07,avg_pe_5y_diverges,0.0
RMD,2026-08-07,avg_pe_5y_diverges,0.0
ROK,2026-08-07,avg_pe_5y_diverges,0.0
ROL,2026-08-07,avg_pe_5y_diverges,0.0
ROP,2026-08-07,avg_pe_5y_diverges,1.0
ROST,2026-08-07,avg_pe_5y_diverges,0.0
RSG,2026-08-07,avg_pe_5y_diverges,0.0
RTX,2026-08-07,avg_pe_5y_diverges,0.0
RVTY,2026-08-07,avg_pe_5y_diverges,0.0
SBUX,2026-08-07,avg_pe_5y_diverges,0.0
SCHW,2026-08-07,avg_pe_5y_diverges,0.0
SHW,2026-08-07,avg_pe_5y_diverges,0.0
SJM,2026-08-07,avg_pe_5y_diverges,0.0
SLB,2026-08-07,avg_pe_5y_diverges,0.0
SMCI,2026-08-07,avg_pe_5y_diverges,0.0
SNA,2026-08-07,avg_pe_5y_diverges,0.0
SNDK,2026-08-07,avg_pe_5y_diverges,0.0
SNPS,2026-08-07,avg_pe_5y_diverges,0.0
SO,2026-08-07,avg_pe_5y_diverges,0.0
SOFI,2026-08-07,avg_pe_5y_diverges,0.0
SOLV,2026-08-07,avg_pe_5y_diverges,1.0
SPGI,2026-08-07,avg_pe_5y_diverges,0.0
SRE,2026-08-07,avg_pe_5y_diverges,0.0
STE,2026-08-07,avg_pe_5y_diverges,0.0
STLD,2026-08-07,avg_pe_5y_diverges,1.0
STT,2026-08-07,avg_pe_5y_diverges,0.0
STX,2026-08-07,avg_pe_5y_diverges,0.0
SW,2026-08-07,avg_pe_5y_diverges,0.0
SWK,2026-08-07,avg_pe_5y_diverges,0.0
SWKS,2026-08-07,avg_pe_5y_diverges,0.0
SYF,2026-08-07,avg_pe_5y_diverges,0.0
SYK,2026-08-07,avg_pe_5y_diverges,0.0
SYY,2026-08-07,avg_pe_5y_diverges,0.0
T,2026-08-07,avg_pe_5y_diverges,0.0
TAP,2026-08-07,avg_pe_5y_diverges,0.0
TDG,2026-08-07,avg_pe_5y_diverges,0.0
TDY,2026-08-07,avg_pe_5y_diverges,0.0
TECH,2026-08-07,avg_pe_5y_diverges,0.0
TEL,2026-08-07,avg_pe_5y_diverges,0.0
TER,2026-08-07,avg_pe_5y_diverges,0.0
TFC,2026-08-07,avg_pe_5y_diverges,0.0
TGT,2026-08-07,avg_pe_5y_diverges,0.0
TJX,2026-08-07,avg_pe_5y_diverges,0.0
TKO,2026-08-07,avg_pe_5y_diverges,1.0
TMO,2026-08-07,avg_pe_5y_diverges,0.0
TMUS,2026-08-07,avg_pe_5y_diverges,1.0
TPL,2026-08-07,avg_pe_5y_diverges,0.0
TPR,2026-08-07,avg_pe_5y_diverges,0.0
TRGP,2026-08-07,avg_pe_5y_diverges,0.0
TRMB,2026-08-07,avg_pe_5y_diverges,1.0
TROW,2026-08-07,avg_pe_5y_diverges,0.0
TRV,2026-08-07,avg_pe_5y_diverges,0.0
TSCO,2026-08-07,avg_pe_5y_diverges,0.0
TSLA,2026-08-07,avg_pe_5y_diverges,0.0
TSN,2026-08-07,avg_pe_5y_diverges,0.0
TT,2026-08-07,avg_pe_5y_diverges,0.0
TTD,2026-08-07,avg_pe_5y_diverges,1.0
TTWO,2026-08-07,avg_pe_5y_diverges,0.0
TXN,2026-08-07,avg_pe_5y_diverges,0.0
TXT,2026-08-07,avg_pe_5y_diverges,0.0
TYL,2026-08-07,avg_pe_5y_diverges,0.0
UAL,2026-08-07,avg_pe_5y_diverges,0.0
UBER,2026-08-07,avg_pe_5y_diverges,1.0
UHS,2026-08-07,avg_pe_5y_diverges,0.0
ULTA,2026-08-07,avg_pe_5y_diverges,0.0
UNH,2026-08-07,avg_pe_5y_diverges,0.0
UNP,2026-08-07,avg_pe_5y_diverges,0.0
UPS,2026-08-07,avg_pe_5y_diverges,0.0
URI,2026-08-07,avg_pe_5y_diverges,0.0
USB,2026-08-07,avg_pe_5y_diverges,0.0
VEEV,2026-08-07,avg_pe_5y_diverges,0.0
VLO,2026-08-07,avg_pe_5y_diverges,1.0
VLTO,2026-08-07,avg_pe_5y_diverges,0.0
VMC,2026-08-07,avg_pe_5y_diverges,0.0
VRSK,2026-08-07,avg_pe_5y_diverges,0.0
VRSN,2026-08-07,avg_pe_5y_diverges,0.0
VRT,2026-08-07,avg_pe_5y_diverges,0.0
VRTX,2026-08-07,avg_pe_5y_diverges,0.0
VST,2026-08-07,avg_pe_5y_diverges,0.0
VZ,2026-08-07,avg_pe_5y_diverges,0.0
WAB,2026-08-07,avg_pe_5y_diverges,0.0
WAT,2026-08-07,avg_pe_5y_diverges,0.0
WBD,2026-08-07,avg_pe_5y_diverges,0.0
WDAY,2026-08-07,avg_pe_5y_diverges,1.0
WDC,2026-08-07,avg_pe_5y_diverges,0.0
WEC,2026-08-07,avg_pe_5y_diverges,0.0
WFC,2026-08-07,avg_pe_5y_diverges,0.0
WM,2026-08-07,avg_pe_5y_diverges,0.0
WMB,2026-08-07,avg_pe_5y_diverges,0.0
WMT,2026-08-07,avg_pe_5y_diverges,0.0
WRB,2026-08-07,avg_pe_5y_diverges,0.0
WSM,2026-08-07,avg_pe_5y_diverges,0.0
WST,2026-08-07,avg_pe_5y_diverges,0.0
WTW,2026-08-07,avg_pe_5y_diverges,1.0
WYNN,2026-08-07,avg_pe_5y_diverges,0.0
XEL,2026-08-07,avg_pe_5y_diverges,0.0
XOM,2026-08-07,avg_pe_5y_diverges,0.0
XYL,2026-08-07,avg_pe_5y_diverges,0.0
XYZ,2026-08-07,avg_pe_5y_diverges,1.0
YUM,2026-08-07,avg_pe_5y_diverges,0.0
ZBH,2026-08-07,avg_pe_5y_diverges,1.0
ZBRA,2026-08-07,avg_pe_5y_diverges,0.0
ZTS,2026-08-07,avg_pe_5y_diverges,0.0
A,2026-08-07,avg_pe_5y_history_too_short,0.0
AAPL,2026-08-07,avg_pe_5y_history_too_short,0.0
ABBV,2026-08-07,avg_pe_5y_history_too_short,0.0
ABNB,2026-08-07,avg_pe_5y_history_too_short,0.0
ABT,2026-08-07,avg_pe_5y_history_too_short,0.0
ACGL,2026-08-07,avg_pe_5y_history_too_short,0.0
ACN,2026-08-07,avg_pe_5y_history_too_short,0.0
ADBE,2026-08-07,avg_pe_5y_history_too_short,0.0
ADI,2026-08-07,avg_pe_5y_history_too_short,0.0
ADM,2026-08-07,avg_pe_5y_history_too_short,0.0
ADP,2026-08-07,avg_pe_5y_history_too_short,0.0
ADSK,2026-08-07,avg_pe_5y_history_too_short,0.0
AEE,2026-08-07,avg_pe_5y_history_too_short,0.0
AEP,2026-08-07,avg_pe_5y_history_too_short,0.0
AES,2026-08-07,avg_pe_5y_history_too_short,0.0
AFL,2026-08-07,avg_pe_5y_history_too_short,0.0
AIG,2026-08-07,avg_pe_5y_history_too_short,0.0
AIZ,2026-08-07,avg_pe_5y_history_too_short,0.0
AJG,2026-08-07,avg_pe_5y_history_too_short,0.0
AKAM,2026-08-07,avg_pe_5y_history_too_short,0.0
ALB,2026-08-07,avg_pe_5y_history_too_short,0.0
ALGN,2026-08-07,avg_pe_5y_history_too_short,0.0
ALL,2026-08-07,avg_pe_5y_history_too_short,0.0
ALLE,2026-08-07,avg_pe_5y_history_too_short,0.0
AMAT,2026-08-07,avg_pe_5y_history_too_short,0.0
AMCR,2026-08-07,avg_pe_5y_history_too_short,0.0
AMD,2026-08-07,avg_pe_5y_history_too_short,0.0
AME,2026-08-07,avg_pe_5y_history_too_short,0.0
AMGN,2026-08-07,avg_pe_5y_history_too_short,0.0
AMP,2026-08-07,avg_pe_5y_history_too_short,0.0
AMZN,2026-08-07,avg_pe_5y_history_too_short,0.0
ANET,2026-08-07,avg_pe_5y_history_too_short,0.0
AON,2026-08-07,avg_pe_5y_history_too_short,0.0
AOS,2026-08-07,avg_pe_5y_history_too_short,0.0
APD,2026-08-07,avg_pe_5y_history_too_short,0.0
APH,2026-08-07,avg_pe_5y_history_too_short,0.0
APO,2026-08-07,avg_pe_5y_history_too_short,0.0
APP,2026-08-07,avg_pe_5y_history_too_short,0.0
APTV,2026-08-07,avg_pe_5y_history_too_short,0.0
ARES,2026-08-07,avg_pe_5y_history_too_short,0.0
ATO,2026-08-07,avg_pe_5y_history_too_short,0.0
AVGO,2026-08-07,avg_pe_5y_history_too_short,1.0
AVY,2026-08-07,avg_pe_5y_history_too_short,0.0
AWK,2026-08-07,avg_pe_5y_history_too_short,0.0
AXON,2026-08-07,avg_pe_5y_history_too_short,0.0
AXP,2026-08-07,avg_pe_5y_history_too_short,0.0
AZO,2026-08-07,avg_pe_5y_history_too_short,0.0
BA,2026-08-07,avg_pe_5y_history_too_short,1.0
BAC,2026-08-07,avg_pe_5y_history_too_short,0.0
BALL,2026-08-07,avg_pe_5y_history_too_short,0.0
BAX,2026-08-07,avg_pe_5y_history_too_short,1.0
BBY,2026-08-07,avg_pe_5y_history_too_short,0.0
BDX,2026-08-07,avg_pe_5y_history_too_short,0.0
BEN,2026-08-07,avg_pe_5y_history_too_short,0.0
BF-B,2026-08-07,avg_pe_5y_history_too_short,0.0
BG,2026-08-07,avg_pe_5y_history_too_short,1.0
BIIB,2026-08-07,avg_pe_5y_history_too_short,0.0
BKNG,2026-08-07,avg_pe_5y_history_too_short,0.0
BLDR,2026-08-07,avg_pe_5y_history_too_short,0.0
BLK,2026-08-07,avg_pe_5y_history_too_short,1.0
BMY,2026-08-07,avg_pe_5y_history_too_short,0.0
BNY,2026-08-07,avg_pe_5y_history_too_short,0.0
BR,2026-08-07,avg_pe_5y_history_too_short,0.0
BRO,2026-08-07,avg_pe_5y_history_too_short,0.0
BSX,2026-08-07,avg_pe_5y_history_too_short,0.0
BX,2026-08-07,avg_pe_5y_history_too_short,0.0
C,2026-08-07,avg_pe_5y_history_too_short,0.0
CAG,2026-08-07,avg_pe_5y_history_too_short,0.0
CAH,2026-08-07,avg_pe_5y_history_too_short,0.0
CARR,2026-08-07,avg_pe_5y_history_too_short,0.0
CASY,2026-08-07,avg_pe_5y_history_too_short,0.0
CAT,2026-08-07,avg_pe_5y_history_too_short,0.0
CB,2026-08-07,avg_pe_5y_history_too_short,0.0
CBOE,2026-08-07,avg_pe_5y_history_too_short,0.0
CBRE,2026-08-07,avg_pe_5y_history_too_short,0.0
CCL,2026-08-07,avg_pe_5y_history_too_short,1.0
CDNS,2026-08-07,avg_pe_5y_history_too_short,0.0
CDW,2026-08-07,avg_pe_5y_history_too_short,0.0
CE,2026-08-07,avg_pe_5y_history_too_short,0.0
CEG,2026-08-07,avg_pe_5y_history_too_short,0.0
CF,2026-08-07,avg_pe_5y_history_too_short,0.0
CFG,2026-08-07,avg_pe_5y_history_too_short,0.0
CHD,2026-08-07,avg_pe_5y_history_too_short,0.0
CHRW,2026-08-07,avg_pe_5y_history_too_short,0.0
CHTR,2026-08-07,avg_pe_5y_history_too_short,0.0
CI,2026-08-07,avg_pe_5y_history_too_short,0.0
CIEN,2026-08-07,avg_pe_5y_history_too_short,0.0
CINF,2026-08-07,avg_pe_5y_history_too_short,0.0
CL,2026-08-07,avg_pe_5y_history_too_short,0.0
CLX,2026-08-07,avg_pe_5y_history_too_short,0.0
CMCSA,2026-08-07,avg_pe_5y_history_too_short,0.0
CME,2026-08-07,avg_pe_5y_history_too_short,0.0
CMG,2026-08-07,avg_pe_5y_history_too_short,0.0
CMI,2026-08-07,avg_pe_5y_history_too_short,0.0
CMS,2026-08-07,avg_pe_5y_history_too_short,0.0
CNC,2026-08-07,avg_pe_5y_history_too_short,0.0
CNP,2026-08-07,avg_pe_5y_history_too_short,0.0
COF,2026-08-07,avg_pe_5y_history_too_short,0.0
COHR,2026-08-07,avg_pe_5y_history_too_short,0.0
COIN,2026-08-07,avg_pe_5y_history_too_short,0.0
COO,2026-08-07,avg_pe_5y_history_too_short,0.0
COP,2026-08-07,avg_pe_5y_history_too_short,0.0
COR,2026-08-07,avg_pe_5y_history_too_short,0.0
COST,2026-08-07,avg_pe_5y_history_too_short,0.0
CPAY,2026-08-07,avg_pe_5y_history_too_short,0.0
CPB,2026-08-07,avg_pe_5y_history_too_short,0.0
CPRT,2026-08-07,avg_pe_5y_history_too_short,0.0
CRH,2026-08-07,avg_pe_5y_history_too_short,1.0
CRL,2026-08-07,avg_pe_5y_history_too_short,0.0
CRM,2026-08-07,avg_pe_5y_history_too_short,0.0
CRWD,2026-08-07,avg_pe_5y_history_too_short,1.0
CSCO,2026-08-07,avg_pe_5y_history_too_short,0.0
CSGP,2026-08-07,avg_pe_5y_history_too_short,0.0
CSX,2026-08-07,avg_pe_5y_history_too_short,0.0
CTAS,2026-08-07,avg_pe_5y_history_too_short,0.0
CTSH,2026-08-07,avg_pe_5y_history_too_short,0.0
CTVA,2026-08-07,avg_pe_5y_history_too_short,0.0
CVS,2026-08-07,avg_pe_5y_history_too_short,0.0
CVX,2026-08-07,avg_pe_5y_history_too_short,0.0
D,2026-08-07,avg_pe_5y_history_too_short,0.0
DAL,2026-08-07,avg_pe_5y_history_too_short,0.0
DASH,2026-08-07,avg_pe_5y_history_too_short,1.0
DD,2026-08-07,avg_pe_5y_history_too_short,0.0
DDOG,2026-08-07,avg_pe_5y_history_too_short,0.0
DE,2026-08-07,avg_pe_5y_history_too_short,0.0
DECK,2026-08-07,avg_pe_5y_history_too_short,0.0
DELL,2026-08-07,avg_pe_5y_history_too_short,0.0
DG,2026-08-07,avg_pe_5y_history_too_short,0.0
DGX,2026-08-07,avg_pe_5y_history_too_short,0.0
DHI,2026-08-07,avg_pe_5y_history_too_short,0.0
DHR,2026-08-07,avg_pe_5y_history_too_short,0.0
DIS,2026-08-07,avg_pe_5y_history_too_short,0.0
DLTR,2026-08-07,avg_pe_5y_history_too_short,0.0
DOV,2026-08-07,avg_pe_5y_history_too_short,0.0
DOW,2026-08-07,avg_pe_5y_history_too_short,0.0
DPZ,2026-08-07,avg_pe_5y_history_too_short,0.0
DRI,2026-08-07,avg_pe_5y_history_too_short,0.0
DTE,2026-08-07,avg_pe_5y_history_too_short,0.0
DUK,2026-08-07,avg_pe_5y_history_too_short,0.0
DVA,2026-08-07,avg_pe_5y_history_too_short,0.0
DVN,2026-08-07,avg_pe_5y_history_too_short,0.0
DXCM,2026-08-07,avg_pe_5y_history_too_short,0.0
EA,2026-08-07,avg_pe_5y_history_too_short,0.0
EBAY,2026-08-07,avg_pe_5y_history_too_short,0.0
ECL,2026-08-07,avg_pe_5y_history_too_short,0.0
ED,2026-08-07,avg_pe_5y_history_too_short,0.0
EFX,2026-08-07,avg_pe_5y_history_too_short,0.0
EG,2026-08-07,avg_pe_5y_history_too_short,0.0
EIX,2026-08-07,avg_pe_5y_history_too_short,0.0
EL,2026-08-07,avg_pe_5y_history_too_short,0.0
ELV,2026-08-07,avg_pe_5y_history_too_short,0.0
EME,2026-08-07,avg_pe_5y_history_too_short,0.0
EMR,2026-08-07,avg_pe_5y_history_too_short,0.0
EOG,2026-08-07,avg_pe_5y_history_too_short,0.0
EQT,2026-08-07,avg_pe_5y_history_too_short,0.0
ES,2026-08-07,avg_pe_5y_history_too_short,0.0
ETN,2026-08-07,avg_pe_5y_history_too_short,0.0
ETR,2026-08-07,avg_pe_5y_history_too_short,0.0
EVRG,2026-08-07,avg_pe_5y_history_too_short,0.0
EW,2026-08-07,avg_pe_5y_history_too_short,0.0
EXC,2026-08-07,avg_pe_5y_history_too_short,0.0
EXE,2026-08-07,avg_pe_5y_history_too_short,0.0
EXPD,2026-08-07,avg_pe_5y_history_too_short,0.0
EXPE,2026-08-07,avg_pe_5y_history_too_short,0.0
F,2026-08-07,avg_pe_5y_history_too_short,0.0
FANG,2026-08-07,avg_pe_5y_history_too_short,0.0
FAST,2026-08-07,avg_pe_5y_history_too_short,0.0
FCX,2026-08-07,avg_pe_5y_history_too_short,0.0
FDS,2026-08-07,avg_pe_5y_history_too_short,0.0
FDX,2026-08-07,avg_pe_5y_history_too_short,0.0
FE,2026-08-07,avg_pe_5y_history_too_short,0.0
FFIV,2026-08-07,avg_pe_5y_history_too_short,0.0
FICO,2026-08-07,avg_pe_5y_history_too_short,0.0
FIS,2026-08-07,avg_pe_5y_history_too_short,0.0
FISV,2026-08-07,avg_pe_5y_history_too_short,0.0
FITB,2026-08-07,avg_pe_5y_history_too_short,0.0
FIX,2026-08-07,avg_pe_5y_history_too_short,0.0
FLEX,2026-08-07,avg_pe_5y_history_too_short,0.0
FOX,2026-08-07,avg_pe_5y_history_too_short,0.0
FOXA,2026-08-07,avg_pe_5y_history_too_short,0.0
FSLR,2026-08-07,avg_pe_5y_history_too_short,0.0
FTNT,2026-08-07,avg_pe_5y_history_too_short,0.0
FTV,2026-08-07,avg_pe_5y_history_too_short,0.0
GD,2026-08-07,avg_pe_5y_history_too_short,0.0
GDDY,2026-08-07,avg_pe_5y_history_too_short,1.0
GE,2026-08-07,avg_pe_5y_history_too_short,0.0
GEHC,2026-08-07,avg_pe_5y_history_too_short,0.0
GEN,2026-08-07,avg_pe_5y_history_too_short,0.0
GEV,2026-08-07,avg_pe_5y_history_too_short,1.0
GILD,2026-08-07,avg_pe_5y_history_too_short,0.0
GIS,2026-08-07,avg_pe_5y_history_too_short,0.0
GL,2026-08-07,avg_pe_5y_history_too_short,0.0
GLW,2026-08-07,avg_pe_5y_history_too_short,0.0
GM,2026-08-07,avg_pe_5y_history_too_short,0.0
GNRC,2026-08-07,avg_pe_5y_history_too_short,0.0
GOOG,2026-08-07,avg_pe_5y_history_too_short,0.0
GOOGL,2026-08-07,avg_pe_5y_history_too_short,0.0
GPC,2026-08-07,avg_pe_5y_history_too_short,0.0
GPN,2026-08-07,avg_pe_5y_history_too_short,0.0
GRMN,2026-08-07,avg_pe_5y_history_too_short,0.0
GS,2026-08-07,avg_pe_5y_history_too_short,0.0
GWW,2026-08-07,avg_pe_5y_history_too_short,0.0
HAL,2026-08-07,avg_pe_5y_history_too_short,0.0
HAS,2026-08-07,avg_pe_5y_history_too_short,1.0
HBAN,2026-08-07,avg_pe_5y_history_too_short,0.0
HCA,2026-08-07,avg_pe_5y_history_too_short,0.0
HD,2026-08-07,avg_pe_5y_history_too_short,0.0
HIG,2026-08-07,avg_pe_5y_history_too_short,0.0
HII,2026-08-07,avg_pe_5y_history_too_short,0.0
HLT,2026-08-07,avg_pe_5y_history_too_short,0.0
HON,2026-08-07,avg_pe_5y_history_too_short,0.0
HOOD,2026-08-07,avg_pe_5y_history_too_short,1.0
HPE,2026-08-07,avg_pe_5y_history_too_short,0.0
HPQ,2026-08-07,avg_pe_5y_history_too_short,0.0
HRL,2026-08-07,avg_pe_5y_history_too_short,0.0
HSIC,2026-08-07,avg_pe_5y_history_too_short,0.0
HSY,2026-08-07,avg_pe_5y_history_too_short,1.0
HUBB,2026-08-07,avg_pe_5y_history_too_short,0.0
HUM,2026-08-07,avg_pe_5y_history_too_short,0.0
HWM,2026-08-07,avg_pe_5y_history_too_short,0.0
IBKR,2026-08-07,avg_pe_5y_history_too_short,0.0
IBM,2026-08-07,avg_pe_5y_history_too_short,0.0
ICE,2026-08-07,avg_pe_5y_history_too_short,0.0
IDXX,2026-08-07,avg_pe_5y_history_too_short,0.0
IEX,2026-08-07,avg_pe_5y_history_too_short,0.0
IFF,2026-08-07,avg_pe_5y_history_too_short,1.0
INCY,2026-08-07,avg_pe_5y_history_too_short,0.0
INTC,2026-08-07,avg_pe_5y_history_too_short,1.0
INTU,2026-08-07,avg_pe_5y_history_too_short,0.0
IP,2026-08-07,avg_pe_5y_history_too_short,1.0
IQV,2026-08-07,avg_pe_5y_history_too_short,0.0
IR,2026-08-07,avg_pe_5y_history_too_short,0.0
ISRG,2026-08-07,avg_pe_5y_history_too_short,0.0
IT,2026-08-07,avg_pe_5y_history_too_short,0.0
ITW,2026-08-07,avg_pe_5y_history_too_short,0.0
IVZ,2026-08-07,avg_pe_5y_history_too_short,0.0
J,2026-08-07,avg_pe_5y_history_too_short,0.0
JBHT,2026-08-07,avg_pe_5y_history_too_short,0.0
JBL,2026-08-07,avg_pe_5y_history_too_short,0.0
JCI,2026-08-07,avg_pe_5y_history_too_short,0.0
JKHY,2026-08-07,avg_pe_5y_history_too_short,0.0
JNJ,2026-08-07,avg_pe_5y_history_too_short,0.0
JPM,2026-08-07,avg_pe_5y_history_too_short,0.0
KDP,2026-08-07,avg_pe_5y_history_too_short,0.0
KEY,2026-08-07,avg_pe_5y_history_too_short,0.0
KEYS,2026-08-07,avg_pe_5y_history_too_short,0.0
KHC,2026-08-07,avg_pe_5y_history_too_short,0.0
KKR,2026-08-07,avg_pe_5y_history_too_short,0.0
KLAC,2026-08-07,avg_pe_5y_history_too_short,0.0
KMB,2026-08-07,avg_pe_5y_history_too_short,0.0
KMI,2026-08-07,avg_pe_5y_history_too_short,0.0
KO,2026-08-07,avg_pe_5y_history_too_short,0.0
KVUE,2026-08-07,avg_pe_5y_history_too_short,0.0
L,2026-08-07,avg_pe_5y_history_too_short,0.0
LDOS,2026-08-07,avg_pe_5y_history_too_short,0.0
LEN,2026-08-07,avg_pe_5y_history_too_short,0.0
LH,2026-08-07,avg_pe_5y_history_too_short,0.0
LHX,2026-08-07,avg_pe_5y_history_too_short,0.0
LII,2026-08-07,avg_pe_5y_history_too_short,0.0
LIN,2026-08-07,avg_pe_5y_history_too_short,0.0
LITE,2026-08-07,avg_pe_5y_history_too_short,1.0
LLY,2026-08-07,avg_pe_5y_history_too_short,0.0
LMT,2026-08-07,avg_pe_5y_history_too_short,0.0
LNT,2026-08-07,avg_pe_5y_history_too_short,0.0
LOW,2026-08-07,avg_pe_5y_history_too_short,0.0
LRCX,2026-08-07,avg_pe_5y_history_too_short,0.0
LULU,2026-08-07,avg_pe_5y_history_too_short,0.0
LUV,2026-08-07,avg_pe_5y_history_too_short,0.0
LVS,2026-08-07,avg_pe_5y_history_too_short,0.0
LYB,2026-08-07,avg_pe_5y_history_too_short,1.0
LYV,2026-08-07,avg_pe_5y_history_too_short,0.0
MA,2026-08-07,avg_pe_5y_history_too_short,0.0
MAR,2026-08-07,avg_pe_5y_history_too_short,0.0
MAS,2026-08-07,avg_pe_5y_history_too_short,0.0
MCD,2026-08-07,avg_pe_5y_history_too_short,0.0
MCHP,2026-08-07,avg_pe_5y_history_too_short,0.0
MCK,2026-08-07,avg_pe_5y_history_too_short,0.0
MCO,2026-08-07,avg_pe_5y_history_too_short,0.0
MDLZ,2026-08-07,avg_pe_5y_history_too_short,0.0
MDT,2026-08-07,avg_pe_5y_history_too_short,0.0
MET,2026-08-07,avg_pe_5y_history_too_short,0.0
META,2026-08-07,avg_pe_5y_history_too_short,0.0
MGM,2026-08-07,avg_pe_5y_history_too_short,0.0
MKC,2026-08-07,avg_pe_5y_history_too_short,0.0
MLM,2026-08-07,avg_pe_5y_history_too_short,0.0
MMM,2026-08-07,avg_pe_5y_history_too_short,0.0
MNST,2026-08-07,avg_pe_5y_history_too_short,0.0
MO,2026-08-07,avg_pe_5y_history_too_short,0.0
MOS,2026-08-07,avg_pe_5y_history_too_short,0.0
MPC,2026-08-07,avg_pe_5y_history_too_short,0.0
MPWR,2026-08-07,avg_pe_5y_history_too_short,0.0
MRK,2026-08-07,avg_pe_5y_history_too_short,0.0
MRSH,2026-08-07,avg_pe_5y_history_too_short,0.0
MRVL,2026-08-07,avg_pe_5y_history_too_short,1.0
MS,2026-08-07,avg_pe_5y_history_too_short,0.0
MSCI,2026-08-07,avg_pe_5y_history_too_short,0.0
MSFT,2026-08-07,avg_pe_5y_history_too_short,0.0
MSI,2026-08-07,avg_pe_5y_history_too_short,0.0
MTB,2026-08-07,avg_pe_5y_history_too_short,0.0
MTD,2026-08-07,avg_pe_5y_history_too_short,0.0
MU,2026-08-07,avg_pe_5y_history_too_short,0.0
NCLH,2026-08-07,avg_pe_5y_history_too_short,1.0
NDAQ,2026-08-07,avg_pe_5y_history_too_short,0.0
NDSN,2026-08-07,avg_pe_5y_history_too_short,0.0
NEE,2026-08-07,avg_pe_5y_history_too_short,0.0
NEM,2026-08-07,avg_pe_5y_history_too_short,0.0
NFLX,2026-08-07,avg_pe_5y_history_too_short,0.0
NI,2026-08-07,avg_pe_5y_history_too_short,0.0
NKE,2026-08-07,avg_pe_5y_history_too_short,0.0
NOC,2026-08-07,avg_pe_5y_history_too_short,0.0
NOW,2026-08-07,avg_pe_5y_history_too_short,0.0
NRG,2026-08-07,avg_pe_5y_history_too_short,0.0
NSC,2026-08-07,avg_pe_5y_history_too_short,0.0
NTAP,2026-08-07,avg_pe_5y_history_too_short,0.0
NTRS,2026-08-07,avg_pe_5y_history_too_short,0.0
NUE,2026-08-07,avg_pe_5y_history_too_short,0.0
NVDA,2026-08-07,avg_pe_5y_history_too_short,0.0
NWS,2026-08-07,avg_pe_5y_history_too_short,0.0
NWSA,2026-08-07,avg_pe_5y_history_too_short,0.0
NXPI,2026-08-07,avg_pe_5y_history_too_short,0.0
ODFL,2026-08-07,avg_pe_5y_history_too_short,0.0
OKE,2026-08-07,avg_pe_5y_history_too_short,0.0
OMC,2026-08-07,avg_pe_5y_history_too_short,0.0
ON,2026-08-07,avg_pe_5y_history_too_short,0.0
ORCL,2026-08-07,avg_pe_5y_history_too_short,0.0
ORLY,2026-08-07,avg_pe_5y_history_too_short,0.0
OTIS,2026-08-07,avg_pe_5y_history_too_short,0.0
OXY,2026-08-07,avg_pe_5y_history_too_short,0.0
PANW,2026-08-07,avg_pe_5y_history_too_short,0.0
PAYX,2026-08-07,avg_pe_5y_history_too_short,0.0
PCAR,2026-08-07,avg_pe_5y_history_too_short,0.0
PCG,2026-08-07,avg_pe_5y_history_too_short,0.0
PEG,2026-08-07,avg_pe_5y_history_too_short,0.0
PEP,2026-08-07,avg_pe_5y_history_too_short,0.0
PFE,2026-08-07,avg_pe_5y_history_too_short,0.0
PFG,2026-08-07,avg_pe_5y_history_too_short,0.0
PG,2026-08-07,avg_pe_5y_history_too_short,0.0
PGR,2026-08-07,avg_pe_5y_history_too_short,0.0
PH,2026-08-07,avg_pe_5y_history_too_short,0.0
PKG,2026-08-07,avg_pe_5y_history_too_short,0.0
PLTR,2026-08-07,avg_pe_5y_history_too_short,0.0
PM,2026-08-07,avg_pe_5y_history_too_short,0.0
PNC,2026-08-07,avg_pe_5y_history_too_short,0.0
PNR,2026-08-07,avg_pe_5y_history_too_short,0.0
PNW,2026-08-07,avg_pe_5y_history_too_short,0.0
PODD,2026-08-07,avg_pe_5y_history_too_short,0.0
POOL,2026-08-07,avg_pe_5y_history_too_short,0.0
PPG,2026-08-07,avg_pe_5y_history_too_short,0.0
PPL,2026-08-07,avg_pe_5y_history_too_short,0.0
PRU,2026-08-07,avg_pe_5y_history_too_short,0.0
PSX,2026-08-07,avg_pe_5y_history_too_short,0.0
PTC,2026-08-07,avg_pe_5y_history_too_short,0.0
PWR,2026-08-07,avg_pe_5y_history_too_short,0.0
PYPL,2026-08-07,avg_pe_5y_history_too_short,0.0
QCOM,2026-08-07,avg_pe_5y_history_too_short,0.0
RCL,2026-08-07,avg_pe_5y_history_too_short,1.0
RDDT,2026-08-07,avg_pe_5y_history_too_short,1.0
REGN,2026-08-07,avg_pe_5y_history_too_short,0.0
RF,2026-08-07,avg_pe_5y_history_too_short,0.0
RJF,2026-08-07,avg_pe_5y_history_too_short,0.0
RL,2026-08-07,avg_pe_5y_history_too_short,0.0
RMD,2026-08-07,avg_pe_5y_history_too_short,0.0
ROK,2026-08-07,avg_pe_5y_history_too_short,0.0
ROL,2026-08-07,avg_pe_5y_history_too_short,0.0
ROP,2026-08-07,avg_pe_5y_history_too_short,0.0
ROST,2026-08-07,avg_pe_5y_history_too_short,0.0
RSG,2026-08-07,avg_pe_5y_history_too_short,0.0
RTX,2026-08-07,avg_pe_5y_history_too_short,0.0
RVTY,2026-08-07,avg_pe_5y_history_too_short,0.0
SBUX,2026-08-07,avg_pe_5y_history_too_short,0.0
SCHW,2026-08-07,avg_pe_5y_history_too_short,0.0
SHW,2026-08-07,avg_pe_5y_history_too_short,0.0
SJM,2026-08-07,avg_pe_5y_history_too_short,1.0
SLB,2026-08-07,avg_pe_5y_history_too_short,0.0
SMCI,2026-08-07,avg_pe_5y_history_too_short,0.0
SNA,2026-08-07,avg_pe_5y_history_too_short,0.0
SNDK,2026-08-07,avg_pe_5y_history_too_short,1.0
SNPS,2026-08-07,avg_pe_5y_history_too_short,0.0
SO,2026-08-07,avg_pe_5y_history_too_short,0.0
SOFI,2026-08-07,avg_pe_5y_history_too_short,1.0
SOLV,2026-08-07,avg_pe_5y_history_too_short,1.0
SPGI,2026-08-07,avg_pe_5y_history_too_short,0.0
SRE,2026-08-07,avg_pe_5y_history_too_short,0.0
STE,2026-08-07,avg_pe_5y_history_too_short,0.0
STLD,2026-08-07,avg_pe_5y_history_too_short,0.0
STT,2026-08-07,avg_pe_5y_history_too_short,0.0
STX,2026-08-07,avg_pe_5y_history_too_short,0.0
SW,2026-08-07,avg_pe_5y_history_too_short,1.0
SWK,2026-08-07,avg_pe_5y_history_too_short,0.0
SWKS,2026-08-07,avg_pe_5y_history_too_short,0.0
SYF,2026-08-07,avg_pe_5y_history_too_short,0.0
SYK,2026-08-07,avg_pe_5y_history_too_short,0.0
SYY,2026-08-07,avg_pe_5y_history_too_short,0.0
T,2026-08-07,avg_pe_5y_history_too_short,0.0
TAP,2026-08-07,avg_pe_5y_history_too_short,0.0
TDG,2026-08-07,avg_pe_5y_history_too_short,0.0
TDY,2026-08-07,avg_pe_5y_history_too_short,0.0
TECH,2026-08-07,avg_pe_5y_history_too_short,0.0
TEL,2026-08-07,avg_pe_5y_history_too_short,0.0
TER,2026-08-07,avg_pe_5y_history_too_short,0.0
TFC,2026-08-07,avg_pe_5y_history_too_short,0.0
TGT,2026-08-07,avg_pe_5y_history_too_short,0.0
TJX,2026-08-07,avg_pe_5y_history_too_short,0.0
TKO,2026-08-07,avg_pe_5y_history_too_short,1.0
TMO,2026-08-07,avg_pe_5y_history_too_short,0.0
TMUS,2026-08-07,avg_pe_5y_history_too_short,0.0
TPL,2026-08-07,avg_pe_5y_history_too_short,0.0
TPR,2026-08-07,avg_pe_5y_history_too_short,0.0
TRGP,2026-08-07,avg_pe_5y_history_too_short,0.0
TRMB,2026-08-07,avg_pe_5y_history_too_short,0.0
TROW,2026-08-07,avg_pe_5y_history_too_short,0.0
TRV,2026-08-07,avg_pe_5y_history_too_short,0.0
TSCO,2026-08-07,avg_pe_5y_history_too_short,0.0
TSLA,2026-08-07,avg_pe_5y_history_too_short,0.0
TSN,2026-08-07,avg_pe_5y_history_too_short,0.0
TT,2026-08-07,avg_pe_5y_history_too_short,0.0
TTD,2026-08-07,avg_pe_5y_history_too_short,0.0
TTWO,2026-08-07,avg_pe_5y_history_too_short,1.0
TXN,2026-08-07,avg_pe_5y_history_too_short,0.0
TXT,2026-08-07,avg_pe_5y_history_too_short,0.0
TYL,2026-08-07,avg_pe_5y_history_too_short,0.0
UAL,2026-08-07,avg_pe_5y_history_too_short,0.0
UBER,2026-08-07,avg_pe_5y_history_too_short,0.0
UHS,2026-08-07,avg_pe_5y_history_too_short,0.0
ULTA,2026-08-07,avg_pe_5y_history_too_short,0.0
UNH,2026-08-07,avg_pe_5y_history_too_short,0.0
UNP,2026-08-07,avg_pe_5y_history_too_short,0.0
UPS,2026-08-07,avg_pe_5y_history_too_short,0.0
URI,2026-08-07,avg_pe_5y_history_too_short,0.0
USB,2026-08-07,avg_pe_5y_history_too_short,0.0
VEEV,2026-08-07,avg_pe_5y_history_too_short,0.0
VLO,2026-08-07,avg_pe_5y_history_too_short,0.0
VLTO,2026-08-07,avg_pe_5y_history_too_short,1.0
VMC,2026-08-07,avg_pe_5y_history_too_short,0.0
VRSK,2026-08-07,avg_pe_5y_history_too_short,0.0
VRSN,2026-08-07,avg_pe_5y_history_too_short,0.0
VRT,2026-08-07,avg_pe_5y_history_too_short,0.0
VRTX,2026-08-07,avg_pe_5y_history_too_short,0.0
VST,2026-08-07,avg_pe_5y_history_too_short,0.0
VZ,2026-08-07,avg_pe_5y_history_too_short,0.0
WAB,2026-08-07,avg_pe_5y_history_too_short,0.0
WAT,2026-08-07,avg_pe_5y_history_too_short,1.0
WBD,2026-08-07,avg_pe_5y_history_too_short,1.0
WDAY,2026-08-07,avg_pe_5y_history_too_short,0.0
WDC,2026-08-07,avg_pe_5y_history_too_short,0.0
WEC,2026-08-07,avg_pe_5y_history_too_short,0.0
WFC,2026-08-07,avg_pe_5y_history_too_short,0.0
WM,2026-08-07,avg_pe_5y_history_too_short,0.0
WMB,2026-08-07,avg_pe_5y_history_too_short,0.0
WMT,2026-08-07,avg_pe_5y_history_too_short,0.0
WRB,2026-08-07,avg_pe_5y_history_too_short,0.0
WSM,2026-08-07,avg_pe_5y_history_too_short,0.0
WST,2026-08-07,avg_pe_5y_history_too_short,0.0
WTW,2026-08-07,avg_pe_5y_history_too_short,0.0
WYNN,2026-08-07,avg_pe_5y_history_too_short,0.0
XEL,2026-08-07,avg_pe_5y_history_too_short,0.0
XOM,2026-08-07,avg_pe_5y_history_too_short,0.0
XYL,2026-08-07,avg_pe_5y_history_too_short,0.0
XYZ,2026-08-07,avg_pe_5y_history_too_short,0.0
YUM,2026-08-07,avg_pe_5y_history_too_short,0.0
ZBH,2026-08-07,avg_pe_5y_history_too_short,0.0
ZBRA,2026-08-07,avg_pe_5y_history_too_short,0.0
ZTS,2026-08-07,avg_pe_5y_history_too_short,0.0
AXP,2026-08-07,avg_p_ppnr_5y,10.389127891460776
BAC,2026-08-07,avg_p_ppnr_5y,7.874998390936677
BNY,2026-08-07,avg_p_ppnr_5y,9.187491620036255
C,2026-08-07,avg_p_ppnr_5y,4.225298909071124
CFG,2026-08-07,avg_p_ppnr_5y,5.719505253484314
COF,2026-08-07,avg_p_ppnr_5y,2.7750828092821664
FITB,2026-08-07,avg_p_ppnr_5y,6.588393301923986
GS,2026-08-07,avg_p_ppnr_5y,7.451674561968587
HBAN,2026-08-07,avg_p_ppnr_5y,5.937478644573539
IBKR,2026-08-07,avg_p_ppnr_5y,4.164943136292278
JPM,2026-08-07,avg_p_ppnr_5y,7.395346380443277
KEY,2026-08-07,avg_p_ppnr_5y,6.09659555434597
MS,2026-08-07,avg_p_ppnr_5y,9.443637667090814
MTB,2026-08-07,avg_p_ppnr_5y,6.402912183012481
NTRS,2026-08-07,avg_p_ppnr_5y,9.356848703861719
PNC,2026-08-07,avg_p_ppnr_5y,7.911196531562542
RF,2026-08-07,avg_p_ppnr_5y,5.942816538104568
RJF,2026-08-07,avg_p_ppnr_5y,11.231457924654613
SOFI,2026-08-07,avg_p_ppnr_5y,45.09753709892797
STT,2026-08-07,avg_p_ppnr_5y,7.914340397096403
SYF,2026-08-07,avg_p_ppnr_5y,1.4021814195831288
TFC,2026-08-07,avg_p_ppnr_5y,7.920462359485705
USB,2026-08-07,avg_p_ppnr_5y,6.2700750106535414
WFC,2026-08-07,avg_p_ppnr_5y,7.4020835846816455
AXP,2026-08-07,avg_p_ppnr_5y_median,10.352619147543855
BAC,2026-08-07,avg_p_ppnr_5y_median,8.279817901717795
BNY,2026-08-07,avg_p_ppnr_5y_median,9.374901993425667
C,2026-08-07,avg_p_ppnr_5y_median,4.482558554744816
CFG,2026-08-07,avg_p_ppnr_5y_median,6.369135927288562
COF,2026-08-07,avg_p_ppnr_5y_median,2.9791515658489027
FITB,2026-08-07,avg_p_ppnr_5y_median,7.291495740581185
GS,2026-08-07,avg_p_ppnr_5y_median,9.233236336268106
HBAN,2026-08-07,avg_p_ppnr_5y_median,6.5679609869209505
IBKR,2026-08-07,avg_p_ppnr_5y_median,3.997120525505351
JPM,2026-08-07,avg_p_ppnr_5y_median,7.565157546289898
KEY,2026-08-07,avg_p_ppnr_5y_median,6.134707878463601
MS,2026-08-07,avg_p_ppnr_5y_median,10.094843769885664
MTB,2026-08-07,avg_p_ppnr_5y_median,6.962385362106818
NTRS,2026-08-07,avg_p_ppnr_5y_median,9.993453592356943
PNC,2026-08-07,avg_p_ppnr_5y_median,8.548555718093192
RF,2026-08-07,avg_p_ppnr_5y_median,6.265615424893728
RJF,2026-08-07,avg_p_ppnr_5y_median,11.133987148061244
SOFI,2026-08-07,avg_p_ppnr_5y_median,57.133796544840834
STT,2026-08-07,avg_p_ppnr_5y_median,8.34919667872731
SYF,2026-08-07,avg_p_ppnr_5y_median,1.3929535435509552
TFC,2026-08-07,avg_p_ppnr_5y_median,7.386671673430168
USB,2026-08-07,avg_p_ppnr_5y_median,6.5294536384081585
WFC,2026-08-07,avg_p_ppnr_5y_median,7.4927315859271495
AXP,2026-08-07,avg_p_ppnr_5y_diverges,0.0
BAC,2026-08-07,avg_p_ppnr_5y_diverges,0.0
BNY,2026-08-07,avg_p_ppnr_5y_diverges,0.0
C,2026-08-07,avg_p_ppnr_5y_diverges,0.0
CFG,2026-08-07,avg_p_ppnr_5y_diverges,0.0
COF,2026-08-07,avg_p_ppnr_5y_diverges,0.0
FITB,2026-08-07,avg_p_ppnr_5y_diverges,0.0
GS,2026-08-07,avg_p_ppnr_5y_diverges,0.0
HBAN,2026-08-07,avg_p_ppnr_5y_diverges,0.0
IBKR,2026-08-07,avg_p_ppnr_5y_diverges,0.0
JPM,2026-08-07,avg_p_ppnr_5y_diverges,0.0
KEY,2026-08-07,avg_p_ppnr_5y_diverges,0.0
MS,2026-08-07,avg_p_ppnr_5y_diverges,0.0
MTB,2026-08-07,avg_p_ppnr_5y_diverges,0.0
NTRS,2026-08-07,avg_p_ppnr_5y_diverges,0.0
PNC,2026-08-07,avg_p_ppnr_5y_diverges,0.0
RF,2026-08-07,avg_p_ppnr_5y_diverges,0.0
RJF,2026-08-07,avg_p_ppnr_5y_diverges,0.0
SOFI,2026-08-07,avg_p_ppnr_5y_diverges,1.0
STT,2026-08-07,avg_p_ppnr_5y_diverges,0.0
SYF,2026-08-07,avg_p_ppnr_5y_diverges,0.0
TFC,2026-08-07,avg_p_ppnr_5y_diverges,0.0
USB,2026-08-07,avg_p_ppnr_5y_diverges,0.0
WFC,2026-08-07,avg_p_ppnr_5y_diverges,0.0
AXP,2026-08-07,avg_p_ppnr_5y_history_too_short,0.0
BAC,2026-08-07,avg_p_ppnr_5y_history_too_short,0.0
BNY,2026-08-07,avg_p_ppnr_5y_history_too_short,0.0
C,2026-08-07,avg_p_ppnr_5y_history_too_short,0.0
CFG,2026-08-07,avg_p_ppnr_5y_history_too_short,0.0
COF,2026-08-07,avg_p_ppnr_5y_history_too_short,0.0
FITB,2026-08-07,avg_p_ppnr_5y_history_too_short,0.0
GS,2026-08-07,avg_p_ppnr_5y_history_too_short,0.0
HBAN,2026-08-07,avg_p_ppnr_5y_history_too_short,0.0
IBKR,2026-08-07,avg_p_ppnr_5y_history_too_short,0.0
JPM,2026-08-07,avg_p_ppnr_5y_history_too_short,0.0
KEY,2026-08-07,avg_p_ppnr_5y_history_too_short,0.0
MS,2026-08-07,avg_p_ppnr_5y_history_too_short,0.0
MTB,2026-08-07,avg_p_ppnr_5y_history_too_short,0.0
NTRS,2026-08-07,avg_p_ppnr_5y_history_too_short,0.0
PNC,2026-08-07,avg_p_ppnr_5y_history_too_short,0.0
RF,2026-08-07,avg_p_ppnr_5y_history_too_short,0.0
RJF,2026-08-07,avg_p_ppnr_5y_history_too_short,1.0
SOFI,2026-08-07,avg_p_ppnr_5y_history_too_short,1.0
STT,2026-08-07,avg_p_ppnr_5y_history_too_short,0.0
SYF,2026-08-07,avg_p_ppnr_5y_history_too_short,0.0
TFC,2026-08-07,avg_p_ppnr_5y_history_too_short,0.0
USB,2026-08-07,avg_p_ppnr_5y_history_too_short,0.0
WFC,2026-08-07,avg_p_ppnr_5y_history_too_short,0.0
AMT,2026-08-07,avg_p_ffo_5y,19.630987600443113
ARE,2026-08-07,avg_p_ffo_5y,15.569455526170367
AVB,2026-08-07,avg_p_ffo_5y,18.112535252680015
BXP,2026-08-07,avg_p_ffo_5y,8.34220803697316
CCI,2026-08-07,avg_p_ffo_5y,17.23133065442436
CPT,2026-08-07,avg_p_ffo_5y,12.08883386377509
DLR,2026-08-07,avg_p_ffo_5y,15.135009245592578
DOC,2026-08-07,avg_p_ffo_5y,10.75455795460189
EQIX,2026-08-07,avg_p_ffo_5y,25.67986657389586
EQR,2026-08-07,avg_p_ffo_5y,17.36309046217423
ESS,2026-08-07,avg_p_ffo_5y,16.356238965516187
EXR,2026-08-07,avg_p_ffo_5y,18.33209789835913
FRT,2026-08-07,avg_p_ffo_5y,11.984732634044835
HST,2026-08-07,avg_p_ffo_5y,7.7797349962194815
INVH,2026-08-07,avg_p_ffo_5y,19.04050380930986
IRM,2026-08-07,avg_p_ffo_5y,15.701396214971597
KIM,2026-08-07,avg_p_ffo_5y,9.338831720054683
MAA,2026-08-07,avg_p_ffo_5y,14.340943696897545
O,2026-08-07,avg_p_ffo_5y,14.928643182558774
PLD,2026-08-07,avg_p_ffo_5y,18.821382625486926
PSA,2026-08-07,avg_p_ffo_5y,13.794873805841773
REG,2026-08-07,avg_p_ffo_5y,15.206125541231653
SBAC,2026-08-07,avg_p_ffo_5y,21.2224785424268
SPG,2026-08-07,avg_p_ffo_5y,10.707496070771132
UDR,2026-08-07,avg_p_ffo_5y,16.251511006517266
VICI,2026-08-07,avg_p_ffo_5y,11.869393511246692
VTR,2026-08-07,avg_p_ffo_5y,15.90836019086792
WELL,2026-08-07,avg_p_ffo_5y,28.956613105068
WY,2026-08-07,avg_p_ffo_5y,12.984924781823516
AMT,2026-08-07,avg_p_ffo_5y_median,18.873847329923283
ARE,2026-08-07,avg_p_ffo_5y_median,15.214009139874035
AVB,2026-08-07,avg_p_ffo_5y_median,17.729230236578392
BXP,2026-08-07,avg_p_ffo_5y_median,8.832174634125344
CCI,2026-08-07,avg_p_ffo_5y_median,19.283886179371308
CPT,2026-08-07,avg_p_ffo_5y_median,12.090377297175117
DLR,2026-08-07,avg_p_ffo_5y_median,15.602668381093672
DOC,2026-08-07,avg_p_ffo_5y_median,10.830577990041835
EQIX,2026-08-07,avg_p_ffo_5y_median,25.961487578788997
EQR,2026-08-07,avg_p_ffo_5y_median,17.066583635596587
ESS,2026-08-07,avg_p_ffo_5y_median,16.05678546133952
EXR,2026-08-07,avg_p_ffo_5y_median,17.747399514871724
FRT,2026-08-07,avg_p_ffo_5y_median,11.965570165658225
HST,2026-08-07,avg_p_ffo_5y_median,7.326994347311378
INVH,2026-08-07,avg_p_ffo_5y_median,19.481438403274197
IRM,2026-08-07,avg_p_ffo_5y_median,20.311188168923575
KIM,2026-08-07,avg_p_ffo_5y_median,11.993165286774895
MAA,2026-08-07,avg_p_ffo_5y_median,13.887373020984686
O,2026-08-07,avg_p_ffo_5y_median,15.157934138773502
PLD,2026-08-07,avg_p_ffo_5y_median,19.838342330883645
PSA,2026-08-07,avg_p_ffo_5y_median,15.463230091544045
REG,2026-08-07,avg_p_ffo_5y_median,15.730299622174645
SBAC,2026-08-07,avg_p_ffo_5y_median,21.543903667636812
SPG,2026-08-07,avg_p_ffo_5y_median,10.841003231588532
UDR,2026-08-07,avg_p_ffo_5y_median,15.787036985492808
VICI,2026-08-07,avg_p_ffo_5y_median,11.145068893338244
VTR,2026-08-07,avg_p_ffo_5y_median,15.11492412901949
WELL,2026-08-07,avg_p_ffo_5y_median,29.8375730948135
WY,2026-08-07,avg_p_ffo_5y_median,17.95421787610133
AMT,2026-08-07,avg_p_ffo_5y_diverges,0.0
ARE,2026-08-07,avg_p_ffo_5y_diverges,0.0
AVB,2026-08-07,avg_p_ffo_5y_diverges,0.0
BXP,2026-08-07,avg_p_ffo_5y_diverges,0.0
CCI,2026-08-07,avg_p_ffo_5y_diverges,0.0
CPT,2026-08-07,avg_p_ffo_5y_diverges,0.0
DLR,2026-08-07,avg_p_ffo_5y_diverges,0.0
DOC,2026-08-07,avg_p_ffo_5y_diverges,0.0
EQIX,2026-08-07,avg_p_ffo_5y_diverges,0.0
EQR,2026-08-07,avg_p_ffo_5y_diverges,0.0
ESS,2026-08-07,avg_p_ffo_5y_diverges,0.0
EXR,2026-08-07,avg_p_ffo_5y_diverges,0.0
FRT,2026-08-07,avg_p_ffo_5y_diverges,0.0
HST,2026-08-07,avg_p_ffo_5y_diverges,0.0
INVH,2026-08-07,avg_p_ffo_5y_diverges,0.0
IRM,2026-08-07,avg_p_ffo_5y_diverges,1.0
KIM,2026-08-07,avg_p_ffo_5y_diverges,1.0
MAA,2026-08-07,avg_p_ffo_5y_diverges,0.0
O,2026-08-07,avg_p_ffo_5y_diverges,0.0
PLD,2026-08-07,avg_p_ffo_5y_diverges,0.0
PSA,2026-08-07,avg_p_ffo_5y_diverges,0.0
REG,2026-08-07,avg_p_ffo_5y_diverges,0.0
SBAC,2026-08-07,avg_p_ffo_5y_diverges,0.0
SPG,2026-08-07,avg_p_ffo_5y_diverges,0.0
UDR,2026-08-07,avg_p_ffo_5y_diverges,0.0
VICI,2026-08-07,avg_p_ffo_5y_diverges,0.0
VTR,2026-08-07,avg_p_ffo_5y_diverges,0.0
WELL,2026-08-07,avg_p_ffo_5y_diverges,0.0
WY,2026-08-07,avg_p_ffo_5y_diverges,1.0
AMT,2026-08-07,avg_p_ffo_5y_history_too_short,0.0
ARE,2026-08-07,avg_p_ffo_5y_history_too_short,0.0
AVB,2026-08-07,avg_p_ffo_5y_history_too_short,0.0
BXP,2026-08-07,avg_p_ffo_5y_history_too_short,0.0
CCI,2026-08-07,avg_p_ffo_5y_history_too_short,0.0
CPT,2026-08-07,avg_p_ffo_5y_history_too_short,0.0
DLR,2026-08-07,avg_p_ffo_5y_history_too_short,0.0
DOC,2026-08-07,avg_p_ffo_5y_history_too_short,0.0
EQIX,2026-08-07,avg_p_ffo_5y_history_too_short,0.0
EQR,2026-08-07,avg_p_ffo_5y_history_too_short,0.0
ESS,2026-08-07,avg_p_ffo_5y_history_too_short,0.0
EXR,2026-08-07,avg_p_ffo_5y_history_too_short,0.0
FRT,2026-08-07,avg_p_ffo_5y_history_too_short,0.0
HST,2026-08-07,avg_p_ffo_5y_history_too_short,0.0
INVH,2026-08-07,avg_p_ffo_5y_history_too_short,0.0
IRM,2026-08-07,avg_p_ffo_5y_history_too_short,0.0
KIM,2026-08-07,avg_p_ffo_5y_history_too_short,0.0
MAA,2026-08-07,avg_p_ffo_5y_history_too_short,0.0
O,2026-08-07,avg_p_ffo_5y_history_too_short,0.0
PLD,2026-08-07,avg_p_ffo_5y_history_too_short,0.0
PSA,2026-08-07,avg_p_ffo_5y_history_too_short,0.0
REG,2026-08-07,avg_p_ffo_5y_history_too_short,1.0
SBAC,2026-08-07,avg_p_ffo_5y_history_too_short,0.0
SPG,2026-08-07,avg_p_ffo_5y_history_too_short,0.0
UDR,2026-08-07,avg_p_ffo_5y_history_too_short,0.0
VICI,2026-08-07,avg_p_ffo_5y_history_too_short,0.0
VTR,2026-08-07,avg_p_ffo_5y_history_too_short,0.0
WELL,2026-08-07,avg_p_ffo_5y_history_too_short,0.0
WY,2026-08-07,avg_p_ffo_5y_history_too_short,0.0
AFL,2026-08-07,avg_p_core_earnings_5y,10.424831657695144
AIG,2026-08-07,avg_p_core_earnings_5y,6.343397963193655
AIZ,2026-08-07,avg_p_core_earnings_5y,6.969665044875166
ALL,2026-08-07,avg_p_core_earnings_5y,10.04484898802328
CB,2026-08-07,avg_p_core_earnings_5y,11.253865013185704
CINF,2026-08-07,avg_p_core_earnings_5y,19.537758031468396
EG,2026-08-07,avg_p_core_earnings_5y,12.089477084850891
GL,2026-08-07,avg_p_core_earnings_5y,9.872336292442089
HIG,2026-08-07,avg_p_core_earnings_5y,9.685164021348555
MET,2026-08-07,avg_p_core_earnings_5y,12.012885459363
PFG,2026-08-07,avg_p_core_earnings_5y,7.761470620230743
PGR,2026-08-07,avg_p_core_earnings_5y,19.323424681479157
PRU,2026-08-07,avg_p_core_earnings_5y,5.655926201681005
TRV,2026-08-07,avg_p_core_earnings_5y,11.42066766370658
WRB,2026-08-07,avg_p_core_earnings_5y,18.69585785857573
AFL,2026-08-07,avg_p_core_earnings_5y_median,10.056974349551885
AIG,2026-08-07,avg_p_core_earnings_5y_median,9.275259617887436
AIZ,2026-08-07,avg_p_core_earnings_5y_median,6.969665044875166
ALL,2026-08-07,avg_p_core_earnings_5y_median,11.698150857152745
CB,2026-08-07,avg_p_core_earnings_5y_median,11.068284976325739
CINF,2026-08-07,avg_p_core_earnings_5y_median,23.22603877419396
EG,2026-08-07,avg_p_core_earnings_5y_median,12.854461729033254
GL,2026-08-07,avg_p_core_earnings_5y_median,9.984964237935845
HIG,2026-08-07,avg_p_core_earnings_5y_median,9.6691727440389
MET,2026-08-07,avg_p_core_earnings_5y_median,12.851132772336516
PFG,2026-08-07,avg_p_core_earnings_5y_median,10.607973388870919
PGR,2026-08-07,avg_p_core_earnings_5y_median,21.089160996757297
PRU,2026-08-07,avg_p_core_earnings_5y_median,5.470797355168658
TRV,2026-08-07,avg_p_core_earnings_5y_median,11.099440101144006
WRB,2026-08-07,avg_p_core_earnings_5y_median,18.69585785857573
AFL,2026-08-07,avg_p_core_earnings_5y_diverges,0.0
AIG,2026-08-07,avg_p_core_earnings_5y_diverges,1.0
AIZ,2026-08-07,avg_p_core_earnings_5y_diverges,0.0
ALL,2026-08-07,avg_p_core_earnings_5y_diverges,0.0
CB,2026-08-07,avg_p_core_earnings_5y_diverges,0.0
CINF,2026-08-07,avg_p_core_earnings_5y_diverges,0.0
EG,2026-08-07,avg_p_core_earnings_5y_diverges,0.0
GL,2026-08-07,avg_p_core_earnings_5y_diverges,0.0
HIG,2026-08-07,avg_p_core_earnings_5y_diverges,0.0
MET,2026-08-07,avg_p_core_earnings_5y_diverges,0.0
PFG,2026-08-07,avg_p_core_earnings_5y_diverges,1.0
PGR,2026-08-07,avg_p_core_earnings_5y_diverges,0.0
PRU,2026-08-07,avg_p_core_earnings_5y_diverges,0.0
TRV,2026-08-07,avg_p_core_earnings_5y_diverges,0.0
WRB,2026-08-07,avg_p_core_earnings_5y_diverges,0.0
AFL,2026-08-07,avg_p_core_earnings_5y_history_too_short,0.0
AIG,2026-08-07,avg_p_core_earnings_5y_history_too_short,0.0
AIZ,2026-08-07,avg_p_core_earnings_5y_history_too_short,1.0
ALL,2026-08-07,avg_p_core_earnings_5y_history_too_short,0.0
CB,2026-08-07,avg_p_core_earnings_5y_history_too_short,0.0
CINF,2026-08-07,avg_p_core_earnings_5y_history_too_short,1.0
EG,2026-08-07,avg_p_core_earnings_5y_history_too_short,1.0
GL,2026-08-07,avg_p_core_earnings_5y_history_too_short,0.0
HIG,2026-08-07,avg_p_core_earnings_5y_history_too_short,0.0
MET,2026-08-07,avg_p_core_earnings_5y_history_too_short,0.0
PFG,2026-08-07,avg_p_core_earnings_5y_history_too_short,0.0
PGR,2026-08-07,avg_p_core_earnings_5y_history_too_short,0.0
PRU,2026-08-07,avg_p_core_earnings_5y_history_too_short,0.0
TRV,2026-08-07,avg_p_core_earnings_5y_history_too_short,0.0
WRB,2026-08-07,avg_p_core_earnings_5y_history_too_short,1.0
A,2026-08-07,avg_pfcf_5y,30.38849896806524
AAPL,2026-08-07,avg_pfcf_5y,28.047537625514835
ABBV,2026-08-07,avg_pfcf_5y,12.751213421718257
ABNB,2026-08-07,avg_pfcf_5y,25.423224810466458
ABT,2026-08-07,avg_pfcf_5y,27.029256749684357
ACN,2026-08-07,avg_pfcf_5y,18.626361336247662
ADBE,2026-08-07,avg_pfcf_5y,22.706730630513658
ADI,2026-08-07,avg_pfcf_5y,26.477872470421374
ADM,2026-08-07,avg_pfcf_5y,10.391043433677137
ADP,2026-08-07,avg_pfcf_5y,24.21735125118113
ADSK,2026-08-07,avg_pfcf_5y,29.96928609039856
AJG,2026-08-07,avg_pfcf_5y,16.55359598240589
AKAM,2026-08-07,avg_pfcf_5y,14.413661509074053
ALB,2026-08-07,avg_pfcf_5y,28.254987109262526
ALGN,2026-08-07,avg_pfcf_5y,32.607797374661544
ALLE,2026-08-07,avg_pfcf_5y,20.94258417296856
AMAT,2026-08-07,avg_pfcf_5y,21.746054143103
AMCR,2026-08-07,avg_pfcf_5y,16.627127887203898
AMD,2026-08-07,avg_pfcf_5y,63.70919938190482
AME,2026-08-07,avg_pfcf_5y,26.413786484484316
AMGN,2026-08-07,avg_pfcf_5y,15.606372227922668
AMP,2026-08-07,avg_pfcf_5y,7.486181678020482
AMZN,2026-08-07,avg_pfcf_5y,77.97877426619566
ANET,2026-08-07,avg_pfcf_5y,18.968905534898994
AON,2026-08-07,avg_pfcf_5y,24.10418946838815
AOS,2026-08-07,avg_pfcf_5y,19.135333632501073
APD,2026-08-07,avg_pfcf_5y,102.58631806580183
APH,2026-08-07,avg_pfcf_5y,33.48803427401309
APP,2026-08-07,avg_pfcf_5y,17.858647565533406
APTV,2026-08-07,avg_pfcf_5y,17.8755624768259
AVGO,2026-08-07,avg_pfcf_5y,22.7704350046756
AVY,2026-08-07,avg_pfcf_5y,20.52365577106195
AXON,2026-08-07,avg_pfcf_5y,160.4784897072834
AZO,2026-08-07,avg_pfcf_5y,21.992986323630067
BA,2026-08-07,avg_pfcf_5y,30.038281732675745
BALL,2026-08-07,avg_pfcf_5y,38.51585597217184
BAX,2026-08-07,avg_pfcf_5y,30.376333196758093
BBY,2026-08-07,avg_pfcf_5y,11.503728174696729
BDX,2026-08-07,avg_pfcf_5y,21.47375050371702
BEN,2026-08-07,avg_pfcf_5y,9.549173206108875
BF-B,2026-08-07,avg_pfcf_5y,34.65273558098161
BG,2026-08-07,avg_pfcf_5y,9.41076079342949
BIIB,2026-08-07,avg_pfcf_5y,14.678826203351063
BKNG,2026-08-07,avg_pfcf_5y,17.403500452724376
BKR,2026-08-07,avg_pfcf_5y,16.097023134156476
BLDR,2026-08-07,avg_pfcf_5y,8.486689306468476
BLK,2026-08-07,avg_pfcf_5y,41.18820966960826
BMY,2026-08-07,avg_pfcf_5y,8.173707618483215
BR,2026-08-07,avg_pfcf_5y,24.890921475447954
BRO,2026-08-07,avg_pfcf_5y,21.7818561732374
BSX,2026-08-07,avg_pfcf_5y,46.061555457531355
CAG,2026-08-07,avg_pfcf_5y,10.681177012746792
CAH,2026-08-07,avg_pfcf_5y,8.505495191438502
CARR,2026-08-07,avg_pfcf_5y,28.086577535378872
CASY,2026-08-07,avg_pfcf_5y,25.310748980146986
CAT,2026-08-07,avg_pfcf_5y,17.938189530950314
CBOE,2026-08-07,avg_pfcf_5y,16.391325853909358
CBRE,2026-08-07,avg_pfcf_5y,27.296768446284993
CCL,2026-08-07,avg_pfcf_5y,14.976049409583563
CDNS,2026-08-07,avg_pfcf_5y,52.505546683829586
CDW,2026-08-07,avg_pfcf_5y,20.951869813922926
CE,2026-08-07,avg_pfcf_5y,9.634262867754321
CF,2026-08-07,avg_pfcf_5y,6.474756343371783
CHD,2026-08-07,avg_pfcf_5y,26.788977160541126
CHRW,2026-08-07,avg_pfcf_5y,15.871379104709419
CHTR,2026-08-07,avg_pfcf_5y,10.34976575240336
CI,2026-08-07,avg_pfcf_5y,8.327707036487011
CIEN,2026-08-07,avg_pfcf_5y,28.632830268139084
CL,2026-08-07,avg_pfcf_5y,21.912124715622994
CLX,2026-08-07,avg_pfcf_5y,23.31383892515545
CMCSA,2026-08-07,avg_pfcf_5y,7.24599093249309
CME,2026-08-07,avg_pfcf_5y,21.688777564623315
CMG,2026-08-07,avg_pfcf_5y,45.663775404083104
CMI,2026-08-07,avg_pfcf_5y,23.29388347103874
CNC,2026-08-07,avg_pfcf_5y,6.733832188596262
COHR,2026-08-07,avg_pfcf_5y,32.09530271466393
COIN,2026-08-07,avg_pfcf_5y,14.181707999512923
COO,2026-08-07,avg_pfcf_5y,43.700805384156844
COP,2026-08-07,avg_pfcf_5y,8.077556676727212
COR,2026-08-07,avg_pfcf_5y,14.544360007392733
COST,2026-08-07,avg_pfcf_5y,46.6625759694709
CPAY,2026-08-07,avg_pfcf_5y,15.090236080334426
CPB,2026-08-07,avg_pfcf_5y,14.174012667593368
CPRT,2026-08-07,avg_pfcf_5y,41.975747503757106
CRH,2026-08-07,avg_pfcf_5y,22.637832082854473
CRL,2026-08-07,avg_pfcf_5y,24.302346231123593
CRM,2026-08-07,avg_pfcf_5y,23.66587795596735
CRWD,2026-08-07,avg_pfcf_5y,17.03333990321992
CSCO,2026-08-07,avg_pfcf_5y,15.095552419074567
CSGP,2026-08-07,avg_pfcf_5y,89.0466823173737
CSX,2026-08-07,avg_pfcf_5y,22.616086578567998
CTAS,2026-08-07,avg_pfcf_5y,38.870345743293
CTSH,2026-08-07,avg_pfcf_5y,15.647637941751764
CTVA,2026-08-07,avg_pfcf_5y,23.769094412758992
CVS,2026-08-07,avg_pfcf_5y,8.580046395314527
CVX,2026-08-07,avg_pfcf_5y,11.73530668195909
DAL,2026-08-07,avg_pfcf_5y,17.907927235796528
DASH,2026-08-07,avg_pfcf_5y,42.02878497684796
DD,2026-08-07,avg_pfcf_5y,15.65177523826306
DDOG,2026-08-07,avg_pfcf_5y,65.01823231743009
DE,2026-08-07,avg_pfcf_5y,18.794401352562666
DECK,2026-08-07,avg_pfcf_5y,22.75325106436067
DELL,2026-08-07,avg_pfcf_5y,9.840543156548238
DG,2026-08-07,avg_pfcf_5y,20.365077026096593
DGX,2026-08-07,avg_pfcf_5y,13.91873992587547
DHI,2026-08-07,avg_pfcf_5y,16.836486399974973
DHR,2026-08-07,avg_pfcf_5y,28.399871727130808
DIS,2026-08-07,avg_pfcf_5y,32.83326800318151
DLTR,2026-08-07,avg_pfcf_5y,32.157912336217116
DOV,2026-08-07,avg_pfcf_5y,24.33503824881409
DOW,2026-08-07,avg_pfcf_5y,9.920079108400046
DPZ,2026-08-07,avg_pfcf_5y,26.276635258816142
DRI,2026-08-07,avg_pfcf_5y,18.123745835505908
DVA,2026-08-07,avg_pfcf_5y,7.968945362263763
DVN,2026-08-07,avg_pfcf_5y,7.37170433744681
DXCM,2026-08-07,avg_pfcf_5y,56.33135779854282
EA,2026-08-07,avg_pfcf_5y,20.8375574265739
EBAY,2026-08-07,avg_pfcf_5y,14.038710736391828
ECL,2026-08-07,avg_pfcf_5y,38.75647663371167
EFX,2026-08-07,avg_pfcf_5y,39.609938839511145
EL,2026-08-07,avg_pfcf_5y,38.30770370138835
ELV,2026-08-07,avg_pfcf_5y,15.469202353846205
EME,2026-08-07,avg_pfcf_5y,17.672507907343274
EMR,2026-08-07,avg_pfcf_5y,22.042894896304393
EOG,2026-08-07,avg_pfcf_5y,10.461098915190266
EQT,2026-08-07,avg_pfcf_5y,9.716821135528896
ERIE,2026-08-07,avg_pfcf_5y,32.01258741130872
ETN,2026-08-07,avg_pfcf_5y,35.76801957112457
EW,2026-08-07,avg_pfcf_5y,58.63432638966781
EXE,2026-08-07,avg_pfcf_5y,9.93481062354029
EXPD,2026-08-07,avg_pfcf_5y,15.380350418017521
EXPE,2026-08-07,avg_pfcf_5y,7.748817120074111
F,2026-08-07,avg_pfcf_5y,5.69031710070345
FANG,2026-08-07,avg_pfcf_5y,7.297533134285891
FAST,2026-08-07,avg_pfcf_5y,38.2952689007664
FCX,2026-08-07,avg_pfcf_5y,23.803862259845513
FDS,2026-08-07,avg_pfcf_5y,23.855947140902234
FDX,2026-08-07,avg_pfcf_5y,15.108947264874013
FFIV,2026-08-07,avg_pfcf_5y,18.622521141968477
FICO,2026-08-07,avg_pfcf_5y,38.7446953989403
FIS,2026-08-07,avg_pfcf_5y,12.955768209551444
FISV,2026-08-07,avg_pfcf_5y,16.940136313094985
FIX,2026-08-07,avg_pfcf_5y,19.904068875781384
FLEX,2026-08-07,avg_pfcf_5y,17.000828692682653
FOX,2026-08-07,avg_pfcf_5y,10.429449444697076
FOXA,2026-08-07,avg_pfcf_5y,11.32979315644497
FSLR,2026-08-07,avg_pfcf_5y,19.4414515669084
FTNT,2026-08-07,avg_pfcf_5y,32.68012618890675
FTV,2026-08-07,avg_pfcf_5y,15.926658789447849
GD,2026-08-07,avg_pfcf_5y,17.401103000176118
GDDY,2026-08-07,avg_pfcf_5y,12.509601438880203
GE,2026-08-07,avg_pfcf_5y,30.952343246681775
GEN,2026-08-07,avg_pfcf_5y,11.371328758328108
GEV,2026-08-07,avg_pfcf_5y,36.00245632283499
GILD,2026-08-07,avg_pfcf_5y,10.446712005163784
GIS,2026-08-07,avg_pfcf_5y,13.79567459722617
GLW,2026-08-07,avg_pfcf_5y,53.98569368848613
GM,2026-08-07,avg_pfcf_5y,5.375509567848132
GNRC,2026-08-07,avg_pfcf_5y,26.576481823800446
GOOG,2026-08-07,avg_pfcf_5y,28.39926065662683
GOOGL,2026-08-07,avg_pfcf_5y,28.258576782937393
GPC,2026-08-07,avg_pfcf_5y,21.924567566749968
GPN,2026-08-07,avg_pfcf_5y,13.008563109286598
GRMN,2026-08-07,avg_pfcf_5y,28.15558750484851
GWW,2026-08-07,avg_pfcf_5y,30.009369212787234
HAL,2026-08-07,avg_pfcf_5y,14.698796552336812
HAS,2026-08-07,avg_pfcf_5y,14.565256122331496
HCA,2026-08-07,avg_pfcf_5y,15.668594214825495
HD,2026-08-07,avg_pfcf_5y,22.69881758112488
HII,2026-08-07,avg_pfcf_5y,18.71618319848189
HLT,2026-08-07,avg_pfcf_5y,29.903616507566877
HON,2026-08-07,avg_pfcf_5y,25.062099504292256
HPE,2026-08-07,avg_pfcf_5y,12.239401993792473
HPQ,2026-08-07,avg_pfcf_5y,7.445902551814104
HRL,2026-08-07,avg_pfcf_5y,21.939458471449807
HSIC,2026-08-07,avg_pfcf_5y,18.053892375851497
HSY,2026-08-07,avg_pfcf_5y,20.891894037583064
HUBB,2026-08-07,avg_pfcf_5y,25.2694926838466
HUM,2026-08-07,avg_pfcf_5y,13.801229351080378
HWM,2026-08-07,avg_pfcf_5y,42.79309072276141
IBM,2026-08-07,avg_pfcf_5y,13.013899704674122
ICE,2026-08-07,avg_pfcf_5y,19.39463123347229
IDXX,2026-08-07,avg_pfcf_5y,56.419569749217736
IEX,2026-08-07,avg_pfcf_5y,26.241199524627692
IFF,2026-08-07,avg_pfcf_5y,34.688555820351915
INCY,2026-08-07,avg_pfcf_5y,26.396201316288458
INTC,2026-08-07,avg_pfcf_5y,19.047250270316127
INTU,2026-08-07,avg_pfcf_5y,13.236644897960815
IP,2026-08-07,avg_pfcf_5y,11.088377122766767
IQV,2026-08-07,avg_pfcf_5y,20.38383083636882
IR,2026-08-07,avg_pfcf_5y,28.564759972835628
ISRG,2026-08-07,avg_pfcf_5y,87.87629503149297
ITW,2026-08-07,avg_pfcf_5y,26.627650843489434
IVZ,2026-08-07,avg_pfcf_5y,7.722857259078984
J,2026-08-07,avg_pfcf_5y,21.944905403057046
JBHT,2026-08-07,avg_pfcf_5y,37.994639632157494
JBL,2026-08-07,avg_pfcf_5y,19.91909974237702
JCI,2026-08-07,avg_pfcf_5y,33.87905454556303
JKHY,2026-08-07,avg_pfcf_5y,24.96930263038509
JNJ,2026-08-07,avg_pfcf_5y,21.186658427921707
KDP,2026-08-07,avg_pfcf_5y,23.93629057316791
KEYS,2026-08-07,avg_pfcf_5y,26.133734763151917
KHC,2026-08-07,avg_pfcf_5y,10.543669957843933
KLAC,2026-08-07,avg_pfcf_5y,24.251648988388872
KMB,2026-08-07,avg_pfcf_5y,18.150409616590576
KMI,2026-08-07,avg_pfcf_5y,11.12537696804861
KO,2026-08-07,avg_pfcf_5y,26.58317239918405
KVUE,2026-08-07,avg_pfcf_5y,19.28779271589825
LDOS,2026-08-07,avg_pfcf_5y,14.126845193506457
LEN,2026-08-07,avg_pfcf_5y,10.252451587372585
LH,2026-08-07,avg_pfcf_5y,14.234473769320115
LHX,2026-08-07,avg_pfcf_5y,21.17525054293084
LII,2026-08-07,avg_pfcf_5y,29.539782451018432
LIN,2026-08-07,avg_pfcf_5y,32.67496030691288
LITE,2026-08-07,avg_pfcf_5y,17.375397479794408
LLY,2026-08-07,avg_pfcf_5y,112.453578207955
LMT,2026-08-07,avg_pfcf_5y,16.943069578542794
LOW,2026-08-07,avg_pfcf_5y,18.26193477078092
LRCX,2026-08-07,avg_pfcf_5y,22.931122938731935
LULU,2026-08-07,avg_pfcf_5y,32.730114325888074
LUV,2026-08-07,avg_pfcf_5y,18.93057724649945
LVS,2026-08-07,avg_pfcf_5y,20.03277839773899
LYB,2026-08-07,avg_pfcf_5y,7.593844297861965
LYV,2026-08-07,avg_pfcf_5y,19.291873696402416
MA,2026-08-07,avg_pfcf_5y,32.068639739330365
MAR,2026-08-07,avg_pfcf_5y,29.07918249247854
MAS,2026-08-07,avg_pfcf_5y,15.254274793575725
MCD,2026-08-07,avg_pfcf_5y,28.183356817389857
MCHP,2026-08-07,avg_pfcf_5y,19.46305015735592
MCK,2026-08-07,avg_pfcf_5y,12.930771362186237
MCO,2026-08-07,avg_pfcf_5y,34.974537518497144
MDLZ,2026-08-07,avg_pfcf_5y,25.105480275075536
MDT,2026-08-07,avg_pfcf_5y,21.385806258355377
META,2026-08-07,avg_pfcf_5y,23.631447304847878
MGM,2026-08-07,avg_pfcf_5y,9.692192978496387
MKC,2026-08-07,avg_pfcf_5y,38.94077579732794
MLM,2026-08-07,avg_pfcf_5y,39.78082609965747
MMM,2026-08-07,avg_pfcf_5y,14.714955342718556
MNST,2026-08-07,avg_pfcf_5y,41.236476297656075
MO,2026-08-07,avg_pfcf_5y,8.408368951769788
MOS,2026-08-07,avg_pfcf_5y,11.012604768091935
MPC,2026-08-07,avg_pfcf_5y,5.632224837883318
MPWR,2026-08-07,avg_pfcf_5y,66.07230563899883
MRK,2026-08-07,avg_pfcf_5y,18.29627256781617
MRSH,2026-08-07,avg_pfcf_5y,23.779956852334386
MRVL,2026-08-07,avg_pfcf_5y,49.37320726764531
MSCI,2026-08-07,avg_pfcf_5y,32.79448707725269
MSFT,2026-08-07,avg_pfcf_5y,38.46063777712348
MSI,2026-08-07,avg_pfcf_5y,29.420705231025714
MTD,2026-08-07,avg_pfcf_5y,33.99723689993032
MU,2026-08-07,avg_pfcf_5y,39.9368953715695
NCLH,2026-08-07,avg_pfcf_5y,21.934672612246953
NDAQ,2026-08-07,avg_pfcf_5y,21.655919359925335
NDSN,2026-08-07,avg_pfcf_5y,24.08602863762387
NEM,2026-08-07,avg_pfcf_5y,17.975036074168628
NFLX,2026-08-07,avg_pfcf_5y,50.70431120071316
NKE,2026-08-07,avg_pfcf_5y,31.26012480752897
NOC,2026-08-07,avg_pfcf_5y,33.82956969943129
NOW,2026-08-07,avg_pfcf_5y,44.71434980313395
NSC,2026-08-07,avg_pfcf_5y,29.111602575930192
NTAP,2026-08-07,avg_pfcf_5y,14.460879382358252
NUE,2026-08-07,avg_pfcf_5y,7.630523424653689
NVDA,2026-08-07,avg_pfcf_5y,53.70554307211118
NWS,2026-08-07,avg_pfcf_5y,22.725623338836638
NWSA,2026-08-07,avg_pfcf_5y,21.16967921764566
NXPI,2026-08-07,avg_pfcf_5y,20.075097475029335
ODFL,2026-08-07,avg_pfcf_5y,42.29302032749243
OKE,2026-08-07,avg_pfcf_5y,14.227259532384307
OMC,2026-08-07,avg_pfcf_5y,10.422988360061236
ON,2026-08-07,avg_pfcf_5y,21.56964290555888
ORCL,2026-08-07,avg_pfcf_5y,32.03279766233455
ORLY,2026-08-07,avg_pfcf_5y,25.038561308481043
OTIS,2026-08-07,avg_pfcf_5y,23.311842090385746
OXY,2026-08-07,avg_pfcf_5y,7.014443226884392
PANW,2026-08-07,avg_pfcf_5y,32.22337565907984
PAYX,2026-08-07,avg_pfcf_5y,23.609125192296318
PCAR,2026-08-07,avg_pfcf_5y,13.925753110044699
PEP,2026-08-07,avg_pfcf_5y,29.13210501846861
PFE,2026-08-07,avg_pfcf_5y,11.794794858131006
PG,2026-08-07,avg_pfcf_5y,24.108234747301793
PH,2026-08-07,avg_pfcf_5y,20.194430094721895
PKG,2026-08-07,avg_pfcf_5y,21.315949190129334
PLTR,2026-08-07,avg_pfcf_5y,100.73722994595069
PM,2026-08-07,avg_pfcf_5y,15.655517378700297
PNR,2026-08-07,avg_pfcf_5y,21.544343582666784
PODD,2026-08-07,avg_pfcf_5y,73.77953612322813
POOL,2026-08-07,avg_pfcf_5y,25.29318820200015
PPG,2026-08-07,avg_pfcf_5y,26.328242240962346
PTC,2026-08-07,avg_pfcf_5y,27.49239615653279
PWR,2026-08-07,avg_pfcf_5y,38.33697253082431
PYPL,2026-08-07,avg_pfcf_5y,15.318669929671856
Q,2026-08-07,avg_pfcf_5y,25.251958606169335
QCOM,2026-08-07,avg_pfcf_5y,15.897039099006319
RCL,2026-08-07,avg_pfcf_5y,27.053462241022036
RDDT,2026-08-07,avg_pfcf_5y,50.114241667411434
REGN,2026-08-07,avg_pfcf_5y,17.149025080667442
RL,2026-08-07,avg_pfcf_5y,16.862120892182972
RMD,2026-08-07,avg_pfcf_5y,33.67044011105365
ROK,2026-08-07,avg_pfcf_5y,35.026956744013575
ROL,2026-08-07,avg_pfcf_5y,41.4190651352798
ROP,2026-08-07,avg_pfcf_5y,25.626878713109804
ROST,2026-08-07,avg_pfcf_5y,26.764554942833573
RSG,2026-08-07,avg_pfcf_5y,26.840195343651406
RTX,2026-08-07,avg_pfcf_5y,26.917247475396707
RVTY,2026-08-07,avg_pfcf_5y,24.235692809916994
SBUX,2026-08-07,avg_pfcf_5y,28.924492399655627
SHW,2026-08-07,avg_pfcf_5y,36.08980941071511
SJM,2026-08-07,avg_pfcf_5y,15.486331767945234
SLB,2026-08-07,avg_pfcf_5y,14.98858748817156
SMCI,2026-08-07,avg_pfcf_5y,26.69396284815271
SNDK,2026-08-07,avg_pfcf_5y,29.642472763931863
SNPS,2026-08-07,avg_pfcf_5y,43.30796719186582
SOLV,2026-08-07,avg_pfcf_5y,13.905860330666014
SPGI,2026-08-07,avg_pfcf_5y,28.185284427533333
STE,2026-08-07,avg_pfcf_5y,35.694848390172744
STLD,2026-08-07,avg_pfcf_5y,9.71821743696246
STX,2026-08-07,avg_pfcf_5y,21.11314156002233
STZ,2026-08-07,avg_pfcf_5y,19.25784001521291
SW,2026-08-07,avg_pfcf_5y,26.10029653326398
SWK,2026-08-07,avg_pfcf_5y,17.08467900522278
SWKS,2026-08-07,avg_pfcf_5y,11.168957535813957
SYK,2026-08-07,avg_pfcf_5y,37.243643037608706
SYY,2026-08-07,avg_pfcf_5y,22.045285472225476
T,2026-08-07,avg_pfcf_5y,6.3220109148835295
TAP,2026-08-07,avg_pfcf_5y,9.5865428546279
TDG,2026-08-07,avg_pfcf_5y,37.192780900503614
TDY,2026-08-07,avg_pfcf_5y,27.12687331003705
TECH,2026-08-07,avg_pfcf_5y,46.900536137401375
TEL,2026-08-07,avg_pfcf_5y,18.52212367852761
TER,2026-08-07,avg_pfcf_5y,34.28819597285259
TGT,2026-08-07,avg_pfcf_5y,17.761633982981575
TJX,2026-08-07,avg_pfcf_5y,31.195335076474745
TMO,2026-08-07,avg_pfcf_5y,30.218613112607716
TMUS,2026-08-07,avg_pfcf_5y,23.062849853892956
TPL,2026-08-07,avg_pfcf_5y,32.59218117449309
TPR,2026-08-07,avg_pfcf_5y,10.723938446501124
TRGP,2026-08-07,avg_pfcf_5y,21.862726175072954
TRMB,2026-08-07,avg_pfcf_5y,32.00984623234019
TROW,2026-08-07,avg_pfcf_5y,13.383698367599658
TSCO,2026-08-07,avg_pfcf_5y,41.84972791766378
TSLA,2026-08-07,avg_pfcf_5y,170.71246100235527
TSN,2026-08-07,avg_pfcf_5y,13.308282559789205
TT,2026-08-07,avg_pfcf_5y,28.996737031943372
TTD,2026-08-07,avg_pfcf_5y,40.772644114093175
TTWO,2026-08-07,avg_pfcf_5y,41.01740098713415
TXN,2026-08-07,avg_pfcf_5y,43.75458887738828
TXT,2026-08-07,avg_pfcf_5y,16.884322749838326
TYL,2026-08-07,avg_pfcf_5y,39.60484762128381
UAL,2026-08-07,avg_pfcf_5y,9.39893903473068
UBER,2026-08-07,avg_pfcf_5y,28.759055112210067
UHS,2026-08-07,avg_pfcf_5y,19.068859794294994
ULTA,2026-08-07,avg_pfcf_5y,21.3826852617491
UNH,2026-08-07,avg_pfcf_5y,18.133969440989908
UNP,2026-08-07,avg_pfcf_5y,23.25974951193173
UPS,2026-08-07,avg_pfcf_5y,16.858166369178893
URI,2026-08-07,avg_pfcf_5y,27.561920624830307
V,2026-08-07,avg_pfcf_5y,23.19885630918766
VEEV,2026-08-07,avg_pfcf_5y,53.0913551149047
VLO,2026-08-07,avg_pfcf_5y,12.303276616262096
VLTO,2026-08-07,avg_pfcf_5y,26.18952021495575
VMC,2026-08-07,avg_pfcf_5y,40.62584459548751
VRSK,2026-08-07,avg_pfcf_5y,36.27080392158217
VRSN,2026-08-07,avg_pfcf_5y,24.93335319016426
VRT,2026-08-07,avg_pfcf_5y,32.91935538186236
VRTX,2026-08-07,avg_pfcf_5y,25.42336671558603
VTRS,2026-08-07,avg_pfcf_5y,5.074034142848176
VZ,2026-08-07,avg_pfcf_5y,9.352209519083798
WAB,2026-08-07,avg_pfcf_5y,21.574296374216463
WBD,2026-08-07,avg_pfcf_5y,6.53349077055499
WDAY,2026-08-07,avg_pfcf_5y,23.635222921937576
WDC,2026-08-07,avg_pfcf_5y,18.38233351402247
WM,2026-08-07,avg_pfcf_5y,33.12447313272174
WMB,2026-08-07,avg_pfcf_5y,15.485431796713543
WMT,2026-08-07,avg_pfcf_5y,37.63611807072789
WSM,2026-08-07,avg_pfcf_5y,11.577801490440265
WST,2026-08-07,avg_pfcf_5y,59.32619315810427
WTW,2026-08-07,avg_pfcf_5y,21.23243481377115
WYNN,2026-08-07,avg_pfcf_5y,13.42908715126221
XOM,2026-08-07,avg_pfcf_5y,10.439114648982242
XYL,2026-08-07,avg_pfcf_5y,41.58082300090006
XYZ,2026-08-07,avg_pfcf_5y,37.34414460504771
YUM,2026-08-07,avg_pfcf_5y,26.48123872879832
ZBH,2026-08-07,avg_pfcf_5y,16.718887700127762
ZBRA,2026-08-07,avg_pfcf_5y,25.015090664515842
ZTS,2026-08-07,avg_pfcf_5y,35.675114615460984
A,2026-08-07,avg_pfcf_5y_median,32.32689045071602
AAPL,2026-08-07,avg_pfcf_5y_median,28.144110184965633
ABBV,2026-08-07,avg_pfcf_5y_median,12.44972307349747
ABNB,2026-08-07,avg_pfcf_5y_median,21.886595386569784
ABT,2026-08-07,avg_pfcf_5y_median,29.267036095419513
ACN,2026-08-07,avg_pfcf_5y_median,21.031531479779773
ADBE,2026-08-07,avg_pfcf_5y_median,28.21738783461032
ADI,2026-08-07,avg_pfcf_5y_median,26.58266005162031
ADM,2026-08-07,avg_pfcf_5y_median,10.997626432663079
ADP,2026-08-07,avg_pfcf_5y_median,25.319966853336588
ADSK,2026-08-07,avg_pfcf_5y_median,32.61162395356382
AJG,2026-08-07,avg_pfcf_5y_median,16.55359598240589
AKAM,2026-08-07,avg_pfcf_5y_median,13.377549983904249
ALB,2026-08-07,avg_pfcf_5y_median,31.40912731547399
ALGN,2026-08-07,avg_pfcf_5y_median,44.60635382113154
ALLE,2026-08-07,avg_pfcf_5y_median,21.019055390012028
AMAT,2026-08-07,avg_pfcf_5y_median,21.75454029127021
AMCR,2026-08-07,avg_pfcf_5y_median,16.006043483860683
AMD,2026-08-07,avg_pfcf_5y_median,59.47198064545962
AME,2026-08-07,avg_pfcf_5y_median,26.8855873029899
AMGN,2026-08-07,avg_pfcf_5y_median,14.329263996683213
AMP,2026-08-07,avg_pfcf_5y_median,7.4300799104144115
AMZN,2026-08-07,avg_pfcf_5y_median,79.31759287266787
ANET,2026-08-07,avg_pfcf_5y_median,18.968905534898994
AON,2026-08-07,avg_pfcf_5y_median,23.65441483975237
AOS,2026-08-07,avg_pfcf_5y_median,19.338858582354288
APD,2026-08-07,avg_pfcf_5y_median,102.58631806580183
APH,2026-08-07,avg_pfcf_5y_median,36.33938653314715
APP,2026-08-07,avg_pfcf_5y_median,19.191586430531896
APTV,2026-08-07,avg_pfcf_5y_median,19.033184541735732
AVGO,2026-08-07,avg_pfcf_5y_median,25.79503988835931
AVY,2026-08-07,avg_pfcf_5y_median,21.05987210046431
AXON,2026-08-07,avg_pfcf_5y_median,145.18239004841342
AZO,2026-08-07,avg_pfcf_5y_median,23.402611784510377
BA,2026-08-07,avg_pfcf_5y_median,30.42889315453106
BALL,2026-08-07,avg_pfcf_5y_median,40.84007789601671
BAX,2026-08-07,avg_pfcf_5y_median,29.735101066903674
BBY,2026-08-07,avg_pfcf_5y_median,11.415025824861267
BDX,2026-08-07,avg_pfcf_5y_median,20.110563854050383
BEN,2026-08-07,avg_pfcf_5y_median,11.054198090242153
BF-B,2026-08-07,avg_pfcf_5y_median,38.62230793706186
BG,2026-08-07,avg_pfcf_5y_median,11.584298548888238
BIIB,2026-08-07,avg_pfcf_5y_median,16.089259422875852
BKNG,2026-08-07,avg_pfcf_5y_median,17.79052920871515
BKR,2026-08-07,avg_pfcf_5y_median,16.097023134156476
BLDR,2026-08-07,avg_pfcf_5y_median,11.39705676312506
BLK,2026-08-07,avg_pfcf_5y_median,42.97222793808218
BMY,2026-08-07,avg_pfcf_5y_median,8.497496544316926
BR,2026-08-07,avg_pfcf_5y_median,24.724324057415892
BRO,2026-08-07,avg_pfcf_5y_median,22.041394183669357
BSX,2026-08-07,avg_pfcf_5y_median,50.07633749360776
CAG,2026-08-07,avg_pfcf_5y_median,10.030913963627707
CAH,2026-08-07,avg_pfcf_5y_median,8.789465168960222
CARR,2026-08-07,avg_pfcf_5y_median,25.900054450474965
CASY,2026-08-07,avg_pfcf_5y_median,28.209380527906127
CAT,2026-08-07,avg_pfcf_5y_median,17.148049080203023
CBOE,2026-08-07,avg_pfcf_5y_median,20.426695030343076
CBRE,2026-08-07,avg_pfcf_5y_median,36.22223942505035
CCL,2026-08-07,avg_pfcf_5y_median,15.093851074961949
CDNS,2026-08-07,avg_pfcf_5y_median,53.122544155797534
CDW,2026-08-07,avg_pfcf_5y_median,20.826663784531156
CE,2026-08-07,avg_pfcf_5y_median,11.575975048440585
CF,2026-08-07,avg_pfcf_5y_median,6.8996595397226645
CHD,2026-08-07,avg_pfcf_5y_median,26.692982064415354
CHRW,2026-08-07,avg_pfcf_5y_median,21.256270234169314
CHTR,2026-08-07,avg_pfcf_5y_median,12.192995510071745
CI,2026-08-07,avg_pfcf_5y_median,8.327707036487011
CIEN,2026-08-07,avg_pfcf_5y_median,26.763352628392294
CL,2026-08-07,avg_pfcf_5y_median,22.03824608670584
CLX,2026-08-07,avg_pfcf_5y_median,22.643240411296908
CMCSA,2026-08-07,avg_pfcf_5y_median,8.472969982379905
CME,2026-08-07,avg_pfcf_5y_median,21.627425838460745
CMG,2026-08-07,avg_pfcf_5y_median,47.65394075413455
CMI,2026-08-07,avg_pfcf_5y_median,25.458810647189146
CNC,2026-08-07,avg_pfcf_5y_median,6.839603029418004
COHR,2026-08-07,avg_pfcf_5y_median,40.16034172009024
COIN,2026-08-07,avg_pfcf_5y_median,13.756867825670836
COO,2026-08-07,avg_pfcf_5y_median,40.34470482792067
COP,2026-08-07,avg_pfcf_5y_median,8.27992070975256
COR,2026-08-07,avg_pfcf_5y_median,13.72515015227743
COST,2026-08-07,avg_pfcf_5y_median,50.21310860066049
CPAY,2026-08-07,avg_pfcf_5y_median,15.61566555712174
CPB,2026-08-07,avg_pfcf_5y_median,14.17188437705114
CPRT,2026-08-07,avg_pfcf_5y_median,45.4521628767159
CRH,2026-08-07,avg_pfcf_5y_median,25.636694591918328
CRL,2026-08-07,avg_pfcf_5y_median,30.622654604474043
CRM,2026-08-07,avg_pfcf_5y_median,26.267199213765565
CRWD,2026-08-07,avg_pfcf_5y_median,18.92676300016756
CSCO,2026-08-07,avg_pfcf_5y_median,14.75145484305467
CSGP,2026-08-07,avg_pfcf_5y_median,72.29766261113154
CSX,2026-08-07,avg_pfcf_5y_median,21.94756819962504
CTAS,2026-08-07,avg_pfcf_5y_median,41.044919845160614
CTSH,2026-08-07,avg_pfcf_5y_median,16.193517656083095
CTVA,2026-08-07,avg_pfcf_5y_median,21.920809548253896
CVS,2026-08-07,avg_pfcf_5y_median,8.60276183806261
CVX,2026-08-07,avg_pfcf_5y_median,12.958149803421804
DAL,2026-08-07,avg_pfcf_5y_median,19.43368700101444
DASH,2026-08-07,avg_pfcf_5y_median,40.03179835059714
DD,2026-08-07,avg_pfcf_5y_median,14.182253745883544
DDOG,2026-08-07,avg_pfcf_5y_median,62.5092022217869
DE,2026-08-07,avg_pfcf_5y_median,19.947232306862045
DECK,2026-08-07,avg_pfcf_5y_median,25.743120901750135
DELL,2026-08-07,avg_pfcf_5y_median,13.384589826541681
DG,2026-08-07,avg_pfcf_5y_median,27.224492985316775
DGX,2026-08-07,avg_pfcf_5y_median,16.319250920479355
DHI,2026-08-07,avg_pfcf_5y_median,15.55518427797806
DHR,2026-08-07,avg_pfcf_5y_median,28.077264095675567
DIS,2026-08-07,avg_pfcf_5y_median,27.36910698932894
DLTR,2026-08-07,avg_pfcf_5y_median,35.67314318409003
DOV,2026-08-07,avg_pfcf_5y_median,25.0284980009621
DOW,2026-08-07,avg_pfcf_5y_median,9.920079108400046
DPZ,2026-08-07,avg_pfcf_5y_median,27.74212225922656
DRI,2026-08-07,avg_pfcf_5y_median,18.302079730477764
DVA,2026-08-07,avg_pfcf_5y_median,7.635136013832429
DVN,2026-08-07,avg_pfcf_5y_median,7.644616026759304
DXCM,2026-08-07,avg_pfcf_5y_median,89.36190175542993
EA,2026-08-07,avg_pfcf_5y_median,20.391356839895735
EBAY,2026-08-07,avg_pfcf_5y_median,14.566279562046674
ECL,2026-08-07,avg_pfcf_5y_median,39.079333892487114
EFX,2026-08-07,avg_pfcf_5y_median,43.865520759119605
EL,2026-08-07,avg_pfcf_5y_median,43.119503131513454
ELV,2026-08-07,avg_pfcf_5y_median,15.686926626623881
EME,2026-08-07,avg_pfcf_5y_median,17.053692645537975
EMR,2026-08-07,avg_pfcf_5y_median,22.524401630129404
EOG,2026-08-07,avg_pfcf_5y_median,10.797331561464484
EQT,2026-08-07,avg_pfcf_5y_median,10.964822764303166
ERIE,2026-08-07,avg_pfcf_5y_median,33.75483128745468
ETN,2026-08-07,avg_pfcf_5y_median,36.86704643690436
EW,2026-08-07,avg_pfcf_5y_median,54.43711917663261
EXE,2026-08-07,avg_pfcf_5y_median,12.88495021879656
EXPD,2026-08-07,avg_pfcf_5y_median,19.911468707173007
EXPE,2026-08-07,avg_pfcf_5y_median,8.621427567248201
F,2026-08-07,avg_pfcf_5y_median,5.943791987037718
FANG,2026-08-07,avg_pfcf_5y_median,7.8605089118979175
FAST,2026-08-07,avg_pfcf_5y_median,40.27532444412479
FCX,2026-08-07,avg_pfcf_5y_median,34.45694668579102
FDS,2026-08-07,avg_pfcf_5y_median,28.300612221033152
FDX,2026-08-07,avg_pfcf_5y_median,15.063082607511511
FFIV,2026-08-07,avg_pfcf_5y_median,18.30592436278718
FICO,2026-08-07,avg_pfcf_5y_median,46.70624475466266
FIS,2026-08-07,avg_pfcf_5y_median,13.479844332171488
FISV,2026-08-07,avg_pfcf_5y_median,22.173302548582555
FIX,2026-08-07,avg_pfcf_5y_median,20.398358094169648
FLEX,2026-08-07,avg_pfcf_5y_median,17.46918939757601
FOX,2026-08-07,avg_pfcf_5y_median,10.711851109544494
FOXA,2026-08-07,avg_pfcf_5y_median,11.7411105976125
FSLR,2026-08-07,avg_pfcf_5y_median,20.30366385709294
FTNT,2026-08-07,avg_pfcf_5y_median,36.1667567881131
FTV,2026-08-07,avg_pfcf_5y_median,15.434006397327138
GD,2026-08-07,avg_pfcf_5y_median,18.419474187485996
GDDY,2026-08-07,avg_pfcf_5y_median,16.754944346389827
GE,2026-08-07,avg_pfcf_5y_median,38.89688519034911
GEN,2026-08-07,avg_pfcf_5y_median,13.366190799117405
GEV,2026-08-07,avg_pfcf_5y_median,40.031572846108936
GILD,2026-08-07,avg_pfcf_5y_median,11.08548418506029
GIS,2026-08-07,avg_pfcf_5y_median,13.950358603095587
GLW,2026-08-07,avg_pfcf_5y_median,53.98569368848614
GM,2026-08-07,avg_pfcf_5y_median,5.7675728977415766
GNRC,2026-08-07,avg_pfcf_5y_median,30.14768306755533
GOOG,2026-08-07,avg_pfcf_5y_median,27.051540959725067
GOOGL,2026-08-07,avg_pfcf_5y_median,26.97189871624722
GPC,2026-08-07,avg_pfcf_5y_median,20.91288530669545
GPN,2026-08-07,avg_pfcf_5y_median,13.938886252040138
GRMN,2026-08-07,avg_pfcf_5y_median,29.755783141604823
GWW,2026-08-07,avg_pfcf_5y_median,29.971719256510898
HAL,2026-08-07,avg_pfcf_5y_median,14.942940937352676
HAS,2026-08-07,avg_pfcf_5y_median,14.573514201148681
HCA,2026-08-07,avg_pfcf_5y_median,15.66673096317774
HD,2026-08-07,avg_pfcf_5y_median,24.370706871452107
HII,2026-08-07,avg_pfcf_5y_median,18.291197406884397
HLT,2026-08-07,avg_pfcf_5y_median,29.4233264269681
HON,2026-08-07,avg_pfcf_5y_median,26.05273659460078
HPE,2026-08-07,avg_pfcf_5y_median,12.22236048749998
HPQ,2026-08-07,avg_pfcf_5y_median,8.027011766902223
HRL,2026-08-07,avg_pfcf_5y_median,23.184746675356898
HSIC,2026-08-07,avg_pfcf_5y_median,18.068613479733873
HSY,2026-08-07,avg_pfcf_5y_median,22.439347758553815
HUBB,2026-08-07,avg_pfcf_5y_median,26.57725671835908
HUM,2026-08-07,avg_pfcf_5y_median,18.126510585194463
HWM,2026-08-07,avg_pfcf_5y_median,43.2850802555712
IBM,2026-08-07,avg_pfcf_5y_median,12.610890237196621
ICE,2026-08-07,avg_pfcf_5y_median,20.664784059697002
IDXX,2026-08-07,avg_pfcf_5y_median,56.13833824950788
IEX,2026-08-07,avg_pfcf_5y_median,25.922532735054133
IFF,2026-08-07,avg_pfcf_5y_median,34.456641912067546
INCY,2026-08-07,avg_pfcf_5y_median,28.126446080461122
INTC,2026-08-07,avg_pfcf_5y_median,17.75779081421991
INTU,2026-08-07,avg_pfcf_5y_median,13.236644897960815
IP,2026-08-07,avg_pfcf_5y_median,11.646692517505354
IQV,2026-08-07,avg_pfcf_5y_median,22.358254840305513
IR,2026-08-07,avg_pfcf_5y_median,27.446435029533824
ISRG,2026-08-07,avg_pfcf_5y_median,86.88482038944258
ITW,2026-08-07,avg_pfcf_5y_median,26.2537812271354
IVZ,2026-08-07,avg_pfcf_5y_median,6.883260377084959
J,2026-08-07,avg_pfcf_5y_median,22.670907682455056
JBHT,2026-08-07,avg_pfcf_5y_median,39.697267678425774
JBL,2026-08-07,avg_pfcf_5y_median,20.109176556504774
JCI,2026-08-07,avg_pfcf_5y_median,35.34928336467383
JKHY,2026-08-07,avg_pfcf_5y_median,26.610644534431422
JNJ,2026-08-07,avg_pfcf_5y_median,21.354346607178144
KDP,2026-08-07,avg_pfcf_5y_median,24.056692456547076
KEYS,2026-08-07,avg_pfcf_5y_median,27.6122571800493
KHC,2026-08-07,avg_pfcf_5y_median,10.9283407552987
KLAC,2026-08-07,avg_pfcf_5y_median,24.762066610688674
KMB,2026-08-07,avg_pfcf_5y_median,18.223687401260275
KMI,2026-08-07,avg_pfcf_5y_median,9.932232173515262
KO,2026-08-07,avg_pfcf_5y_median,24.980118344273478
KVUE,2026-08-07,avg_pfcf_5y_median,18.58557540167389
LDOS,2026-08-07,avg_pfcf_5y_median,15.273813238132337
LEN,2026-08-07,avg_pfcf_5y_median,11.618711461209799
LH,2026-08-07,avg_pfcf_5y_median,16.730714757262756
LHX,2026-08-07,avg_pfcf_5y_median,20.62033802682567
LII,2026-08-07,avg_pfcf_5y_median,30.574863800987007
LIN,2026-08-07,avg_pfcf_5y_median,37.39710238332498
LITE,2026-08-07,avg_pfcf_5y_median,16.90539144409881
LLY,2026-08-07,avg_pfcf_5y_median,126.78402484431376
LMT,2026-08-07,avg_pfcf_5y_median,16.879839903660265
LOW,2026-08-07,avg_pfcf_5y_median,18.54261468194497
LRCX,2026-08-07,avg_pfcf_5y_median,23.263740089353874
LULU,2026-08-07,avg_pfcf_5y_median,37.24326386813208
LUV,2026-08-07,avg_pfcf_5y_median,25.27543328853776
LVS,2026-08-07,avg_pfcf_5y_median,21.054928247774193
LYB,2026-08-07,avg_pfcf_5y_median,9.054767263260889
LYV,2026-08-07,avg_pfcf_5y_median,23.464285900219274
MA,2026-08-07,avg_pfcf_5y_median,32.96349424861347
MAR,2026-08-07,avg_pfcf_5y_median,26.174030206853693
MAS,2026-08-07,avg_pfcf_5y_median,15.436056910100405
MCD,2026-08-07,avg_pfcf_5y_median,28.590152230802815
MCHP,2026-08-07,avg_pfcf_5y_median,20.00125004848342
MCK,2026-08-07,avg_pfcf_5y_median,13.302435019325376
MCO,2026-08-07,avg_pfcf_5y_median,36.5528979614475
MDLZ,2026-08-07,avg_pfcf_5y_median,25.259955772409405
MDT,2026-08-07,avg_pfcf_5y_median,21.19798858030769
META,2026-08-07,avg_pfcf_5y_median,27.566676289076185
MGM,2026-08-07,avg_pfcf_5y_median,9.00939305937328
MKC,2026-08-07,avg_pfcf_5y_median,40.157140012550684
MLM,2026-08-07,avg_pfcf_5y_median,38.64561095063778
MMM,2026-08-07,avg_pfcf_5y_median,12.544647220667692
MNST,2026-08-07,avg_pfcf_5y_median,40.140933371082845
MO,2026-08-07,avg_pfcf_5y_median,7.813797406386328
MOS,2026-08-07,avg_pfcf_5y_median,13.673792775899242
MPC,2026-08-07,avg_pfcf_5y_median,6.174470500812795
MPWR,2026-08-07,avg_pfcf_5y_median,65.62576732636671
MRK,2026-08-07,avg_pfcf_5y_median,18.932196436629468
MRSH,2026-08-07,avg_pfcf_5y_median,25.454927251460326
MRVL,2026-08-07,avg_pfcf_5y_median,50.98109857310152
MSCI,2026-08-07,avg_pfcf_5y_median,31.42878920641914
MSFT,2026-08-07,avg_pfcf_5y_median,40.586165928576634
MSI,2026-08-07,avg_pfcf_5y_median,29.305415568389392
MTD,2026-08-07,avg_pfcf_5y_median,33.504344167765936
MU,2026-08-07,avg_pfcf_5y_median,51.20295467524806
NCLH,2026-08-07,avg_pfcf_5y_median,25.834411798137236
NDAQ,2026-08-07,avg_pfcf_5y_median,23.468208933214083
NDSN,2026-08-07,avg_pfcf_5y_median,23.831487935575993
NEM,2026-08-07,avg_pfcf_5y_median,15.928573990498563
NFLX,2026-08-07,avg_pfcf_5y_median,49.986153436201164
NKE,2026-08-07,avg_pfcf_5y_median,35.03870596571607
NOC,2026-08-07,avg_pfcf_5y_median,31.372923378907565
NOW,2026-08-07,avg_pfcf_5y_median,49.307026035563304
NSC,2026-08-07,avg_pfcf_5y_median,28.9282346747829
NTAP,2026-08-07,avg_pfcf_5y_median,14.270666418469535
NUE,2026-08-07,avg_pfcf_5y_median,8.577164963597227
NVDA,2026-08-07,avg_pfcf_5y_median,58.04596517066165
NWS,2026-08-07,avg_pfcf_5y_median,24.544482335587684
NWSA,2026-08-07,avg_pfcf_5y_median,22.867401182942842
NXPI,2026-08-07,avg_pfcf_5y_median,21.06188115530921
ODFL,2026-08-07,avg_pfcf_5y_median,42.6790535806894
OKE,2026-08-07,avg_pfcf_5y_median,14.853817097371865
OMC,2026-08-07,avg_pfcf_5y_median,12.096447088006581
ON,2026-08-07,avg_pfcf_5y_median,21.62665842387909
ORCL,2026-08-07,avg_pfcf_5y_median,32.1303797974813
ORLY,2026-08-07,avg_pfcf_5y_median,25.837071435443576
OTIS,2026-08-07,avg_pfcf_5y_median,23.73471067527141
OXY,2026-08-07,avg_pfcf_5y_median,8.486573886748134
PANW,2026-08-07,avg_pfcf_5y_median,34.429708442602966
PAYX,2026-08-07,avg_pfcf_5y_median,25.243095513690562
PCAR,2026-08-07,avg_pfcf_5y_median,13.806279955101235
PEP,2026-08-07,avg_pfcf_5y_median,28.963100076917044
PFE,2026-08-07,avg_pfcf_5y_median,12.305966531917697
PG,2026-08-07,avg_pfcf_5y_median,24.208360662895473
PH,2026-08-07,avg_pfcf_5y_median,20.038036868249627
PKG,2026-08-07,avg_pfcf_5y_median,24.29525542860246
PLTR,2026-08-07,avg_pfcf_5y_median,93.18823453608258
PM,2026-08-07,avg_pfcf_5y_median,16.777738650994813
PNR,2026-08-07,avg_pfcf_5y_median,21.126601931440995
PODD,2026-08-07,avg_pfcf_5y_median,71.26798547108534
POOL,2026-08-07,avg_pfcf_5y_median,24.596459041571546
PPG,2026-08-07,avg_pfcf_5y_median,28.728168946635932
PTC,2026-08-07,avg_pfcf_5y_median,29.67665448579546
PWR,2026-08-07,avg_pfcf_5y_median,39.372108638626095
PYPL,2026-08-07,avg_pfcf_5y_median,15.990601164707767
Q,2026-08-07,avg_pfcf_5y_median,27.00690630804457
QCOM,2026-08-07,avg_pfcf_5y_median,15.78660837270722
RCL,2026-08-07,avg_pfcf_5y_median,31.488771953401294
RDDT,2026-08-07,avg_pfcf_5y_median,67.90509350175854
REGN,2026-08-07,avg_pfcf_5y_median,19.82313716691367
RL,2026-08-07,avg_pfcf_5y_median,13.964351497079203
RMD,2026-08-07,avg_pfcf_5y_median,26.21996751802203
ROK,2026-08-07,avg_pfcf_5y_median,35.42324250898061
ROL,2026-08-07,avg_pfcf_5y_median,42.11321397773301
ROP,2026-08-07,avg_pfcf_5y_median,25.626878713109804
ROST,2026-08-07,avg_pfcf_5y_median,26.99515276426169
RSG,2026-08-07,avg_pfcf_5y_median,26.25151880845822
RTX,2026-08-07,avg_pfcf_5y_median,31.046966366178722
RVTY,2026-08-07,avg_pfcf_5y_median,22.240180921732065
SBUX,2026-08-07,avg_pfcf_5y_median,32.849586297657865
SHW,2026-08-07,avg_pfcf_5y_median,38.135321564375054
SJM,2026-08-07,avg_pfcf_5y_median,16.601263584500035
SLB,2026-08-07,avg_pfcf_5y_median,15.397054048727114
SMCI,2026-08-07,avg_pfcf_5y_median,26.498620217133883
SNDK,2026-08-07,avg_pfcf_5y_median,29.632462716744307
SNPS,2026-08-07,avg_pfcf_5y_median,38.82552286097717
SOLV,2026-08-07,avg_pfcf_5y_median,14.254188293077931
SPGI,2026-08-07,avg_pfcf_5y_median,27.802088641042058
STE,2026-08-07,avg_pfcf_5y_median,37.89954655698743
STLD,2026-08-07,avg_pfcf_5y_median,10.261098268550041
STX,2026-08-07,avg_pfcf_5y_median,25.250579221037835
STZ,2026-08-07,avg_pfcf_5y_median,21.553071327573065
SW,2026-08-07,avg_pfcf_5y_median,23.97316169175021
SWK,2026-08-07,avg_pfcf_5y_median,16.03358847443416
SWKS,2026-08-07,avg_pfcf_5y_median,10.980558070047543
SYK,2026-08-07,avg_pfcf_5y_median,38.42304003266591
SYY,2026-08-07,avg_pfcf_5y_median,21.229932400413443
T,2026-08-07,avg_pfcf_5y_median,6.926728634714051
TAP,2026-08-07,avg_pfcf_5y_median,9.578542554454653
TDG,2026-08-07,avg_pfcf_5y_median,37.87285620873938
TDY,2026-08-07,avg_pfcf_5y_median,25.99404970513999
TECH,2026-08-07,avg_pfcf_5y_median,50.09290038403287
TEL,2026-08-07,avg_pfcf_5y_median,18.463678451983235
TER,2026-08-07,avg_pfcf_5y_median,41.32849410822779
TGT,2026-08-07,avg_pfcf_5y_median,16.360612329045072
TJX,2026-08-07,avg_pfcf_5y_median,33.74334456801181
TMO,2026-08-07,avg_pfcf_5y_median,29.611508528516637
TMUS,2026-08-07,avg_pfcf_5y_median,20.250298686856766
TPL,2026-08-07,avg_pfcf_5y_median,32.66410327614203
TPR,2026-08-07,avg_pfcf_5y_median,10.508852778047554
TRGP,2026-08-07,avg_pfcf_5y_median,55.113333777455566
TRMB,2026-08-07,avg_pfcf_5y_median,31.56762159724711
TROW,2026-08-07,avg_pfcf_5y_median,14.922188025384663
TSCO,2026-08-07,avg_pfcf_5y_median,43.68631556109259
TSLA,2026-08-07,avg_pfcf_5y_median,200.11556621678534
TSN,2026-08-07,avg_pfcf_5y_median,15.740612017523798
TT,2026-08-07,avg_pfcf_5y_median,29.438241323796333
TTD,2026-08-07,avg_pfcf_5y_median,62.49753232555222
TTWO,2026-08-07,avg_pfcf_5y_median,44.22837339668512
TXN,2026-08-07,avg_pfcf_5y_median,55.39649531856529
TXT,2026-08-07,avg_pfcf_5y_median,18.110431009819653
TYL,2026-08-07,avg_pfcf_5y_median,42.94623140879855
UAL,2026-08-07,avg_pfcf_5y_median,9.842017663043478
UBER,2026-08-07,avg_pfcf_5y_median,32.87678972777903
UHS,2026-08-07,avg_pfcf_5y_median,20.156971642826473
ULTA,2026-08-07,avg_pfcf_5y_median,22.126487405717533
UNH,2026-08-07,avg_pfcf_5y_median,18.579937316186687
UNP,2026-08-07,avg_pfcf_5y_median,23.979240432562083
UPS,2026-08-07,avg_pfcf_5y_median,16.96275980499488
URI,2026-08-07,avg_pfcf_5y_median,43.86989662534859
V,2026-08-07,avg_pfcf_5y_median,23.820962655464047
VEEV,2026-08-07,avg_pfcf_5y_median,53.091355114904694
VLO,2026-08-07,avg_pfcf_5y_median,14.492407849195422
VLTO,2026-08-07,avg_pfcf_5y_median,26.3898420270242
VMC,2026-08-07,avg_pfcf_5y_median,42.11550641296251
VRSK,2026-08-07,avg_pfcf_5y_median,39.37120080128588
VRSN,2026-08-07,avg_pfcf_5y_median,25.320529885229348
VRT,2026-08-07,avg_pfcf_5y_median,34.804551391700215
VRTX,2026-08-07,avg_pfcf_5y_median,26.00290575983987
VTRS,2026-08-07,avg_pfcf_5y_median,5.2158659747124565
VZ,2026-08-07,avg_pfcf_5y_median,9.352209519083798
WAB,2026-08-07,avg_pfcf_5y_median,21.101288497587813
WBD,2026-08-07,avg_pfcf_5y_median,7.563627397056587
WDAY,2026-08-07,avg_pfcf_5y_median,28.44548384635297
WDC,2026-08-07,avg_pfcf_5y_median,19.71177010819934
WM,2026-08-07,avg_pfcf_5y_median,36.12332458042977
WMB,2026-08-07,avg_pfcf_5y_median,13.742527216561081
WMT,2026-08-07,avg_pfcf_5y_median,41.889804292387375
WSM,2026-08-07,avg_pfcf_5y_median,11.485239016994644
WST,2026-08-07,avg_pfcf_5y_median,63.41133989039774
WTW,2026-08-07,avg_pfcf_5y_median,24.277211735509255
WYNN,2026-08-07,avg_pfcf_5y_median,12.626527822437648
XOM,2026-08-07,avg_pfcf_5y_median,12.425976721318094
XYL,2026-08-07,avg_pfcf_5y_median,40.885099163092534
XYZ,2026-08-07,avg_pfcf_5y_median,61.33358659389849
YUM,2026-08-07,avg_pfcf_5y_median,26.502623092977196
ZBH,2026-08-07,avg_pfcf_5y_median,17.168990292941615
ZBRA,2026-08-07,avg_pfcf_5y_median,25.213456250182908
ZTS,2026-08-07,avg_pfcf_5y_median,45.79380283890106
A,2026-08-07,avg_pfcf_5y_diverges,0.0
AAPL,2026-08-07,avg_pfcf_5y_diverges,0.0
ABBV,2026-08-07,avg_pfcf_5y_diverges,0.0
ABNB,2026-08-07,avg_pfcf_5y_diverges,0.0
ABT,2026-08-07,avg_pfcf_5y_diverges,0.0
ACN,2026-08-07,avg_pfcf_5y_diverges,0.0
ADBE,2026-08-07,avg_pfcf_5y_diverges,0.0
ADI,2026-08-07,avg_pfcf_5y_diverges,0.0
ADM,2026-08-07,avg_pfcf_5y_diverges,0.0
ADP,2026-08-07,avg_pfcf_5y_diverges,0.0
ADSK,2026-08-07,avg_pfcf_5y_diverges,0.0
AJG,2026-08-07,avg_pfcf_5y_diverges,0.0
AKAM,2026-08-07,avg_pfcf_5y_diverges,0.0
ALB,2026-08-07,avg_pfcf_5y_diverges,0.0
ALGN,2026-08-07,avg_pfcf_5y_diverges,1.0
ALLE,2026-08-07,avg_pfcf_5y_diverges,0.0
AMAT,2026-08-07,avg_pfcf_5y_diverges,0.0
AMCR,2026-08-07,avg_pfcf_5y_diverges,0.0
AMD,2026-08-07,avg_pfcf_5y_diverges,0.0
AME,2026-08-07,avg_pfcf_5y_diverges,0.0
AMGN,2026-08-07,avg_pfcf_5y_diverges,0.0
AMP,2026-08-07,avg_pfcf_5y_diverges,0.0
AMZN,2026-08-07,avg_pfcf_5y_diverges,0.0
ANET,2026-08-07,avg_pfcf_5y_diverges,0.0
AON,2026-08-07,avg_pfcf_5y_diverges,0.0
AOS,2026-08-07,avg_pfcf_5y_diverges,0.0
APD,2026-08-07,avg_pfcf_5y_diverges,0.0
APH,2026-08-07,avg_pfcf_5y_diverges,0.0
APP,2026-08-07,avg_pfcf_5y_diverges,0.0
APTV,2026-08-07,avg_pfcf_5y_diverges,0.0
AVGO,2026-08-07,avg_pfcf_5y_diverges,0.0
AVY,2026-08-07,avg_pfcf_5y_diverges,0.0
AXON,2026-08-07,avg_pfcf_5y_diverges,0.0
AZO,2026-08-07,avg_pfcf_5y_diverges,0.0
BA,2026-08-07,avg_pfcf_5y_diverges,0.0
BALL,2026-08-07,avg_pfcf_5y_diverges,0.0
BAX,2026-08-07,avg_pfcf_5y_diverges,0.0
BBY,2026-08-07,avg_pfcf_5y_diverges,0.0
BDX,2026-08-07,avg_pfcf_5y_diverges,0.0
BEN,2026-08-07,avg_pfcf_5y_diverges,0.0
BF-B,2026-08-07,avg_pfcf_5y_diverges,0.0
BG,2026-08-07,avg_pfcf_5y_diverges,0.0
BIIB,2026-08-07,avg_pfcf_5y_diverges,0.0
BKNG,2026-08-07,avg_pfcf_5y_diverges,0.0
BKR,2026-08-07,avg_pfcf_5y_diverges,0.0
BLDR,2026-08-07,avg_pfcf_5y_diverges,1.0
BLK,2026-08-07,avg_pfcf_5y_diverges,0.0
BMY,2026-08-07,avg_pfcf_5y_diverges,0.0
BR,2026-08-07,avg_pfcf_5y_diverges,0.0
BRO,2026-08-07,avg_pfcf_5y_diverges,0.0
BSX,2026-08-07,avg_pfcf_5y_diverges,0.0
CAG,2026-08-07,avg_pfcf_5y_diverges,0.0
CAH,2026-08-07,avg_pfcf_5y_diverges,0.0
CARR,2026-08-07,avg_pfcf_5y_diverges,0.0
CASY,2026-08-07,avg_pfcf_5y_diverges,0.0
CAT,2026-08-07,avg_pfcf_5y_diverges,0.0
CBOE,2026-08-07,avg_pfcf_5y_diverges,0.0
CBRE,2026-08-07,avg_pfcf_5y_diverges,1.0
CCL,2026-08-07,avg_pfcf_5y_diverges,0.0
CDNS,2026-08-07,avg_pfcf_5y_diverges,0.0
CDW,2026-08-07,avg_pfcf_5y_diverges,0.0
CE,2026-08-07,avg_pfcf_5y_diverges,0.0
CF,2026-08-07,avg_pfcf_5y_diverges,0.0
CHD,2026-08-07,avg_pfcf_5y_diverges,0.0
CHRW,2026-08-07,avg_pfcf_5y_diverges,1.0
CHTR,2026-08-07,avg_pfcf_5y_diverges,0.0
CI,2026-08-07,avg_pfcf_5y_diverges,0.0
CIEN,2026-08-07,avg_pfcf_5y_diverges,0.0
CL,2026-08-07,avg_pfcf_5y_diverges,0.0
CLX,2026-08-07,avg_pfcf_5y_diverges,0.0
CMCSA,2026-08-07,avg_pfcf_5y_diverges,0.0
CME,2026-08-07,avg_pfcf_5y_diverges,0.0
CMG,2026-08-07,avg_pfcf_5y_diverges,0.0
CMI,2026-08-07,avg_pfcf_5y_diverges,0.0
CNC,2026-08-07,avg_pfcf_5y_diverges,0.0
COHR,2026-08-07,avg_pfcf_5y_diverges,1.0
COIN,2026-08-07,avg_pfcf_5y_diverges,0.0
COO,2026-08-07,avg_pfcf_5y_diverges,0.0
COP,2026-08-07,avg_pfcf_5y_diverges,0.0
COR,2026-08-07,avg_pfcf_5y_diverges,0.0
COST,2026-08-07,avg_pfcf_5y_diverges,0.0
CPAY,2026-08-07,avg_pfcf_5y_diverges,0.0
CPB,2026-08-07,avg_pfcf_5y_diverges,0.0
CPRT,2026-08-07,avg_pfcf_5y_diverges,0.0
CRH,2026-08-07,avg_pfcf_5y_diverges,0.0
CRL,2026-08-07,avg_pfcf_5y_diverges,1.0
CRM,2026-08-07,avg_pfcf_5y_diverges,0.0
CRWD,2026-08-07,avg_pfcf_5y_diverges,0.0
CSCO,2026-08-07,avg_pfcf_5y_diverges,0.0
CSGP,2026-08-07,avg_pfcf_5y_diverges,1.0
CSX,2026-08-07,avg_pfcf_5y_diverges,0.0
CTAS,2026-08-07,avg_pfcf_5y_diverges,0.0
CTSH,2026-08-07,avg_pfcf_5y_diverges,0.0
CTVA,2026-08-07,avg_pfcf_5y_diverges,0.0
CVS,2026-08-07,avg_pfcf_5y_diverges,0.0
CVX,2026-08-07,avg_pfcf_5y_diverges,0.0
DAL,2026-08-07,avg_pfcf_5y_diverges,0.0
DASH,2026-08-07,avg_pfcf_5y_diverges,0.0
DD,2026-08-07,avg_pfcf_5y_diverges,0.0
DDOG,2026-08-07,avg_pfcf_5y_diverges,0.0
DE,2026-08-07,avg_pfcf_5y_diverges,0.0
DECK,2026-08-07,avg_pfcf_5y_diverges,0.0
DELL,2026-08-07,avg_pfcf_5y_diverges,1.0
DG,2026-08-07,avg_pfcf_5y_diverges,1.0
DGX,2026-08-07,avg_pfcf_5y_diverges,0.0
DHI,2026-08-07,avg_pfcf_5y_diverges,0.0
DHR,2026-08-07,avg_pfcf_5y_diverges,0.0
DIS,2026-08-07,avg_pfcf_5y_diverges,0.0
DLTR,2026-08-07,avg_pfcf_5y_diverges,0.0
DOV,2026-08-07,avg_pfcf_5y_diverges,0.0
DOW,2026-08-07,avg_pfcf_5y_diverges,0.0
DPZ,2026-08-07,avg_pfcf_5y_diverges,0.0
DRI,2026-08-07,avg_pfcf_5y_diverges,0.0
DVA,2026-08-07,avg_pfcf_5y_diverges,0.0
DVN,2026-08-07,avg_pfcf_5y_diverges,0.0
DXCM,2026-08-07,avg_pfcf_5y_diverges,1.0
EA,2026-08-07,avg_pfcf_5y_diverges,0.0
EBAY,2026-08-07,avg_pfcf_5y_diverges,0.0
ECL,2026-08-07,avg_pfcf_5y_diverges,0.0
EFX,2026-08-07,avg_pfcf_5y_diverges,0.0
EL,2026-08-07,avg_pfcf_5y_diverges,0.0
ELV,2026-08-07,avg_pfcf_5y_diverges,0.0
EME,2026-08-07,avg_pfcf_5y_diverges,0.0
EMR,2026-08-07,avg_pfcf_5y_diverges,0.0
EOG,2026-08-07,avg_pfcf_5y_diverges,0.0
EQT,2026-08-07,avg_pfcf_5y_diverges,0.0
ERIE,2026-08-07,avg_pfcf_5y_diverges,0.0
ETN,2026-08-07,avg_pfcf_5y_diverges,0.0
EW,2026-08-07,avg_pfcf_5y_diverges,0.0
EXE,2026-08-07,avg_pfcf_5y_diverges,1.0
EXPD,2026-08-07,avg_pfcf_5y_diverges,1.0
EXPE,2026-08-07,avg_pfcf_5y_diverges,0.0
F,2026-08-07,avg_pfcf_5y_diverges,0.0
FANG,2026-08-07,avg_pfcf_5y_diverges,0.0
FAST,2026-08-07,avg_pfcf_5y_diverges,0.0
FCX,2026-08-07,avg_pfcf_5y_diverges,1.0
FDS,2026-08-07,avg_pfcf_5y_diverges,0.0
FDX,2026-08-07,avg_pfcf_5y_diverges,0.0
FFIV,2026-08-07,avg_pfcf_5y_diverges,0.0
FICO,2026-08-07,avg_pfcf_5y_diverges,0.0
FIS,2026-08-07,avg_pfcf_5y_diverges,0.0
FISV,2026-08-07,avg_pfcf_5y_diverges,1.0
FIX,2026-08-07,avg_pfcf_5y_diverges,0.0
FLEX,2026-08-07,avg_pfcf_5y_diverges,0.0
FOX,2026-08-07,avg_pfcf_5y_diverges,0.0
FOXA,2026-08-07,avg_pfcf_5y_diverges,0.0
FSLR,2026-08-07,avg_pfcf_5y_diverges,0.0
FTNT,2026-08-07,avg_pfcf_5y_diverges,0.0
FTV,2026-08-07,avg_pfcf_5y_diverges,0.0
GD,2026-08-07,avg_pfcf_5y_diverges,0.0
GDDY,2026-08-07,avg_pfcf_5y_diverges,1.0
GE,2026-08-07,avg_pfcf_5y_diverges,1.0
GEN,2026-08-07,avg_pfcf_5y_diverges,0.0
GEV,2026-08-07,avg_pfcf_5y_diverges,0.0
GILD,2026-08-07,avg_pfcf_5y_diverges,0.0
GIS,2026-08-07,avg_pfcf_5y_diverges,0.0
GLW,2026-08-07,avg_pfcf_5y_diverges,0.0
GM,2026-08-07,avg_pfcf_5y_diverges,0.0
GNRC,2026-08-07,avg_pfcf_5y_diverges,0.0
GOOG,2026-08-07,avg_pfcf_5y_diverges,0.0
GOOGL,2026-08-07,avg_pfcf_5y_diverges,0.0
GPC,2026-08-07,avg_pfcf_5y_diverges,0.0
GPN,2026-08-07,avg_pfcf_5y_diverges,0.0
GRMN,2026-08-07,avg_pfcf_5y_diverges,0.0
GWW,2026-08-07,avg_pfcf_5y_diverges,0.0
HAL,2026-08-07,avg_pfcf_5y_diverges,0.0
HAS,2026-08-07,avg_pfcf_5y_diverges,0.0
HCA,2026-08-07,avg_pfcf_5y_diverges,0.0
HD,2026-08-07,avg_pfcf_5y_diverges,0.0
HII,2026-08-07,avg_pfcf_5y_diverges,0.0
HLT,2026-08-07,avg_pfcf_5y_diverges,0.0
HON,2026-08-07,avg_pfcf_5y_diverges,0.0
HPE,2026-08-07,avg_pfcf_5y_diverges,0.0
HPQ,2026-08-07,avg_pfcf_5y_diverges,0.0
HRL,2026-08-07,avg_pfcf_5y_diverges,0.0
HSIC,2026-08-07,avg_pfcf_5y_diverges,0.0
HSY,2026-08-07,avg_pfcf_5y_diverges,0.0
HUBB,2026-08-07,avg_pfcf_5y_diverges,0.0
HUM,2026-08-07,avg_pfcf_5y_diverges,1.0
HWM,2026-08-07,avg_pfcf_5y_diverges,0.0
IBM,2026-08-07,avg_pfcf_5y_diverges,0.0
ICE,2026-08-07,avg_pfcf_5y_diverges,0.0
IDXX,2026-08-07,avg_pfcf_5y_diverges,0.0
IEX,2026-08-07,avg_pfcf_5y_diverges,0.0
IFF,2026-08-07,avg_pfcf_5y_diverges,0.0
INCY,2026-08-07,avg_pfcf_5y_diverges,0.0
INTC,2026-08-07,avg_pfcf_5y_diverges,0.0
INTU,2026-08-07,avg_pfcf_5y_diverges,0.0
IP,2026-08-07,avg_pfcf_5y_diverges,0.0
IQV,2026-08-07,avg_pfcf_5y_diverges,0.0
IR,2026-08-07,avg_pfcf_5y_diverges,0.0
ISRG,2026-08-07,avg_pfcf_5y_diverges,0.0
ITW,2026-08-07,avg_pfcf_5y_diverges,0.0
IVZ,2026-08-07,avg_pfcf_5y_diverges,0.0
J,2026-08-07,avg_pfcf_5y_diverges,0.0
JBHT,2026-08-07,avg_pfcf_5y_diverges,0.0
JBL,2026-08-07,avg_pfcf_5y_diverges,0.0
JCI,2026-08-07,avg_pfcf_5y_diverges,0.0
JKHY,2026-08-07,avg_pfcf_5y_diverges,0.0
JNJ,2026-08-07,avg_pfcf_5y_diverges,0.0
KDP,2026-08-07,avg_pfcf_5y_diverges,0.0
KEYS,2026-08-07,avg_pfcf_5y_diverges,0.0
KHC,2026-08-07,avg_pfcf_5y_diverges,0.0
KLAC,2026-08-07,avg_pfcf_5y_diverges,0.0
KMB,2026-08-07,avg_pfcf_5y_diverges,0.0
KMI,2026-08-07,avg_pfcf_5y_diverges,0.0
KO,2026-08-07,avg_pfcf_5y_diverges,0.0
KVUE,2026-08-07,avg_pfcf_5y_diverges,0.0
LDOS,2026-08-07,avg_pfcf_5y_diverges,0.0
LEN,2026-08-07,avg_pfcf_5y_diverges,0.0
LH,2026-08-07,avg_pfcf_5y_diverges,0.0
LHX,2026-08-07,avg_pfcf_5y_diverges,0.0
LII,2026-08-07,avg_pfcf_5y_diverges,0.0
LIN,2026-08-07,avg_pfcf_5y_diverges,0.0
LITE,2026-08-07,avg_pfcf_5y_diverges,0.0
LLY,2026-08-07,avg_pfcf_5y_diverges,0.0
LMT,2026-08-07,avg_pfcf_5y_diverges,0.0
LOW,2026-08-07,avg_pfcf_5y_diverges,0.0
LRCX,2026-08-07,avg_pfcf_5y_diverges,0.0
LULU,2026-08-07,avg_pfcf_5y_diverges,0.0
LUV,2026-08-07,avg_pfcf_5y_diverges,1.0
LVS,2026-08-07,avg_pfcf_5y_diverges,0.0
LYB,2026-08-07,avg_pfcf_5y_diverges,0.0
LYV,2026-08-07,avg_pfcf_5y_diverges,0.0
MA,2026-08-07,avg_pfcf_5y_diverges,0.0
MAR,2026-08-07,avg_pfcf_5y_diverges,0.0
MAS,2026-08-07,avg_pfcf_5y_diverges,0.0
MCD,2026-08-07,avg_pfcf_5y_diverges,0.0
MCHP,2026-08-07,avg_pfcf_5y_diverges,0.0
MCK,2026-08-07,avg_pfcf_5y_diverges,0.0
MCO,2026-08-07,avg_pfcf_5y_diverges,0.0
MDLZ,2026-08-07,avg_pfcf_5y_diverges,0.0
MDT,2026-08-07,avg_pfcf_5y_diverges,0.0
META,2026-08-07,avg_pfcf_5y_diverges,0.0
MGM,2026-08-07,avg_pfcf_5y_diverges,0.0
MKC,2026-08-07,avg_pfcf_5y_diverges,0.0
MLM,2026-08-07,avg_pfcf_5y_diverges,0.0
MMM,2026-08-07,avg_pfcf_5y_diverges,0.0
MNST,2026-08-07,avg_pfcf_5y_diverges,0.0
MO,2026-08-07,avg_pfcf_5y_diverges,0.0
MOS,2026-08-07,avg_pfcf_5y_diverges,0.0
MPC,2026-08-07,avg_pfcf_5y_diverges,0.0
MPWR,2026-08-07,avg_pfcf_5y_diverges,0.0
MRK,2026-08-07,avg_pfcf_5y_diverges,0.0
MRSH,2026-08-07,avg_pfcf_5y_diverges,0.0
MRVL,2026-08-07,avg_pfcf_5y_diverges,0.0
MSCI,2026-08-07,avg_pfcf_5y_diverges,0.0
MSFT,2026-08-07,avg_pfcf_5y_diverges,0.0
MSI,2026-08-07,avg_pfcf_5y_diverges,0.0
MTD,2026-08-07,avg_pfcf_5y_diverges,0.0
MU,2026-08-07,avg_pfcf_5y_diverges,1.0
NCLH,2026-08-07,avg_pfcf_5y_diverges,0.0
NDAQ,2026-08-07,avg_pfcf_5y_diverges,0.0
NDSN,2026-08-07,avg_pfcf_5y_diverges,0.0
NEM,2026-08-07,avg_pfcf_5y_diverges,0.0
NFLX,2026-08-07,avg_pfcf_5y_diverges,0.0
NKE,2026-08-07,avg_pfcf_5y_diverges,0.0
NOC,2026-08-07,avg_pfcf_5y_diverges,0.0
NOW,2026-08-07,avg_pfcf_5y_diverges,0.0
NSC,2026-08-07,avg_pfcf_5y_diverges,0.0
NTAP,2026-08-07,avg_pfcf_5y_diverges,0.0
NUE,2026-08-07,avg_pfcf_5y_diverges,0.0
NVDA,2026-08-07,avg_pfcf_5y_diverges,0.0
NWS,2026-08-07,avg_pfcf_5y_diverges,0.0
NWSA,2026-08-07,avg_pfcf_5y_diverges,0.0
NXPI,2026-08-07,avg_pfcf_5y_diverges,0.0
ODFL,2026-08-07,avg_pfcf_5y_diverges,0.0
OKE,2026-08-07,avg_pfcf_5y_diverges,0.0
OMC,2026-08-07,avg_pfcf_5y_diverges,0.0
ON,2026-08-07,avg_pfcf_5y_diverges,0.0
ORCL,2026-08-07,avg_pfcf_5y_diverges,0.0
ORLY,2026-08-07,avg_pfcf_5y_diverges,0.0
OTIS,2026-08-07,avg_pfcf_5y_diverges,0.0
OXY,2026-08-07,avg_pfcf_5y_diverges,0.0
PANW,2026-08-07,avg_pfcf_5y_diverges,0.0
PAYX,2026-08-07,avg_pfcf_5y_diverges,0.0
PCAR,2026-08-07,avg_pfcf_5y_diverges,0.0
PEP,2026-08-07,avg_pfcf_5y_diverges,0.0
PFE,2026-08-07,avg_pfcf_5y_diverges,0.0
PG,2026-08-07,avg_pfcf_5y_diverges,0.0
PH,2026-08-07,avg_pfcf_5y_diverges,0.0
PKG,2026-08-07,avg_pfcf_5y_diverges,0.0
PLTR,2026-08-07,avg_pfcf_5y_diverges,0.0
PM,2026-08-07,avg_pfcf_5y_diverges,0.0
PNR,2026-08-07,avg_pfcf_5y_diverges,0.0
PODD,2026-08-07,avg_pfcf_5y_diverges,0.0
POOL,2026-08-07,avg_pfcf_5y_diverges,0.0
PPG,2026-08-07,avg_pfcf_5y_diverges,0.0
PTC,2026-08-07,avg_pfcf_5y_diverges,0.0
PWR,2026-08-07,avg_pfcf_5y_diverges,0.0
PYPL,2026-08-07,avg_pfcf_5y_diverges,0.0
Q,2026-08-07,avg_pfcf_5y_diverges,0.0
QCOM,2026-08-07,avg_pfcf_5y_diverges,0.0
RCL,2026-08-07,avg_pfcf_5y_diverges,0.0
RDDT,2026-08-07,avg_pfcf_5y_diverges,1.0
REGN,2026-08-07,avg_pfcf_5y_diverges,0.0
RL,2026-08-07,avg_pfcf_5y_diverges,1.0
RMD,2026-08-07,avg_pfcf_5y_diverges,1.0
ROK,2026-08-07,avg_pfcf_5y_diverges,0.0
ROL,2026-08-07,avg_pfcf_5y_diverges,0.0
ROP,2026-08-07,avg_pfcf_5y_diverges,0.0
ROST,2026-08-07,avg_pfcf_5y_diverges,0.0
RSG,2026-08-07,avg_pfcf_5y_diverges,0.0
RTX,2026-08-07,avg_pfcf_5y_diverges,0.0
RVTY,2026-08-07,avg_pfcf_5y_diverges,0.0
SBUX,2026-08-07,avg_pfcf_5y_diverges,0.0
SHW,2026-08-07,avg_pfcf_5y_diverges,0.0
SJM,2026-08-07,avg_pfcf_5y_diverges,0.0
SLB,2026-08-07,avg_pfcf_5y_diverges,0.0
SMCI,2026-08-07,avg_pfcf_5y_diverges,0.0
SNDK,2026-08-07,avg_pfcf_5y_diverges,0.0
SNPS,2026-08-07,avg_pfcf_5y_diverges,0.0
SOLV,2026-08-07,avg_pfcf_5y_diverges,0.0
SPGI,2026-08-07,avg_pfcf_5y_diverges,0.0
STE,2026-08-07,avg_pfcf_5y_diverges,0.0
STLD,2026-08-07,avg_pfcf_5y_diverges,0.0
STX,2026-08-07,avg_pfcf_5y_diverges,0.0
STZ,2026-08-07,avg_pfcf_5y_diverges,0.0
SW,2026-08-07,avg_pfcf_5y_diverges,0.0
SWK,2026-08-07,avg_pfcf_5y_diverges,0.0
SWKS,2026-08-07,avg_pfcf_5y_diverges,0.0
SYK,2026-08-07,avg_pfcf_5y_diverges,0.0
SYY,2026-08-07,avg_pfcf_5y_diverges,0.0
T,2026-08-07,avg_pfcf_5y_diverges,0.0
TAP,2026-08-07,avg_pfcf_5y_diverges,0.0
TDG,2026-08-07,avg_pfcf_5y_diverges,0.0
TDY,2026-08-07,avg_pfcf_5y_diverges,0.0
TECH,2026-08-07,avg_pfcf_5y_diverges,0.0
TEL,2026-08-07,avg_pfcf_5y_diverges,0.0
TER,2026-08-07,avg_pfcf_5y_diverges,0.0
TGT,2026-08-07,avg_pfcf_5y_diverges,0.0
TJX,2026-08-07,avg_pfcf_5y_diverges,0.0
TMO,2026-08-07,avg_pfcf_5y_diverges,0.0
TMUS,2026-08-07,avg_pfcf_5y_diverges,0.0
TPL,2026-08-07,avg_pfcf_5y_diverges,0.0
TPR,2026-08-07,avg_pfcf_5y_diverges,0.0
TRGP,2026-08-07,avg_pfcf_5y_diverges,1.0
TRMB,2026-08-07,avg_pfcf_5y_diverges,0.0
TROW,2026-08-07,avg_pfcf_5y_diverges,0.0
TSCO,2026-08-07,avg_pfcf_5y_diverges,0.0
TSLA,2026-08-07,avg_pfcf_5y_diverges,0.0
TSN,2026-08-07,avg_pfcf_5y_diverges,0.0
TT,2026-08-07,avg_pfcf_5y_diverges,0.0
TTD,2026-08-07,avg_pfcf_5y_diverges,1.0
TTWO,2026-08-07,avg_pfcf_5y_diverges,0.0
TXN,2026-08-07,avg_pfcf_5y_diverges,1.0
TXT,2026-08-07,avg_pfcf_5y_diverges,0.0
TYL,2026-08-07,avg_pfcf_5y_diverges,0.0
UAL,2026-08-07,avg_pfcf_5y_diverges,0.0
UBER,2026-08-07,avg_pfcf_5y_diverges,0.0
UHS,2026-08-07,avg_pfcf_5y_diverges,0.0
ULTA,2026-08-07,avg_pfcf_5y_diverges,0.0
UNH,2026-08-07,avg_pfcf_5y_diverges,0.0
UNP,2026-08-07,avg_pfcf_5y_diverges,0.0
UPS,2026-08-07,avg_pfcf_5y_diverges,0.0
URI,2026-08-07,avg_pfcf_5y_diverges,1.0
V,2026-08-07,avg_pfcf_5y_diverges,0.0
VEEV,2026-08-07,avg_pfcf_5y_diverges,0.0
VLO,2026-08-07,avg_pfcf_5y_diverges,0.0
VLTO,2026-08-07,avg_pfcf_5y_diverges,0.0
VMC,2026-08-07,avg_pfcf_5y_diverges,0.0
VRSK,2026-08-07,avg_pfcf_5y_diverges,0.0
VRSN,2026-08-07,avg_pfcf_5y_diverges,0.0
VRT,2026-08-07,avg_pfcf_5y_diverges,0.0
VRTX,2026-08-07,avg_pfcf_5y_diverges,0.0
VTRS,2026-08-07,avg_pfcf_5y_diverges,0.0
VZ,2026-08-07,avg_pfcf_5y_diverges,0.0
WAB,2026-08-07,avg_pfcf_5y_diverges,0.0
WBD,2026-08-07,avg_pfcf_5y_diverges,0.0
WDAY,2026-08-07,avg_pfcf_5y_diverges,0.0
WDC,2026-08-07,avg_pfcf_5y_diverges,0.0
WM,2026-08-07,avg_pfcf_5y_diverges,0.0
WMB,2026-08-07,avg_pfcf_5y_diverges,0.0
WMT,2026-08-07,avg_pfcf_5y_diverges,0.0
WSM,2026-08-07,avg_pfcf_5y_diverges,0.0
WST,2026-08-07,avg_pfcf_5y_diverges,0.0
WTW,2026-08-07,avg_pfcf_5y_diverges,0.0
WYNN,2026-08-07,avg_pfcf_5y_diverges,0.0
XOM,2026-08-07,avg_pfcf_5y_diverges,0.0
XYL,2026-08-07,avg_pfcf_5y_diverges,0.0
XYZ,2026-08-07,avg_pfcf_5y_diverges,1.0
YUM,2026-08-07,avg_pfcf_5y_diverges,0.0
ZBH,2026-08-07,avg_pfcf_5y_diverges,0.0
ZBRA,2026-08-07,avg_pfcf_5y_diverges,0.0
ZTS,2026-08-07,avg_pfcf_5y_diverges,1.0
A,2026-08-07,avg_pfcf_5y_history_too_short,0.0
AAPL,2026-08-07,avg_pfcf_5y_history_too_short,0.0
ABBV,2026-08-07,avg_pfcf_5y_history_too_short,0.0
ABNB,2026-08-07,avg_pfcf_5y_history_too_short,1.0
ABT,2026-08-07,avg_pfcf_5y_history_too_short,0.0
ACN,2026-08-07,avg_pfcf_5y_history_too_short,0.0
ADBE,2026-08-07,avg_pfcf_5y_history_too_short,0.0
ADI,2026-08-07,avg_pfcf_5y_history_too_short,0.0
ADM,2026-08-07,avg_pfcf_5y_history_too_short,0.0
ADP,2026-08-07,avg_pfcf_5y_history_too_short,0.0
ADSK,2026-08-07,avg_pfcf_5y_history_too_short,0.0
AJG,2026-08-07,avg_pfcf_5y_history_too_short,1.0
AKAM,2026-08-07,avg_pfcf_5y_history_too_short,0.0
ALB,2026-08-07,avg_pfcf_5y_history_too_short,1.0
ALGN,2026-08-07,avg_pfcf_5y_history_too_short,0.0
ALLE,2026-08-07,avg_pfcf_5y_history_too_short,0.0
AMAT,2026-08-07,avg_pfcf_5y_history_too_short,0.0
AMCR,2026-08-07,avg_pfcf_5y_history_too_short,0.0
AMD,2026-08-07,avg_pfcf_5y_history_too_short,0.0
AME,2026-08-07,avg_pfcf_5y_history_too_short,0.0
AMGN,2026-08-07,avg_pfcf_5y_history_too_short,0.0
AMP,2026-08-07,avg_pfcf_5y_history_too_short,0.0
AMZN,2026-08-07,avg_pfcf_5y_history_too_short,1.0
ANET,2026-08-07,avg_pfcf_5y_history_too_short,1.0
AON,2026-08-07,avg_pfcf_5y_history_too_short,0.0
AOS,2026-08-07,avg_pfcf_5y_history_too_short,0.0
APD,2026-08-07,avg_pfcf_5y_history_too_short,1.0
APH,2026-08-07,avg_pfcf_5y_history_too_short,0.0
APP,2026-08-07,avg_pfcf_5y_history_too_short,1.0
APTV,2026-08-07,avg_pfcf_5y_history_too_short,0.0
AVGO,2026-08-07,avg_pfcf_5y_history_too_short,0.0
AVY,2026-08-07,avg_pfcf_5y_history_too_short,0.0
AXON,2026-08-07,avg_pfcf_5y_history_too_short,0.0
AZO,2026-08-07,avg_pfcf_5y_history_too_short,0.0
BA,2026-08-07,avg_pfcf_5y_history_too_short,1.0
BALL,2026-08-07,avg_pfcf_5y_history_too_short,1.0
BAX,2026-08-07,avg_pfcf_5y_history_too_short,1.0
BBY,2026-08-07,avg_pfcf_5y_history_too_short,0.0
BDX,2026-08-07,avg_pfcf_5y_history_too_short,0.0
BEN,2026-08-07,avg_pfcf_5y_history_too_short,0.0
BF-B,2026-08-07,avg_pfcf_5y_history_too_short,0.0
BG,2026-08-07,avg_pfcf_5y_history_too_short,1.0
BIIB,2026-08-07,avg_pfcf_5y_history_too_short,0.0
BKNG,2026-08-07,avg_pfcf_5y_history_too_short,0.0
BKR,2026-08-07,avg_pfcf_5y_history_too_short,1.0
BLDR,2026-08-07,avg_pfcf_5y_history_too_short,0.0
BLK,2026-08-07,avg_pfcf_5y_history_too_short,1.0
BMY,2026-08-07,avg_pfcf_5y_history_too_short,0.0
BR,2026-08-07,avg_pfcf_5y_history_too_short,0.0
BRO,2026-08-07,avg_pfcf_5y_history_too_short,0.0
BSX,2026-08-07,avg_pfcf_5y_history_too_short,0.0
CAG,2026-08-07,avg_pfcf_5y_history_too_short,0.0
CAH,2026-08-07,avg_pfcf_5y_history_too_short,0.0
CARR,2026-08-07,avg_pfcf_5y_history_too_short,0.0
CASY,2026-08-07,avg_pfcf_5y_history_too_short,0.0
CAT,2026-08-07,avg_pfcf_5y_history_too_short,0.0
CBOE,2026-08-07,avg_pfcf_5y_history_too_short,0.0
CBRE,2026-08-07,avg_pfcf_5y_history_too_short,0.0
CCL,2026-08-07,avg_pfcf_5y_history_too_short,1.0
CDNS,2026-08-07,avg_pfcf_5y_history_too_short,0.0
CDW,2026-08-07,avg_pfcf_5y_history_too_short,0.0
CE,2026-08-07,avg_pfcf_5y_history_too_short,0.0
CF,2026-08-07,avg_pfcf_5y_history_too_short,0.0
CHD,2026-08-07,avg_pfcf_5y_history_too_short,0.0
CHRW,2026-08-07,avg_pfcf_5y_history_too_short,0.0
CHTR,2026-08-07,avg_pfcf_5y_history_too_short,0.0
CI,2026-08-07,avg_pfcf_5y_history_too_short,1.0
CIEN,2026-08-07,avg_pfcf_5y_history_too_short,0.0
CL,2026-08-07,avg_pfcf_5y_history_too_short,0.0
CLX,2026-08-07,avg_pfcf_5y_history_too_short,0.0
CMCSA,2026-08-07,avg_pfcf_5y_history_too_short,0.0
CME,2026-08-07,avg_pfcf_5y_history_too_short,0.0
CMG,2026-08-07,avg_pfcf_5y_history_too_short,0.0
CMI,2026-08-07,avg_pfcf_5y_history_too_short,0.0
CNC,2026-08-07,avg_pfcf_5y_history_too_short,0.0
COHR,2026-08-07,avg_pfcf_5y_history_too_short,0.0
COIN,2026-08-07,avg_pfcf_5y_history_too_short,1.0
COO,2026-08-07,avg_pfcf_5y_history_too_short,0.0
COP,2026-08-07,avg_pfcf_5y_history_too_short,1.0
COR,2026-08-07,avg_pfcf_5y_history_too_short,0.0
COST,2026-08-07,avg_pfcf_5y_history_too_short,0.0
CPAY,2026-08-07,avg_pfcf_5y_history_too_short,0.0
CPB,2026-08-07,avg_pfcf_5y_history_too_short,0.0
CPRT,2026-08-07,avg_pfcf_5y_history_too_short,0.0
CRH,2026-08-07,avg_pfcf_5y_history_too_short,1.0
CRL,2026-08-07,avg_pfcf_5y_history_too_short,0.0
CRM,2026-08-07,avg_pfcf_5y_history_too_short,0.0
CRWD,2026-08-07,avg_pfcf_5y_history_too_short,0.0
CSCO,2026-08-07,avg_pfcf_5y_history_too_short,0.0
CSGP,2026-08-07,avg_pfcf_5y_history_too_short,0.0
CSX,2026-08-07,avg_pfcf_5y_history_too_short,0.0
CTAS,2026-08-07,avg_pfcf_5y_history_too_short,0.0
CTSH,2026-08-07,avg_pfcf_5y_history_too_short,0.0
CTVA,2026-08-07,avg_pfcf_5y_history_too_short,0.0
CVS,2026-08-07,avg_pfcf_5y_history_too_short,0.0
CVX,2026-08-07,avg_pfcf_5y_history_too_short,0.0
DAL,2026-08-07,avg_pfcf_5y_history_too_short,0.0
DASH,2026-08-07,avg_pfcf_5y_history_too_short,0.0
DD,2026-08-07,avg_pfcf_5y_history_too_short,1.0
DDOG,2026-08-07,avg_pfcf_5y_history_too_short,0.0
DE,2026-08-07,avg_pfcf_5y_history_too_short,0.0
DECK,2026-08-07,avg_pfcf_5y_history_too_short,0.0
DELL,2026-08-07,avg_pfcf_5y_history_too_short,0.0
DG,2026-08-07,avg_pfcf_5y_history_too_short,0.0
DGX,2026-08-07,avg_pfcf_5y_history_too_short,0.0
DHI,2026-08-07,avg_pfcf_5y_history_too_short,0.0
DHR,2026-08-07,avg_pfcf_5y_history_too_short,0.0
DIS,2026-08-07,avg_pfcf_5y_history_too_short,0.0
DLTR,2026-08-07,avg_pfcf_5y_history_too_short,0.0
DOV,2026-08-07,avg_pfcf_5y_history_too_short,0.0
DOW,2026-08-07,avg_pfcf_5y_history_too_short,1.0
DPZ,2026-08-07,avg_pfcf_5y_history_too_short,0.0
DRI,2026-08-07,avg_pfcf_5y_history_too_short,0.0
DVA,2026-08-07,avg_pfcf_5y_history_too_short,0.0
DVN,2026-08-07,avg_pfcf_5y_history_too_short,0.0
DXCM,2026-08-07,avg_pfcf_5y_history_too_short,0.0
EA,2026-08-07,avg_pfcf_5y_history_too_short,0.0
EBAY,2026-08-07,avg_pfcf_5y_history_too_short,0.0
ECL,2026-08-07,avg_pfcf_5y_history_too_short,0.0
EFX,2026-08-07,avg_pfcf_5y_history_too_short,0.0
EL,2026-08-07,avg_pfcf_5y_history_too_short,0.0
ELV,2026-08-07,avg_pfcf_5y_history_too_short,0.0
EME,2026-08-07,avg_pfcf_5y_history_too_short,0.0
EMR,2026-08-07,avg_pfcf_5y_history_too_short,0.0
EOG,2026-08-07,avg_pfcf_5y_history_too_short,0.0
EQT,2026-08-07,avg_pfcf_5y_history_too_short,0.0
ERIE,2026-08-07,avg_pfcf_5y_history_too_short,0.0
ETN,2026-08-07,avg_pfcf_5y_history_too_short,0.0
EW,2026-08-07,avg_pfcf_5y_history_too_short,0.0
EXE,2026-08-07,avg_pfcf_5y_history_too_short,0.0
EXPD,2026-08-07,avg_pfcf_5y_history_too_short,0.0
EXPE,2026-08-07,avg_pfcf_5y_history_too_short,0.0
F,2026-08-07,avg_pfcf_5y_history_too_short,0.0
FANG,2026-08-07,avg_pfcf_5y_history_too_short,0.0
FAST,2026-08-07,avg_pfcf_5y_history_too_short,0.0
FCX,2026-08-07,avg_pfcf_5y_history_too_short,0.0
FDS,2026-08-07,avg_pfcf_5y_history_too_short,0.0
FDX,2026-08-07,avg_pfcf_5y_history_too_short,0.0
FFIV,2026-08-07,avg_pfcf_5y_history_too_short,0.0
FICO,2026-08-07,avg_pfcf_5y_history_too_short,0.0
FIS,2026-08-07,avg_pfcf_5y_history_too_short,0.0
FISV,2026-08-07,avg_pfcf_5y_history_too_short,0.0
FIX,2026-08-07,avg_pfcf_5y_history_too_short,0.0
FLEX,2026-08-07,avg_pfcf_5y_history_too_short,0.0
FOX,2026-08-07,avg_pfcf_5y_history_too_short,0.0
FOXA,2026-08-07,avg_pfcf_5y_history_too_short,0.0
FSLR,2026-08-07,avg_pfcf_5y_history_too_short,1.0
FTNT,2026-08-07,avg_pfcf_5y_history_too_short,1.0
FTV,2026-08-07,avg_pfcf_5y_history_too_short,0.0
GD,2026-08-07,avg_pfcf_5y_history_too_short,0.0
GDDY,2026-08-07,avg_pfcf_5y_history_too_short,1.0
GE,2026-08-07,avg_pfcf_5y_history_too_short,0.0
GEN,2026-08-07,avg_pfcf_5y_history_too_short,0.0
GEV,2026-08-07,avg_pfcf_5y_history_too_short,1.0
GILD,2026-08-07,avg_pfcf_5y_history_too_short,0.0
GIS,2026-08-07,avg_pfcf_5y_history_too_short,0.0
GLW,2026-08-07,avg_pfcf_5y_history_too_short,1.0
GM,2026-08-07,avg_pfcf_5y_history_too_short,0.0
GNRC,2026-08-07,avg_pfcf_5y_history_too_short,0.0
GOOG,2026-08-07,avg_pfcf_5y_history_too_short,0.0
GOOGL,2026-08-07,avg_pfcf_5y_history_too_short,0.0
GPC,2026-08-07,avg_pfcf_5y_history_too_short,0.0
GPN,2026-08-07,avg_pfcf_5y_history_too_short,0.0
GRMN,2026-08-07,avg_pfcf_5y_history_too_short,0.0
GWW,2026-08-07,avg_pfcf_5y_history_too_short,0.0
HAL,2026-08-07,avg_pfcf_5y_history_too_short,0.0
HAS,2026-08-07,avg_pfcf_5y_history_too_short,0.0
HCA,2026-08-07,avg_pfcf_5y_history_too_short,0.0
HD,2026-08-07,avg_pfcf_5y_history_too_short,0.0
HII,2026-08-07,avg_pfcf_5y_history_too_short,0.0
HLT,2026-08-07,avg_pfcf_5y_history_too_short,0.0
HON,2026-08-07,avg_pfcf_5y_history_too_short,0.0
HPE,2026-08-07,avg_pfcf_5y_history_too_short,0.0
HPQ,2026-08-07,avg_pfcf_5y_history_too_short,0.0
HRL,2026-08-07,avg_pfcf_5y_history_too_short,0.0
HSIC,2026-08-07,avg_pfcf_5y_history_too_short,0.0
HSY,2026-08-07,avg_pfcf_5y_history_too_short,1.0
HUBB,2026-08-07,avg_pfcf_5y_history_too_short,0.0
HUM,2026-08-07,avg_pfcf_5y_history_too_short,0.0
HWM,2026-08-07,avg_pfcf_5y_history_too_short,0.0
IBM,2026-08-07,avg_pfcf_5y_history_too_short,0.0
ICE,2026-08-07,avg_pfcf_5y_history_too_short,0.0
IDXX,2026-08-07,avg_pfcf_5y_history_too_short,0.0
IEX,2026-08-07,avg_pfcf_5y_history_too_short,0.0
IFF,2026-08-07,avg_pfcf_5y_history_too_short,0.0
INCY,2026-08-07,avg_pfcf_5y_history_too_short,1.0
INTC,2026-08-07,avg_pfcf_5y_history_too_short,1.0
INTU,2026-08-07,avg_pfcf_5y_history_too_short,1.0
IP,2026-08-07,avg_pfcf_5y_history_too_short,0.0
IQV,2026-08-07,avg_pfcf_5y_history_too_short,0.0
IR,2026-08-07,avg_pfcf_5y_history_too_short,0.0
ISRG,2026-08-07,avg_pfcf_5y_history_too_short,0.0
ITW,2026-08-07,avg_pfcf_5y_history_too_short,0.0
IVZ,2026-08-07,avg_pfcf_5y_history_too_short,0.0
J,2026-08-07,avg_pfcf_5y_history_too_short,0.0
JBHT,2026-08-07,avg_pfcf_5y_history_too_short,0.0
JBL,2026-08-07,avg_pfcf_5y_history_too_short,0.0
JCI,2026-08-07,avg_pfcf_5y_history_too_short,0.0
JKHY,2026-08-07,avg_pfcf_5y_history_too_short,0.0
JNJ,2026-08-07,avg_pfcf_5y_history_too_short,0.0
KDP,2026-08-07,avg_pfcf_5y_history_too_short,0.0
KEYS,2026-08-07,avg_pfcf_5y_history_too_short,0.0
KHC,2026-08-07,avg_pfcf_5y_history_too_short,0.0
KLAC,2026-08-07,avg_pfcf_5y_history_too_short,0.0
KMB,2026-08-07,avg_pfcf_5y_history_too_short,0.0
KMI,2026-08-07,avg_pfcf_5y_history_too_short,0.0
KO,2026-08-07,avg_pfcf_5y_history_too_short,0.0
KVUE,2026-08-07,avg_pfcf_5y_history_too_short,0.0
LDOS,2026-08-07,avg_pfcf_5y_history_too_short,0.0
LEN,2026-08-07,avg_pfcf_5y_history_too_short,0.0
LH,2026-08-07,avg_pfcf_5y_history_too_short,0.0
LHX,2026-08-07,avg_pfcf_5y_history_too_short,0.0
LII,2026-08-07,avg_pfcf_5y_history_too_short,0.0
LIN,2026-08-07,avg_pfcf_5y_history_too_short,0.0
LITE,2026-08-07,avg_pfcf_5y_history_too_short,1.0
LLY,2026-08-07,avg_pfcf_5y_history_too_short,0.0
LMT,2026-08-07,avg_pfcf_5y_history_too_short,0.0
LOW,2026-08-07,avg_pfcf_5y_history_too_short,0.0
LRCX,2026-08-07,avg_pfcf_5y_history_too_short,0.0
LULU,2026-08-07,avg_pfcf_5y_history_too_short,0.0
LUV,2026-08-07,avg_pfcf_5y_history_too_short,1.0
LVS,2026-08-07,avg_pfcf_5y_history_too_short,0.0
LYB,2026-08-07,avg_pfcf_5y_history_too_short,0.0
LYV,2026-08-07,avg_pfcf_5y_history_too_short,0.0
MA,2026-08-07,avg_pfcf_5y_history_too_short,0.0
MAR,2026-08-07,avg_pfcf_5y_history_too_short,0.0
MAS,2026-08-07,avg_pfcf_5y_history_too_short,0.0
MCD,2026-08-07,avg_pfcf_5y_history_too_short,0.0
MCHP,2026-08-07,avg_pfcf_5y_history_too_short,0.0
MCK,2026-08-07,avg_pfcf_5y_history_too_short,0.0
MCO,2026-08-07,avg_pfcf_5y_history_too_short,0.0
MDLZ,2026-08-07,avg_pfcf_5y_history_too_short,0.0
MDT,2026-08-07,avg_pfcf_5y_history_too_short,0.0
META,2026-08-07,avg_pfcf_5y_history_too_short,0.0
MGM,2026-08-07,avg_pfcf_5y_history_too_short,0.0
MKC,2026-08-07,avg_pfcf_5y_history_too_short,1.0
MLM,2026-08-07,avg_pfcf_5y_history_too_short,0.0
MMM,2026-08-07,avg_pfcf_5y_history_too_short,0.0
MNST,2026-08-07,avg_pfcf_5y_history_too_short,0.0
MO,2026-08-07,avg_pfcf_5y_history_too_short,0.0
MOS,2026-08-07,avg_pfcf_5y_history_too_short,0.0
MPC,2026-08-07,avg_pfcf_5y_history_too_short,0.0
MPWR,2026-08-07,avg_pfcf_5y_history_too_short,0.0
MRK,2026-08-07,avg_pfcf_5y_history_too_short,0.0
MRSH,2026-08-07,avg_pfcf_5y_history_too_short,0.0
MRVL,2026-08-07,avg_pfcf_5y_history_too_short,0.0
MSCI,2026-08-07,avg_pfcf_5y_history_too_short,0.0
MSFT,2026-08-07,avg_pfcf_5y_history_too_short,0.0
MSI,2026-08-07,avg_pfcf_5y_history_too_short,0.0
MTD,2026-08-07,avg_pfcf_5y_history_too_short,0.0
MU,2026-08-07,avg_pfcf_5y_history_too_short,0.0
NCLH,2026-08-07,avg_pfcf_5y_history_too_short,1.0
NDAQ,2026-08-07,avg_pfcf_5y_history_too_short,0.0
NDSN,2026-08-07,avg_pfcf_5y_history_too_short,0.0
NEM,2026-08-07,avg_pfcf_5y_history_too_short,0.0
NFLX,2026-08-07,avg_pfcf_5y_history_too_short,0.0
NKE,2026-08-07,avg_pfcf_5y_history_too_short,0.0
NOC,2026-08-07,avg_pfcf_5y_history_too_short,0.0
NOW,2026-08-07,avg_pfcf_5y_history_too_short,0.0
NSC,2026-08-07,avg_pfcf_5y_history_too_short,0.0
NTAP,2026-08-07,avg_pfcf_5y_history_too_short,0.0
NUE,2026-08-07,avg_pfcf_5y_history_too_short,0.0
NVDA,2026-08-07,avg_pfcf_5y_history_too_short,1.0
NWS,2026-08-07,avg_pfcf_5y_history_too_short,0.0
NWSA,2026-08-07,avg_pfcf_5y_history_too_short,0.0
NXPI,2026-08-07,avg_pfcf_5y_history_too_short,0.0
ODFL,2026-08-07,avg_pfcf_5y_history_too_short,0.0
OKE,2026-08-07,avg_pfcf_5y_history_too_short,0.0
OMC,2026-08-07,avg_pfcf_5y_history_too_short,0.0
ON,2026-08-07,avg_pfcf_5y_history_too_short,0.0
ORCL,2026-08-07,avg_pfcf_5y_history_too_short,0.0
ORLY,2026-08-07,avg_pfcf_5y_history_too_short,0.0
OTIS,2026-08-07,avg_pfcf_5y_history_too_short,0.0
OXY,2026-08-07,avg_pfcf_5y_history_too_short,0.0
PANW,2026-08-07,avg_pfcf_5y_history_too_short,0.0
PAYX,2026-08-07,avg_pfcf_5y_history_too_short,0.0
PCAR,2026-08-07,avg_pfcf_5y_history_too_short,0.0
PEP,2026-08-07,avg_pfcf_5y_history_too_short,0.0
PFE,2026-08-07,avg_pfcf_5y_history_too_short,0.0
PG,2026-08-07,avg_pfcf_5y_history_too_short,0.0
PH,2026-08-07,avg_pfcf_5y_history_too_short,0.0
PKG,2026-08-07,avg_pfcf_5y_history_too_short,0.0
PLTR,2026-08-07,avg_pfcf_5y_history_too_short,0.0
PM,2026-08-07,avg_pfcf_5y_history_too_short,0.0
PNR,2026-08-07,avg_pfcf_5y_history_too_short,0.0
PODD,2026-08-07,avg_pfcf_5y_history_too_short,0.0
POOL,2026-08-07,avg_pfcf_5y_history_too_short,0.0
PPG,2026-08-07,avg_pfcf_5y_history_too_short,0.0
PTC,2026-08-07,avg_pfcf_5y_history_too_short,0.0
PWR,2026-08-07,avg_pfcf_5y_history_too_short,0.0
PYPL,2026-08-07,avg_pfcf_5y_history_too_short,0.0
Q,2026-08-07,avg_pfcf_5y_history_too_short,1.0
QCOM,2026-08-07,avg_pfcf_5y_history_too_short,0.0
RCL,2026-08-07,avg_pfcf_5y_history_too_short,1.0
RDDT,2026-08-07,avg_pfcf_5y_history_too_short,1.0
REGN,2026-08-07,avg_pfcf_5y_history_too_short,0.0
RL,2026-08-07,avg_pfcf_5y_history_too_short,0.0
RMD,2026-08-07,avg_pfcf_5y_history_too_short,0.0
ROK,2026-08-07,avg_pfcf_5y_history_too_short,0.0
ROL,2026-08-07,avg_pfcf_5y_history_too_short,0.0
ROP,2026-08-07,avg_pfcf_5y_history_too_short,1.0
ROST,2026-08-07,avg_pfcf_5y_history_too_short,0.0
RSG,2026-08-07,avg_pfcf_5y_history_too_short,0.0
RTX,2026-08-07,avg_pfcf_5y_history_too_short,0.0
RVTY,2026-08-07,avg_pfcf_5y_history_too_short,0.0
SBUX,2026-08-07,avg_pfcf_5y_history_too_short,0.0
SHW,2026-08-07,avg_pfcf_5y_history_too_short,0.0
SJM,2026-08-07,avg_pfcf_5y_history_too_short,0.0
SLB,2026-08-07,avg_pfcf_5y_history_too_short,0.0
SMCI,2026-08-07,avg_pfcf_5y_history_too_short,1.0
SNDK,2026-08-07,avg_pfcf_5y_history_too_short,1.0
SNPS,2026-08-07,avg_pfcf_5y_history_too_short,0.0
SOLV,2026-08-07,avg_pfcf_5y_history_too_short,1.0
SPGI,2026-08-07,avg_pfcf_5y_history_too_short,0.0
STE,2026-08-07,avg_pfcf_5y_history_too_short,0.0
STLD,2026-08-07,avg_pfcf_5y_history_too_short,0.0
STX,2026-08-07,avg_pfcf_5y_history_too_short,0.0
STZ,2026-08-07,avg_pfcf_5y_history_too_short,0.0
SW,2026-08-07,avg_pfcf_5y_history_too_short,1.0
SWK,2026-08-07,avg_pfcf_5y_history_too_short,0.0
SWKS,2026-08-07,avg_pfcf_5y_history_too_short,0.0
SYK,2026-08-07,avg_pfcf_5y_history_too_short,0.0
SYY,2026-08-07,avg_pfcf_5y_history_too_short,0.0
T,2026-08-07,avg_pfcf_5y_history_too_short,0.0
TAP,2026-08-07,avg_pfcf_5y_history_too_short,0.0
TDG,2026-08-07,avg_pfcf_5y_history_too_short,0.0
TDY,2026-08-07,avg_pfcf_5y_history_too_short,0.0
TECH,2026-08-07,avg_pfcf_5y_history_too_short,0.0
TEL,2026-08-07,avg_pfcf_5y_history_too_short,0.0
TER,2026-08-07,avg_pfcf_5y_history_too_short,0.0
TGT,2026-08-07,avg_pfcf_5y_history_too_short,0.0
TJX,2026-08-07,avg_pfcf_5y_history_too_short,0.0
TMO,2026-08-07,avg_pfcf_5y_history_too_short,0.0
TMUS,2026-08-07,avg_pfcf_5y_history_too_short,0.0
TPL,2026-08-07,avg_pfcf_5y_history_too_short,1.0
TPR,2026-08-07,avg_pfcf_5y_history_too_short,0.0
TRGP,2026-08-07,avg_pfcf_5y_history_too_short,0.0
TRMB,2026-08-07,avg_pfcf_5y_history_too_short,0.0
TROW,2026-08-07,avg_pfcf_5y_history_too_short,0.0
TSCO,2026-08-07,avg_pfcf_5y_history_too_short,0.0
TSLA,2026-08-07,avg_pfcf_5y_history_too_short,0.0
TSN,2026-08-07,avg_pfcf_5y_history_too_short,0.0
TT,2026-08-07,avg_pfcf_5y_history_too_short,0.0
TTD,2026-08-07,avg_pfcf_5y_history_too_short,0.0
TTWO,2026-08-07,avg_pfcf_5y_history_too_short,1.0
TXN,2026-08-07,avg_pfcf_5y_history_too_short,0.0
TXT,2026-08-07,avg_pfcf_5y_history_too_short,0.0
TYL,2026-08-07,avg_pfcf_5y_history_too_short,0.0
UAL,2026-08-07,avg_pfcf_5y_history_too_short,0.0
UBER,2026-08-07,avg_pfcf_5y_history_too_short,0.0
UHS,2026-08-07,avg_pfcf_5y_history_too_short,0.0
ULTA,2026-08-07,avg_pfcf_5y_history_too_short,0.0
UNH,2026-08-07,avg_pfcf_5y_history_too_short,0.0
UNP,2026-08-07,avg_pfcf_5y_history_too_short,0.0
UPS,2026-08-07,avg_pfcf_5y_history_too_short,0.0
URI,2026-08-07,avg_pfcf_5y_history_too_short,0.0
V,2026-08-07,avg_pfcf_5y_history_too_short,0.0
VEEV,2026-08-07,avg_pfcf_5y_history_too_short,1.0
VLO,2026-08-07,avg_pfcf_5y_history_too_short,1.0
VLTO,2026-08-07,avg_pfcf_5y_history_too_short,1.0
VMC,2026-08-07,avg_pfcf_5y_history_too_short,0.0
VRSK,2026-08-07,avg_pfcf_5y_history_too_short,0.0
VRSN,2026-08-07,avg_pfcf_5y_history_too_short,0.0
VRT,2026-08-07,avg_pfcf_5y_history_too_short,0.0
VRTX,2026-08-07,avg_pfcf_5y_history_too_short,0.0
VTRS,2026-08-07,avg_pfcf_5y_history_too_short,0.0
VZ,2026-08-07,avg_pfcf_5y_history_too_short,1.0
WAB,2026-08-07,avg_pfcf_5y_history_too_short,0.0
WBD,2026-08-07,avg_pfcf_5y_history_too_short,0.0
WDAY,2026-08-07,avg_pfcf_5y_history_too_short,1.0
WDC,2026-08-07,avg_pfcf_5y_history_too_short,0.0
WM,2026-08-07,avg_pfcf_5y_history_too_short,0.0
WMB,2026-08-07,avg_pfcf_5y_history_too_short,0.0
WMT,2026-08-07,avg_pfcf_5y_history_too_short,0.0
WSM,2026-08-07,avg_pfcf_5y_history_too_short,0.0
WST,2026-08-07,avg_pfcf_5y_history_too_short,0.0
WTW,2026-08-07,avg_pfcf_5y_history_too_short,1.0
WYNN,2026-08-07,avg_pfcf_5y_history_too_short,0.0
XOM,2026-08-07,avg_pfcf_5y_history_too_short,0.0
XYL,2026-08-07,avg_pfcf_5y_history_too_short,0.0
XYZ,2026-08-07,avg_pfcf_5y_history_too_short,0.0
YUM,2026-08-07,avg_pfcf_5y_history_too_short,0.0
ZBH,2026-08-07,avg_pfcf_5y_history_too_short,0.0
ZBRA,2026-08-07,avg_pfcf_5y_history_too_short,0.0
ZTS,2026-08-07,avg_pfcf_5y_history_too_short,0.0
AAPL,2026-08-07,avg_ev_ebitda_5y,22.565180945783442
ABNB,2026-08-07,avg_ev_ebitda_5y,43.22216817806321
ACN,2026-08-07,avg_ev_ebitda_5y,16.198125730596146
ADBE,2026-08-07,avg_ev_ebitda_5y,23.168155592934355
ADI,2026-08-07,avg_ev_ebitda_5y,19.95579844311299
ADSK,2026-08-07,avg_ev_ebitda_5y,42.21763321757911
AEE,2026-08-07,avg_ev_ebitda_5y,12.455241985531655
AEP,2026-08-07,avg_ev_ebitda_5y,11.935219661882826
AKAM,2026-08-07,avg_ev_ebitda_5y,13.606734430664538
ALB,2026-08-07,avg_ev_ebitda_5y,16.024282506289122
ALLE,2026-08-07,avg_ev_ebitda_5y,15.28373630448417
AMAT,2026-08-07,avg_ev_ebitda_5y,15.524067386802578
AMCR,2026-08-07,avg_ev_ebitda_5y,10.69186118807132
AMD,2026-08-07,avg_ev_ebitda_5y,58.13613179690433
AME,2026-08-07,avg_ev_ebitda_5y,19.11279334031441
AMZN,2026-08-07,avg_ev_ebitda_5y,19.227876106317286
AON,2026-08-07,avg_ev_ebitda_5y,21.031635799382038
AOS,2026-08-07,avg_ev_ebitda_5y,13.240666709925478
APD,2026-08-07,avg_ev_ebitda_5y,16.81914441789488
APH,2026-08-07,avg_ev_ebitda_5y,20.805286955399538
APP,2026-08-07,avg_ev_ebitda_5y,23.70940836432826
APTV,2026-08-07,avg_ev_ebitda_5y,11.631770443734483
ATO,2026-08-07,avg_ev_ebitda_5y,13.646216535833197
AVGO,2026-08-07,avg_ev_ebitda_5y,29.271955153067765
AWK,2026-08-07,avg_ev_ebitda_5y,16.375662141194127
AXON,2026-08-07,avg_ev_ebitda_5y,263.057124732272
AZO,2026-08-07,avg_ev_ebitda_5y,14.59137300838074
BA,2026-08-07,avg_ev_ebitda_5y,62.859821951813856
BBY,2026-08-07,avg_ev_ebitda_5y,5.689740594902733
BEN,2026-08-07,avg_ev_ebitda_5y,5.442264005147754
BF-B,2026-08-07,avg_ev_ebitda_5y,18.14783013983323
BKNG,2026-08-07,avg_ev_ebitda_5y,18.2403392826583
BLDR,2026-08-07,avg_ev_ebitda_5y,6.9460138994773635
BLK,2026-08-07,avg_ev_ebitda_5y,18.712845984371032
BR,2026-08-07,avg_ev_ebitda_5y,22.246102613405075
CAG,2026-08-07,avg_ev_ebitda_5y,12.827390471195852
CAH,2026-08-07,avg_ev_ebitda_5y,14.195515076825947
CARR,2026-08-07,avg_ev_ebitda_5y,14.219974491650198
CAT,2026-08-07,avg_ev_ebitda_5y,13.664681116077002
CBOE,2026-08-07,avg_ev_ebitda_5y,16.49935130424843
CBRE,2026-08-07,avg_ev_ebitda_5y,15.573883599455863
CCL,2026-08-07,avg_ev_ebitda_5y,10.290771980880065
CDNS,2026-08-07,avg_ev_ebitda_5y,47.3465324043846
CDW,2026-08-07,avg_ev_ebitda_5y,14.940066629749312
CE,2026-08-07,avg_ev_ebitda_5y,10.447968871359244
CEG,2026-08-07,avg_ev_ebitda_5y,10.367722251697538
CF,2026-08-07,avg_ev_ebitda_5y,6.7710682260596595
CHD,2026-08-07,avg_ev_ebitda_5y,21.99592799545397
CHRW,2026-08-07,avg_ev_ebitda_5y,14.419737131827604
CHTR,2026-08-07,avg_ev_ebitda_5y,7.031246029104186
CI,2026-08-07,avg_ev_ebitda_5y,8.803967184502627
CIEN,2026-08-07,avg_ev_ebitda_5y,21.99442630237077
CL,2026-08-07,avg_ev_ebitda_5y,17.17953076649208
CMCSA,2026-08-07,avg_ev_ebitda_5y,6.1940189711871225
CME,2026-08-07,avg_ev_ebitda_5y,19.13137092572478
CMG,2026-08-07,avg_ev_ebitda_5y,30.678689676539506
CMI,2026-08-07,avg_ev_ebitda_5y,10.395054540496762
CMS,2026-08-07,avg_ev_ebitda_5y,12.961313618958899
CNC,2026-08-07,avg_ev_ebitda_5y,11.133067461437136
CNP,2026-08-07,avg_ev_ebitda_5y,11.375853365200317
COHR,2026-08-07,avg_ev_ebitda_5y,0.03863444108012253
COIN,2026-08-07,avg_ev_ebitda_5y,30.077256995677757
COR,2026-08-07,avg_ev_ebitda_5y,12.940393675394644
COST,2026-08-07,avg_ev_ebitda_5y,26.545389927046777
CPAY,2026-08-07,avg_ev_ebitda_5y,12.531954872137646
CPB,2026-08-07,avg_ev_ebitda_5y,10.46482559755374
CPRT,2026-08-07,avg_ev_ebitda_5y,22.809474797263373
CRH,2026-08-07,avg_ev_ebitda_5y,10.549948046158528
CRM,2026-08-07,avg_ev_ebitda_5y,29.101705703571838
CRWD,2026-08-07,avg_ev_ebitda_5y,285.9595227455774
CSCO,2026-08-07,avg_ev_ebitda_5y,15.273326413220321
CSGP,2026-08-07,avg_ev_ebitda_5y,73.17762921501505
CSX,2026-08-07,avg_ev_ebitda_5y,11.814988652758922
CTAS,2026-08-07,avg_ev_ebitda_5y,25.13751357101021
CTSH,2026-08-07,avg_ev_ebitda_5y,9.402885024648903
CVS,2026-08-07,avg_ev_ebitda_5y,9.637676074524393
D,2026-08-07,avg_ev_ebitda_5y,15.69052590069507
DAL,2026-08-07,avg_ev_ebitda_5y,6.212123219028704
DASH,2026-08-07,avg_ev_ebitda_5y,66.40928703819853
DDOG,2026-08-07,avg_ev_ebitda_5y,974.6396491149101
DE,2026-08-07,avg_ev_ebitda_5y,13.577619471771392
DECK,2026-08-07,avg_ev_ebitda_5y,15.230432169746871
DELL,2026-08-07,avg_ev_ebitda_5y,7.9332810857074785
DG,2026-08-07,avg_ev_ebitda_5y,10.468921032613776
DGX,2026-08-07,avg_ev_ebitda_5y,10.088564768341493
DIS,2026-08-07,avg_ev_ebitda_5y,11.615908792842577
DLTR,2026-08-07,avg_ev_ebitda_5y,10.519883608179505
DOV,2026-08-07,avg_ev_ebitda_5y,15.35669311602568
DPZ,2026-08-07,avg_ev_ebitda_5y,19.087824705057322
DRI,2026-08-07,avg_ev_ebitda_5y,11.334827419890367
DTE,2026-08-07,avg_ev_ebitda_5y,11.907467487142888
DUK,2026-08-07,avg_ev_ebitda_5y,11.398987163639353
DVA,2026-08-07,avg_ev_ebitda_5y,7.721293220274472
EA,2026-08-07,avg_ev_ebitda_5y,17.70332795501097
EBAY,2026-08-07,avg_ev_ebitda_5y,12.267855387466488
ECL,2026-08-07,avg_ev_ebitda_5y,21.632846549084842
ED,2026-08-07,avg_ev_ebitda_5y,10.339896553166222
EFX,2026-08-07,avg_ev_ebitda_5y,18.776823865553208
EIX,2026-08-07,avg_ev_ebitda_5y,9.84214713137917
EL,2026-08-07,avg_ev_ebitda_5y,32.844407727225935
ELV,2026-08-07,avg_ev_ebitda_5y,12.0679598436694
EME,2026-08-07,avg_ev_ebitda_5y,9.571776752383666
EOG,2026-08-07,avg_ev_ebitda_5y,4.979455930723314
EQT,2026-08-07,avg_ev_ebitda_5y,5.1132350705100915
ERIE,2026-08-07,avg_ev_ebitda_5y,14.250618638308888
ES,2026-08-07,avg_ev_ebitda_5y,11.666230051608185
ETN,2026-08-07,avg_ev_ebitda_5y,8.525684030864053
ETR,2026-08-07,avg_ev_ebitda_5y,10.90216860857599
EVRG,2026-08-07,avg_ev_ebitda_5y,10.24130939524342
EXC,2026-08-07,avg_ev_ebitda_5y,10.393257839749236
EXE,2026-08-07,avg_ev_ebitda_5y,3.0371000756513853
EXPE,2026-08-07,avg_ev_ebitda_5y,10.914857374880613
FANG,2026-08-07,avg_ev_ebitda_5y,5.223104936196981
FAST,2026-08-07,avg_ev_ebitda_5y,21.18461623546803
FCX,2026-08-07,avg_ev_ebitda_5y,6.551736243995762
FDS,2026-08-07,avg_ev_ebitda_5y,18.992441606854275
FDX,2026-08-07,avg_ev_ebitda_5y,6.416003216718981
FE,2026-08-07,avg_ev_ebitda_5y,11.695087356923572
FFIV,2026-08-07,avg_ev_ebitda_5y,20.89087174333278
FICO,2026-08-07,avg_ev_ebitda_5y,33.87458153038602
FIS,2026-08-07,avg_ev_ebitda_5y,13.14066069357305
FISV,2026-08-07,avg_ev_ebitda_5y,13.138543230657879
FIX,2026-08-07,avg_ev_ebitda_5y,14.350930233750635
FLEX,2026-08-07,avg_ev_ebitda_5y,8.080780871860304
FSLR,2026-08-07,avg_ev_ebitda_5y,13.491022349275399
FTNT,2026-08-07,avg_ev_ebitda_5y,38.23440743540407
FTV,2026-08-07,avg_ev_ebitda_5y,19.273463718028736
GD,2026-08-07,avg_ev_ebitda_5y,13.902290311030267
GDDY,2026-08-07,avg_ev_ebitda_5y,18.723562144887236
GE,2026-08-07,avg_ev_ebitda_5y,7.537176520186885
GEN,2026-08-07,avg_ev_ebitda_5y,13.361138598740977
GEV,2026-08-07,avg_ev_ebitda_5y,88.7973720203099
GIS,2026-08-07,avg_ev_ebitda_5y,11.084636041458149
GLW,2026-08-07,avg_ev_ebitda_5y,18.93619822922186
GM,2026-08-07,avg_ev_ebitda_5y,8.0998570839747
GNRC,2026-08-07,avg_ev_ebitda_5y,16.97860785422341
GOOG,2026-08-07,avg_ev_ebitda_5y,18.9746691146189
GOOGL,2026-08-07,avg_ev_ebitda_5y,18.879247150158943
GPC,2026-08-07,avg_ev_ebitda_5y,7.849482954001077
GPN,2026-08-07,avg_ev_ebitda_5y,12.682147344511343
GWW,2026-08-07,avg_ev_ebitda_5y,15.263146451071725
HAL,2026-08-07,avg_ev_ebitda_5y,7.862789358275635
HAS,2026-08-07,avg_ev_ebitda_5y,13.131840300874229
HD,2026-08-07,avg_ev_ebitda_5y,14.254045393668479
HII,2026-08-07,avg_ev_ebitda_5y,12.013524094106339
HLT,2026-08-07,avg_ev_ebitda_5y,25.155886290976277
HON,2026-08-07,avg_ev_ebitda_5y,15.868632341543703
HPE,2026-08-07,avg_ev_ebitda_5y,8.057915721086367
HPQ,2026-08-07,avg_ev_ebitda_5y,6.867264379109547
HRL,2026-08-07,avg_ev_ebitda_5y,15.250253847135703
HSIC,2026-08-07,avg_ev_ebitda_5y,13.13675129802528
HSY,2026-08-07,avg_ev_ebitda_5y,14.958394375763614
HUBB,2026-08-07,avg_ev_ebitda_5y,16.35122105785456
HUM,2026-08-07,avg_ev_ebitda_5y,11.647244576200608
HWM,2026-08-07,avg_ev_ebitda_5y,20.942819261185473
ICE,2026-08-07,avg_ev_ebitda_5y,16.926938979657997
IEX,2026-08-07,avg_ev_ebitda_5y,18.586305002033807
IFF,2026-08-07,avg_ev_ebitda_5y,21.93464070695322
INTC,2026-08-07,avg_ev_ebitda_5y,18.050657940996604
INTU,2026-08-07,avg_ev_ebitda_5y,35.916958724249106
IR,2026-08-07,avg_ev_ebitda_5y,21.590375919262886
IT,2026-08-07,avg_ev_ebitda_5y,19.41865927323528
ITW,2026-08-07,avg_ev_ebitda_5y,17.554024724910054
IVZ,2026-08-07,avg_ev_ebitda_5y,5.23980323319682
J,2026-08-07,avg_ev_ebitda_5y,20.50897093609742
JBHT,2026-08-07,avg_ev_ebitda_5y,11.13436533206009
JBL,2026-08-07,avg_ev_ebitda_5y,6.551641383717369
JCI,2026-08-07,avg_ev_ebitda_5y,10.214878416761488
JKHY,2026-08-07,avg_ev_ebitda_5y,22.028987707706353
KDP,2026-08-07,avg_ev_ebitda_5y,15.762551267065023
KEYS,2026-08-07,avg_ev_ebitda_5y,21.181776546603572
KHC,2026-08-07,avg_ev_ebitda_5y,12.47631676478003
KLAC,2026-08-07,avg_ev_ebitda_5y,14.465629296636326
KMB,2026-08-07,avg_ev_ebitda_5y,14.168363945599562
KMI,2026-08-07,avg_ev_ebitda_5y,11.204012893080373
KO,2026-08-07,avg_ev_ebitda_5y,22.43183237991799
KVUE,2026-08-07,avg_ev_ebitda_5y,14.993401792843432
LDOS,2026-08-07,avg_ev_ebitda_5y,12.11019534187057
LH,2026-08-07,avg_ev_ebitda_5y,11.30776907932969
LHX,2026-08-07,avg_ev_ebitda_5y,13.943862847127717
LII,2026-08-07,avg_ev_ebitda_5y,16.305522070970977
LIN,2026-08-07,avg_ev_ebitda_5y,17.5810209801191
LITE,2026-08-07,avg_ev_ebitda_5y,23.024236167014024
LMT,2026-08-07,avg_ev_ebitda_5y,10.630334974087868
LNT,2026-08-07,avg_ev_ebitda_5y,13.700962631325092
LOW,2026-08-07,avg_ev_ebitda_5y,12.261474262476892
LRCX,2026-08-07,avg_ev_ebitda_5y,16.2470260556948
LUV,2026-08-07,avg_ev_ebitda_5y,8.612072050404622
LVS,2026-08-07,avg_ev_ebitda_5y,17.116335617358608
LYB,2026-08-07,avg_ev_ebitda_5y,6.972489821998268
LYV,2026-08-07,avg_ev_ebitda_5y,18.391202070351575
MA,2026-08-07,avg_ev_ebitda_5y,26.92415871992217
MAR,2026-08-07,avg_ev_ebitda_5y,17.33337872185779
MAS,2026-08-07,avg_ev_ebitda_5y,10.446175410530893
MCD,2026-08-07,avg_ev_ebitda_5y,19.450256534328865
MCHP,2026-08-07,avg_ev_ebitda_5y,17.561143687121046
MCK,2026-08-07,avg_ev_ebitda_5y,14.865465890314933
MCO,2026-08-07,avg_ev_ebitda_5y,24.953607520587706
MDLZ,2026-08-07,avg_ev_ebitda_5y,16.29988549008337
META,2026-08-07,avg_ev_ebitda_5y,15.16322009604524
MGM,2026-08-07,avg_ev_ebitda_5y,5.508541637405694
MKC,2026-08-07,avg_ev_ebitda_5y,19.05554486620334
MLM,2026-08-07,avg_ev_ebitda_5y,16.103501272842298
MMM,2026-08-07,avg_ev_ebitda_5y,11.550656921376639
MNST,2026-08-07,avg_ev_ebitda_5y,26.09449445199681
MO,2026-08-07,avg_ev_ebitda_5y,8.20718918689122
MOS,2026-08-07,avg_ev_ebitda_5y,5.044693114886493
MPC,2026-08-07,avg_ev_ebitda_5y,4.951117127684559
MRSH,2026-08-07,avg_ev_ebitda_5y,17.514598800644123
MRVL,2026-08-07,avg_ev_ebitda_5y,57.43071479740306
MSCI,2026-08-07,avg_ev_ebitda_5y,31.695047675509333
MSFT,2026-08-07,avg_ev_ebitda_5y,22.759812319586658
MSI,2026-08-07,avg_ev_ebitda_5y,22.59909786149002
MU,2026-08-07,avg_ev_ebitda_5y,8.35551697668434
NCLH,2026-08-07,avg_ev_ebitda_5y,9.735368451128386
NDAQ,2026-08-07,avg_ev_ebitda_5y,18.926763090745002
NDSN,2026-08-07,avg_ev_ebitda_5y,17.93922042584934
NEE,2026-08-07,avg_ev_ebitda_5y,18.036820722578724
NFLX,2026-08-07,avg_ev_ebitda_5y,29.050762582050776
NI,2026-08-07,avg_ev_ebitda_5y,10.742187526039592
NOC,2026-08-07,avg_ev_ebitda_5y,15.27993217836998
NOW,2026-08-07,avg_ev_ebitda_5y,90.24264354122236
NRG,2026-08-07,avg_ev_ebitda_5y,5.894238932500608
NSC,2026-08-07,avg_ev_ebitda_5y,12.76617466219876
NTAP,2026-08-07,avg_ev_ebitda_5y,12.13699769247627
NVDA,2026-08-07,avg_ev_ebitda_5y,47.48552736732248
NXPI,2026-08-07,avg_ev_ebitda_5y,12.940726998448046
ODFL,2026-08-07,avg_ev_ebitda_5y,19.226074053819428
OKE,2026-08-07,avg_ev_ebitda_5y,10.95821960025825
OMC,2026-08-07,avg_ev_ebitda_5y,6.655844065587631
ON,2026-08-07,avg_ev_ebitda_5y,13.41107039576077
ORCL,2026-08-07,avg_ev_ebitda_5y,19.32106553604075
ORLY,2026-08-07,avg_ev_ebitda_5y,17.917114946772163
OTIS,2026-08-07,avg_ev_ebitda_5y,17.222078213741952
PANW,2026-08-07,avg_ev_ebitda_5y,132.04626860233353
PAYX,2026-08-07,avg_ev_ebitda_5y,17.746599091700617
PEG,2026-08-07,avg_ev_ebitda_5y,18.978300472360353
PEP,2026-08-07,avg_ev_ebitda_5y,15.808450454378512
PG,2026-08-07,avg_ev_ebitda_5y,17.23804962027276
PH,2026-08-07,avg_ev_ebitda_5y,14.616755642757049
PKG,2026-08-07,avg_ev_ebitda_5y,9.409923842628098
PM,2026-08-07,avg_ev_ebitda_5y,13.353038364772077
PNR,2026-08-07,avg_ev_ebitda_5y,16.035247593014383
PNW,2026-08-07,avg_ev_ebitda_5y,9.541780484656996
POOL,2026-08-07,avg_ev_ebitda_5y,21.922601991620244
PPG,2026-08-07,avg_ev_ebitda_5y,12.370931747450706
PPL,2026-08-07,avg_ev_ebitda_5y,11.67218978383846
PTC,2026-08-07,avg_ev_ebitda_5y,25.80469493226026
PWR,2026-08-07,avg_ev_ebitda_5y,21.20281396035835
PYPL,2026-08-07,avg_ev_ebitda_5y,13.520152300902911
QCOM,2026-08-07,avg_ev_ebitda_5y,12.383679238070545
RCL,2026-08-07,avg_ev_ebitda_5y,14.813661018232013
RL,2026-08-07,avg_ev_ebitda_5y,9.356317670868833
ROK,2026-08-07,avg_ev_ebitda_5y,21.01755389606905
ROL,2026-08-07,avg_ev_ebitda_5y,30.781736201327966
ROP,2026-08-07,avg_ev_ebitda_5y,22.367595495428464
ROST,2026-08-07,avg_ev_ebitda_5y,15.888144113443046
RSG,2026-08-07,avg_ev_ebitda_5y,15.114009494132475
RTX,2026-08-07,avg_ev_ebitda_5y,17.65788325874676
SBUX,2026-08-07,avg_ev_ebitda_5y,17.415706809822954
SJM,2026-08-07,avg_ev_ebitda_5y,13.800439672003177
SMCI,2026-08-07,avg_ev_ebitda_5y,11.84984668621174
SNA,2026-08-07,avg_ev_ebitda_5y,10.10984922701237
SNDK,2026-08-07,avg_ev_ebitda_5y,19.285000764100868
SNPS,2026-08-07,avg_ev_ebitda_5y,45.25432965996858
SO,2026-08-07,avg_ev_ebitda_5y,12.479356585214196
SPGI,2026-08-07,avg_ev_ebitda_5y,21.530583804426602
STLD,2026-08-07,avg_ev_ebitda_5y,5.060435628617679
STX,2026-08-07,avg_ev_ebitda_5y,15.398586893678175
STZ,2026-08-07,avg_ev_ebitda_5y,16.374508128704125
SW,2026-08-07,avg_ev_ebitda_5y,8.374615504412342
SWK,2026-08-07,avg_ev_ebitda_5y,10.604807702331842
SWKS,2026-08-07,avg_ev_ebitda_5y,9.585066455357882
SYY,2026-08-07,avg_ev_ebitda_5y,11.935831384423361
T,2026-08-07,avg_ev_ebitda_5y,7.29679858429724
TAP,2026-08-07,avg_ev_ebitda_5y,9.064753045601893
TDG,2026-08-07,avg_ev_ebitda_5y,20.85828369294054
TDY,2026-08-07,avg_ev_ebitda_5y,18.624339821698538
TEL,2026-08-07,avg_ev_ebitda_5y,13.079325686381685
TER,2026-08-07,avg_ev_ebitda_5y,17.004617548623006
TGT,2026-08-07,avg_ev_ebitda_5y,5.993236588099168
TJX,2026-08-07,avg_ev_ebitda_5y,9.832783479286878
TKO,2026-08-07,avg_ev_ebitda_5y,28.49487862259216
TMUS,2026-08-07,avg_ev_ebitda_5y,9.942073205275323
TPR,2026-08-07,avg_ev_ebitda_5y,8.837710312191327
TRGP,2026-08-07,avg_ev_ebitda_5y,10.55511621523822
TRMB,2026-08-07,avg_ev_ebitda_5y,25.686767720229714
TSCO,2026-08-07,avg_ev_ebitda_5y,13.760960191720827
TSLA,2026-08-07,avg_ev_ebitda_5y,73.2997079609504
TSN,2026-08-07,avg_ev_ebitda_5y,7.833813779142807
TT,2026-08-07,avg_ev_ebitda_5y,18.942710936661797
TTWO,2026-08-07,avg_ev_ebitda_5y,395.59650053022267
TXN,2026-08-07,avg_ev_ebitda_5y,18.153711288184294
TYL,2026-08-07,avg_ev_ebitda_5y,45.67927927031741
UAL,2026-08-07,avg_ev_ebitda_5y,6.24657864172675
UBER,2026-08-07,avg_ev_ebitda_5y,41.22382828803941
UHS,2026-08-07,avg_ev_ebitda_5y,7.72628508699017
ULTA,2026-08-07,avg_ev_ebitda_5y,15.705569068432442
UNH,2026-08-07,avg_ev_ebitda_5y,13.835711450854058
UNP,2026-08-07,avg_ev_ebitda_5y,13.538301316595645
UPS,2026-08-07,avg_ev_ebitda_5y,9.352751240512907
URI,2026-08-07,avg_ev_ebitda_5y,11.713387841828546
V,2026-08-07,avg_ev_ebitda_5y,20.024609899258976
VLO,2026-08-07,avg_ev_ebitda_5y,6.299475129790561
VLTO,2026-08-07,avg_ev_ebitda_5y,19.390355991053617
VMC,2026-08-07,avg_ev_ebitda_5y,17.54440236203747
VRSK,2026-08-07,avg_ev_ebitda_5y,24.686137775566376
VRSN,2026-08-07,avg_ev_ebitda_5y,21.5261742923284
VRT,2026-08-07,avg_ev_ebitda_5y,21.162031888704117
VST,2026-08-07,avg_ev_ebitda_5y,11.096118717043828
VZ,2026-08-07,avg_ev_ebitda_5y,6.166244243987197
WAB,2026-08-07,avg_ev_ebitda_5y,15.405112757282962
WBD,2026-08-07,avg_ev_ebitda_5y,11.531289500338344
WDAY,2026-08-07,avg_ev_ebitda_5y,122.56456273081805
WDC,2026-08-07,avg_ev_ebitda_5y,8.738681596137308
WEC,2026-08-07,avg_ev_ebitda_5y,13.61545410295826
WM,2026-08-07,avg_ev_ebitda_5y,15.258545639308428
WMB,2026-08-07,avg_ev_ebitda_5y,12.24558973516132
WMT,2026-08-07,avg_ev_ebitda_5y,13.9961338457136
WSM,2026-08-07,avg_ev_ebitda_5y,6.854482649536147
WTW,2026-08-07,avg_ev_ebitda_5y,14.8444656545466
WYNN,2026-08-07,avg_ev_ebitda_5y,15.554683653409391
XEL,2026-08-07,avg_ev_ebitda_5y,12.240871155405166
XYL,2026-08-07,avg_ev_ebitda_5y,20.979711178739787
XYZ,2026-08-07,avg_ev_ebitda_5y,38.9871988772828
YUM,2026-08-07,avg_ev_ebitda_5y,19.14527627774627
ZBRA,2026-08-07,avg_ev_ebitda_5y,20.40024735304649
AAPL,2026-08-07,avg_ev_ebitda_5y_median,22.973001629381613
ABNB,2026-08-07,avg_ev_ebitda_5y_median,40.4968011329906
ACN,2026-08-07,avg_ev_ebitda_5y_median,17.131615403592534
ADBE,2026-08-07,avg_ev_ebitda_5y_median,27.936084359196727
ADI,2026-08-07,avg_ev_ebitda_5y_median,21.280279159203914
ADSK,2026-08-07,avg_ev_ebitda_5y_median,41.551943832224936
AEE,2026-08-07,avg_ev_ebitda_5y_median,12.648490796474428
AEP,2026-08-07,avg_ev_ebitda_5y_median,11.784720716939692
AKAM,2026-08-07,avg_ev_ebitda_5y_median,13.735918270828943
ALB,2026-08-07,avg_ev_ebitda_5y_median,21.528086761090595
ALLE,2026-08-07,avg_ev_ebitda_5y_median,15.105434038836336
AMAT,2026-08-07,avg_ev_ebitda_5y_median,16.51971141604384
AMCR,2026-08-07,avg_ev_ebitda_5y_median,10.572456932583346
AMD,2026-08-07,avg_ev_ebitda_5y_median,58.29273423203477
AME,2026-08-07,avg_ev_ebitda_5y_median,19.26656020542032
AMZN,2026-08-07,avg_ev_ebitda_5y_median,18.802059977666396
AON,2026-08-07,avg_ev_ebitda_5y_median,20.488507661514713
AOS,2026-08-07,avg_ev_ebitda_5y_median,12.499188564636944
APD,2026-08-07,avg_ev_ebitda_5y_median,16.186856934328144
APH,2026-08-07,avg_ev_ebitda_5y_median,21.75727097101285
APP,2026-08-07,avg_ev_ebitda_5y_median,27.68236831410873
APTV,2026-08-07,avg_ev_ebitda_5y_median,12.193762759885388
ATO,2026-08-07,avg_ev_ebitda_5y_median,13.79855040280491
AVGO,2026-08-07,avg_ev_ebitda_5y_median,34.2674377336964
AWK,2026-08-07,avg_ev_ebitda_5y_median,15.968767478338606
AXON,2026-08-07,avg_ev_ebitda_5y_median,438.5924006485858
AZO,2026-08-07,avg_ev_ebitda_5y_median,14.578338020229221
BA,2026-08-07,avg_ev_ebitda_5y_median,140.01635067496503
BBY,2026-08-07,avg_ev_ebitda_5y_median,5.725514816840072
BEN,2026-08-07,avg_ev_ebitda_5y_median,5.450371733204184
BF-B,2026-08-07,avg_ev_ebitda_5y_median,20.553494384767454
BKNG,2026-08-07,avg_ev_ebitda_5y_median,18.610509095881902
BLDR,2026-08-07,avg_ev_ebitda_5y_median,9.231535046172542
BLK,2026-08-07,avg_ev_ebitda_5y_median,18.53144209922526
BR,2026-08-07,avg_ev_ebitda_5y_median,23.14802717445965
CAG,2026-08-07,avg_ev_ebitda_5y_median,11.817329137586249
CAH,2026-08-07,avg_ev_ebitda_5y_median,14.168933792449485
CARR,2026-08-07,avg_ev_ebitda_5y_median,15.74721792627409
CAT,2026-08-07,avg_ev_ebitda_5y_median,13.153421238726681
CBOE,2026-08-07,avg_ev_ebitda_5y_median,16.294640772674818
CBRE,2026-08-07,avg_ev_ebitda_5y_median,16.620194011649275
CCL,2026-08-07,avg_ev_ebitda_5y_median,9.247796529933797
CDNS,2026-08-07,avg_ev_ebitda_5y_median,49.76065711568271
CDW,2026-08-07,avg_ev_ebitda_5y_median,14.888007325698801
CE,2026-08-07,avg_ev_ebitda_5y_median,10.749099479968205
CEG,2026-08-07,avg_ev_ebitda_5y_median,12.072083809059428
CF,2026-08-07,avg_ev_ebitda_5y_median,6.771068226059659
CHD,2026-08-07,avg_ev_ebitda_5y_median,23.223571575196118
CHRW,2026-08-07,avg_ev_ebitda_5y_median,16.49956448986407
CHTR,2026-08-07,avg_ev_ebitda_5y_median,6.943327792632749
CI,2026-08-07,avg_ev_ebitda_5y_median,8.920655194838476
CIEN,2026-08-07,avg_ev_ebitda_5y_median,20.318081699308017
CL,2026-08-07,avg_ev_ebitda_5y_median,17.133284024368496
CMCSA,2026-08-07,avg_ev_ebitda_5y_median,6.248397323725713
CME,2026-08-07,avg_ev_ebitda_5y_median,18.870329109504546
CMG,2026-08-07,avg_ev_ebitda_5y_median,33.45984402373996
CMI,2026-08-07,avg_ev_ebitda_5y_median,9.328711853059374
CMS,2026-08-07,avg_ev_ebitda_5y_median,12.970521571393924
CNC,2026-08-07,avg_ev_ebitda_5y_median,10.449983780462311
CNP,2026-08-07,avg_ev_ebitda_5y_median,11.164971714957307
COHR,2026-08-07,avg_ev_ebitda_5y_median,9.019166929321756
COIN,2026-08-07,avg_ev_ebitda_5y_median,37.48085041632147
COR,2026-08-07,avg_ev_ebitda_5y_median,12.882784955449312
COST,2026-08-07,avg_ev_ebitda_5y_median,27.28738242897695
CPAY,2026-08-07,avg_ev_ebitda_5y_median,12.397387448749402
CPB,2026-08-07,avg_ev_ebitda_5y_median,10.154061839660194
CPRT,2026-08-07,avg_ev_ebitda_5y_median,22.993446220328334
CRH,2026-08-07,avg_ev_ebitda_5y_median,10.65255359974858
CRM,2026-08-07,avg_ev_ebitda_5y_median,30.588146355019646
CRWD,2026-08-07,avg_ev_ebitda_5y_median,375.43428789680706
CSCO,2026-08-07,avg_ev_ebitda_5y_median,14.8231605546072
CSGP,2026-08-07,avg_ev_ebitda_5y_median,80.42829123274673
CSX,2026-08-07,avg_ev_ebitda_5y_median,11.97244150836851
CTAS,2026-08-07,avg_ev_ebitda_5y_median,24.368583710295137
CTSH,2026-08-07,avg_ev_ebitda_5y_median,9.817789909510168
CVS,2026-08-07,avg_ev_ebitda_5y_median,9.06338548905894
D,2026-08-07,avg_ev_ebitda_5y_median,14.403087565748134
DAL,2026-08-07,avg_ev_ebitda_5y_median,6.0910161038562345
DASH,2026-08-07,avg_ev_ebitda_5y_median,78.82243880416509
DDOG,2026-08-07,avg_ev_ebitda_5y_median,1331.0796418615955
DE,2026-08-07,avg_ev_ebitda_5y_median,13.833243093561263
DECK,2026-08-07,avg_ev_ebitda_5y_median,15.23043216974687
DELL,2026-08-07,avg_ev_ebitda_5y_median,8.418055895020913
DG,2026-08-07,avg_ev_ebitda_5y_median,10.694595740830088
DGX,2026-08-07,avg_ev_ebitda_5y_median,11.227969611873345
DIS,2026-08-07,avg_ev_ebitda_5y_median,11.02463796337142
DLTR,2026-08-07,avg_ev_ebitda_5y_median,10.397544852200348
DOV,2026-08-07,avg_ev_ebitda_5y_median,15.672344472547124
DPZ,2026-08-07,avg_ev_ebitda_5y_median,19.75672280827804
DRI,2026-08-07,avg_ev_ebitda_5y_median,11.408712221473586
DTE,2026-08-07,avg_ev_ebitda_5y_median,12.112216926816295
DUK,2026-08-07,avg_ev_ebitda_5y_median,11.182568757102029
DVA,2026-08-07,avg_ev_ebitda_5y_median,7.612833989352328
EA,2026-08-07,avg_ev_ebitda_5y_median,17.70332795501097
EBAY,2026-08-07,avg_ev_ebitda_5y_median,12.767589766099192
ECL,2026-08-07,avg_ev_ebitda_5y_median,21.380426527308554
ED,2026-08-07,avg_ev_ebitda_5y_median,10.69814846007559
EFX,2026-08-07,avg_ev_ebitda_5y_median,19.582589118080143
EIX,2026-08-07,avg_ev_ebitda_5y_median,11.367331496866667
EL,2026-08-07,avg_ev_ebitda_5y_median,31.092084102138863
ELV,2026-08-07,avg_ev_ebitda_5y_median,11.753154493333087
EME,2026-08-07,avg_ev_ebitda_5y_median,9.576609240108075
EOG,2026-08-07,avg_ev_ebitda_5y_median,5.014919150265369
EQT,2026-08-07,avg_ev_ebitda_5y_median,6.125127760204146
ERIE,2026-08-07,avg_ev_ebitda_5y_median,14.250618638308888
ES,2026-08-07,avg_ev_ebitda_5y_median,12.305754506768288
ETN,2026-08-07,avg_ev_ebitda_5y_median,8.525684030864053
ETR,2026-08-07,avg_ev_ebitda_5y_median,10.953642602891208
EVRG,2026-08-07,avg_ev_ebitda_5y_median,10.072216557109506
EXC,2026-08-07,avg_ev_ebitda_5y_median,10.371820355472373
EXE,2026-08-07,avg_ev_ebitda_5y_median,3.5633697568449554
EXPE,2026-08-07,avg_ev_ebitda_5y_median,9.86556499974145
FANG,2026-08-07,avg_ev_ebitda_5y_median,5.481747838514117
FAST,2026-08-07,avg_ev_ebitda_5y_median,22.106513253779507
FCX,2026-08-07,avg_ev_ebitda_5y_median,7.068221373156041
FDS,2026-08-07,avg_ev_ebitda_5y_median,21.81234472309924
FDX,2026-08-07,avg_ev_ebitda_5y_median,6.344480987576738
FE,2026-08-07,avg_ev_ebitda_5y_median,11.53735288006996
FFIV,2026-08-07,avg_ev_ebitda_5y_median,23.752695595467888
FICO,2026-08-07,avg_ev_ebitda_5y_median,35.67987597308401
FIS,2026-08-07,avg_ev_ebitda_5y_median,14.290664336609737
FISV,2026-08-07,avg_ev_ebitda_5y_median,14.47146537843474
FIX,2026-08-07,avg_ev_ebitda_5y_median,14.470950635804313
FLEX,2026-08-07,avg_ev_ebitda_5y_median,8.226238415930073
FSLR,2026-08-07,avg_ev_ebitda_5y_median,12.351679041948078
FTNT,2026-08-07,avg_ev_ebitda_5y_median,36.86303794871366
FTV,2026-08-07,avg_ev_ebitda_5y_median,18.695921142312343
GD,2026-08-07,avg_ev_ebitda_5y_median,13.778677508468249
GDDY,2026-08-07,avg_ev_ebitda_5y_median,25.468598667029532
GE,2026-08-07,avg_ev_ebitda_5y_median,7.537176520186886
GEN,2026-08-07,avg_ev_ebitda_5y_median,12.843251917602894
GEV,2026-08-07,avg_ev_ebitda_5y_median,91.46441878604813
GIS,2026-08-07,avg_ev_ebitda_5y_median,11.471851171779107
GLW,2026-08-07,avg_ev_ebitda_5y_median,18.311592508849483
GM,2026-08-07,avg_ev_ebitda_5y_median,7.565226134373058
GNRC,2026-08-07,avg_ev_ebitda_5y_median,16.182730535986522
GOOG,2026-08-07,avg_ev_ebitda_5y_median,18.376259646428146
GOOGL,2026-08-07,avg_ev_ebitda_5y_median,18.26538647831734
GPC,2026-08-07,avg_ev_ebitda_5y_median,7.849482954001077
GPN,2026-08-07,avg_ev_ebitda_5y_median,12.363028468794436
GWW,2026-08-07,avg_ev_ebitda_5y_median,16.034657595274503
HAL,2026-08-07,avg_ev_ebitda_5y_median,7.9892525191410515
HAS,2026-08-07,avg_ev_ebitda_5y_median,13.131840300874229
HD,2026-08-07,avg_ev_ebitda_5y_median,14.803815230747059
HII,2026-08-07,avg_ev_ebitda_5y_median,11.867944442063301
HLT,2026-08-07,avg_ev_ebitda_5y_median,26.1560865186504
HON,2026-08-07,avg_ev_ebitda_5y_median,16.38114142369407
HPE,2026-08-07,avg_ev_ebitda_5y_median,7.5144063261145835
HPQ,2026-08-07,avg_ev_ebitda_5y_median,7.024062356653567
HRL,2026-08-07,avg_ev_ebitda_5y_median,15.136193747391612
HSIC,2026-08-07,avg_ev_ebitda_5y_median,13.13675129802528
HSY,2026-08-07,avg_ev_ebitda_5y_median,16.691916332803476
HUBB,2026-08-07,avg_ev_ebitda_5y_median,16.83404907488193
HUM,2026-08-07,avg_ev_ebitda_5y_median,11.61454948788136
HWM,2026-08-07,avg_ev_ebitda_5y_median,19.324539338335434
ICE,2026-08-07,avg_ev_ebitda_5y_median,17.60014523672717
IEX,2026-08-07,avg_ev_ebitda_5y_median,18.622747894441304
IFF,2026-08-07,avg_ev_ebitda_5y_median,21.789586374897787
INTC,2026-08-07,avg_ev_ebitda_5y_median,21.66441189624329
INTU,2026-08-07,avg_ev_ebitda_5y_median,38.81410285902905
IR,2026-08-07,avg_ev_ebitda_5y_median,21.349310618396295
IT,2026-08-07,avg_ev_ebitda_5y_median,22.713734318589808
ITW,2026-08-07,avg_ev_ebitda_5y_median,17.838689181550805
IVZ,2026-08-07,avg_ev_ebitda_5y_median,5.553173844503429
J,2026-08-07,avg_ev_ebitda_5y_median,20.738966894651544
JBHT,2026-08-07,avg_ev_ebitda_5y_median,11.386483964419256
JBL,2026-08-07,avg_ev_ebitda_5y_median,5.910150569025648
JCI,2026-08-07,avg_ev_ebitda_5y_median,10.214878416761488
JKHY,2026-08-07,avg_ev_ebitda_5y_median,22.69717233155707
KDP,2026-08-07,avg_ev_ebitda_5y_median,15.893666167683303
KEYS,2026-08-07,avg_ev_ebitda_5y_median,21.534131830425565
KHC,2026-08-07,avg_ev_ebitda_5y_median,12.471102068396295
KLAC,2026-08-07,avg_ev_ebitda_5y_median,14.465629296636326
KMB,2026-08-07,avg_ev_ebitda_5y_median,14.63736467189555
KMI,2026-08-07,avg_ev_ebitda_5y_median,11.283484379164069
KO,2026-08-07,avg_ev_ebitda_5y_median,22.275191406699605
KVUE,2026-08-07,avg_ev_ebitda_5y_median,14.756248909943368
LDOS,2026-08-07,avg_ev_ebitda_5y_median,11.635806961794053
LH,2026-08-07,avg_ev_ebitda_5y_median,13.292385655006356
LHX,2026-08-07,avg_ev_ebitda_5y_median,13.5305137700021
LII,2026-08-07,avg_ev_ebitda_5y_median,16.568249614422054
LIN,2026-08-07,avg_ev_ebitda_5y_median,17.68632379312121
LITE,2026-08-07,avg_ev_ebitda_5y_median,22.072800859588668
LMT,2026-08-07,avg_ev_ebitda_5y_median,10.630334974087868
LNT,2026-08-07,avg_ev_ebitda_5y_median,13.543694785208531
LOW,2026-08-07,avg_ev_ebitda_5y_median,12.313735019049453
LRCX,2026-08-07,avg_ev_ebitda_5y_median,17.485242833469172
LUV,2026-08-07,avg_ev_ebitda_5y_median,9.19172546116786
LVS,2026-08-07,avg_ev_ebitda_5y_median,12.899780288664616
LYB,2026-08-07,avg_ev_ebitda_5y_median,8.015715677280504
LYV,2026-08-07,avg_ev_ebitda_5y_median,18.094053158070068
MA,2026-08-07,avg_ev_ebitda_5y_median,27.210652290599523
MAR,2026-08-07,avg_ev_ebitda_5y_median,17.33337872185779
MAS,2026-08-07,avg_ev_ebitda_5y_median,10.68784757005431
MCD,2026-08-07,avg_ev_ebitda_5y_median,19.802618959789164
MCHP,2026-08-07,avg_ev_ebitda_5y_median,19.075154481585315
MCK,2026-08-07,avg_ev_ebitda_5y_median,16.170832933555722
MCO,2026-08-07,avg_ev_ebitda_5y_median,25.627573882343533
MDLZ,2026-08-07,avg_ev_ebitda_5y_median,16.904164886559304
META,2026-08-07,avg_ev_ebitda_5y_median,16.99359038349
MGM,2026-08-07,avg_ev_ebitda_5y_median,6.722301199499206
MKC,2026-08-07,avg_ev_ebitda_5y_median,19.273344752704674
MLM,2026-08-07,avg_ev_ebitda_5y_median,17.179374478982233
MMM,2026-08-07,avg_ev_ebitda_5y_median,12.905286168545667
MNST,2026-08-07,avg_ev_ebitda_5y_median,25.90582580602187
MO,2026-08-07,avg_ev_ebitda_5y_median,7.528424949690101
MOS,2026-08-07,avg_ev_ebitda_5y_median,6.065108505023334
MPC,2026-08-07,avg_ev_ebitda_5y_median,6.101850367088856
MRSH,2026-08-07,avg_ev_ebitda_5y_median,17.737667966448512
MRVL,2026-08-07,avg_ev_ebitda_5y_median,67.8596011197288
MSCI,2026-08-07,avg_ev_ebitda_5y_median,31.272410991034175
MSFT,2026-08-07,avg_ev_ebitda_5y_median,23.601363026373832
MSI,2026-08-07,avg_ev_ebitda_5y_median,22.726498356955226
MU,2026-08-07,avg_ev_ebitda_5y_median,8.401696594004292
NCLH,2026-08-07,avg_ev_ebitda_5y_median,8.881309359951985
NDAQ,2026-08-07,avg_ev_ebitda_5y_median,20.052733601383736
NDSN,2026-08-07,avg_ev_ebitda_5y_median,17.771546924878432
NEE,2026-08-07,avg_ev_ebitda_5y_median,16.952507644585875
NFLX,2026-08-07,avg_ev_ebitda_5y_median,31.349208626205954
NI,2026-08-07,avg_ev_ebitda_5y_median,10.753643697104359
NOC,2026-08-07,avg_ev_ebitda_5y_median,16.079191313994322
NOW,2026-08-07,avg_ev_ebitda_5y_median,103.05775729465356
NRG,2026-08-07,avg_ev_ebitda_5y_median,7.1364053747690175
NSC,2026-08-07,avg_ev_ebitda_5y_median,12.840527912100265
NTAP,2026-08-07,avg_ev_ebitda_5y_median,11.8807765857294
NVDA,2026-08-07,avg_ev_ebitda_5y_median,45.76173107166001
NXPI,2026-08-07,avg_ev_ebitda_5y_median,13.627260500738036
ODFL,2026-08-07,avg_ev_ebitda_5y_median,19.59997784332466
OKE,2026-08-07,avg_ev_ebitda_5y_median,10.922257187747086
OMC,2026-08-07,avg_ev_ebitda_5y_median,7.080733768534204
ON,2026-08-07,avg_ev_ebitda_5y_median,12.978009008494695
ORCL,2026-08-07,avg_ev_ebitda_5y_median,18.992238584923186
ORLY,2026-08-07,avg_ev_ebitda_5y_median,18.12553206109063
OTIS,2026-08-07,avg_ev_ebitda_5y_median,17.56871907297547
PANW,2026-08-07,avg_ev_ebitda_5y_median,119.220743348651
PAYX,2026-08-07,avg_ev_ebitda_5y_median,18.5530513769734
PEG,2026-08-07,avg_ev_ebitda_5y_median,22.47949113908173
PEP,2026-08-07,avg_ev_ebitda_5y_median,15.457583027941451
PG,2026-08-07,avg_ev_ebitda_5y_median,17.580086033421093
PH,2026-08-07,avg_ev_ebitda_5y_median,14.153871837321212
PKG,2026-08-07,avg_ev_ebitda_5y_median,10.094418252363589
PM,2026-08-07,avg_ev_ebitda_5y_median,14.166091675817661
PNR,2026-08-07,avg_ev_ebitda_5y_median,16.643990070155027
PNW,2026-08-07,avg_ev_ebitda_5y_median,9.455963348768144
POOL,2026-08-07,avg_ev_ebitda_5y_median,21.922601991620244
PPG,2026-08-07,avg_ev_ebitda_5y_median,12.329613967304113
PPL,2026-08-07,avg_ev_ebitda_5y_median,11.765799451409407
PTC,2026-08-07,avg_ev_ebitda_5y_median,29.10865629246569
PWR,2026-08-07,avg_ev_ebitda_5y_median,20.664750826486
PYPL,2026-08-07,avg_ev_ebitda_5y_median,13.065258532121483
QCOM,2026-08-07,avg_ev_ebitda_5y_median,13.097772999616115
RCL,2026-08-07,avg_ev_ebitda_5y_median,14.1110872199612
RL,2026-08-07,avg_ev_ebitda_5y_median,9.809755515106001
ROK,2026-08-07,avg_ev_ebitda_5y_median,20.870808974855116
ROL,2026-08-07,avg_ev_ebitda_5y_median,33.301970729929735
ROP,2026-08-07,avg_ev_ebitda_5y_median,23.595700395427123
ROST,2026-08-07,avg_ev_ebitda_5y_median,15.462503451095376
RSG,2026-08-07,avg_ev_ebitda_5y_median,15.211865161063457
RTX,2026-08-07,avg_ev_ebitda_5y_median,17.58732131677594
SBUX,2026-08-07,avg_ev_ebitda_5y_median,18.08262580740403
SJM,2026-08-07,avg_ev_ebitda_5y_median,12.01143999026401
SMCI,2026-08-07,avg_ev_ebitda_5y_median,13.749659550706344
SNA,2026-08-07,avg_ev_ebitda_5y_median,10.312986001269685
SNDK,2026-08-07,avg_ev_ebitda_5y_median,19.285000764100868
SNPS,2026-08-07,avg_ev_ebitda_5y_median,46.32866322632856
SO,2026-08-07,avg_ev_ebitda_5y_median,12.41655029302526
SPGI,2026-08-07,avg_ev_ebitda_5y_median,22.271157183451276
STLD,2026-08-07,avg_ev_ebitda_5y_median,6.447481687128133
STX,2026-08-07,avg_ev_ebitda_5y_median,22.091206621583613
STZ,2026-08-07,avg_ev_ebitda_5y_median,14.805852764861754
SW,2026-08-07,avg_ev_ebitda_5y_median,8.196007390996852
SWK,2026-08-07,avg_ev_ebitda_5y_median,10.604807702331842
SWKS,2026-08-07,avg_ev_ebitda_5y_median,10.262056947212237
SYY,2026-08-07,avg_ev_ebitda_5y_median,11.86575543084085
T,2026-08-07,avg_ev_ebitda_5y_median,6.769882459623187
TAP,2026-08-07,avg_ev_ebitda_5y_median,8.29888581828543
TDG,2026-08-07,avg_ev_ebitda_5y_median,21.819788229439933
TDY,2026-08-07,avg_ev_ebitda_5y_median,18.28819572648884
TEL,2026-08-07,avg_ev_ebitda_5y_median,13.175378650257525
TER,2026-08-07,avg_ev_ebitda_5y_median,17.696456157693667
TGT,2026-08-07,avg_ev_ebitda_5y_median,5.993236588099168
TJX,2026-08-07,avg_ev_ebitda_5y_median,9.832783479286878
TKO,2026-08-07,avg_ev_ebitda_5y_median,33.62829193457815
TMUS,2026-08-07,avg_ev_ebitda_5y_median,9.739614578663513
TPR,2026-08-07,avg_ev_ebitda_5y_median,7.946473381524745
TRGP,2026-08-07,avg_ev_ebitda_5y_median,11.35994458247193
TRMB,2026-08-07,avg_ev_ebitda_5y_median,25.36743391796505
TSCO,2026-08-07,avg_ev_ebitda_5y_median,14.507763773945317
TSLA,2026-08-07,avg_ev_ebitda_5y_median,79.08162769134701
TSN,2026-08-07,avg_ev_ebitda_5y_median,8.92532534648435
TT,2026-08-07,avg_ev_ebitda_5y_median,19.41770136214094
TTWO,2026-08-07,avg_ev_ebitda_5y_median,395.59650053022267
TXN,2026-08-07,avg_ev_ebitda_5y_median,19.1147516142141
TYL,2026-08-07,avg_ev_ebitda_5y_median,48.249415053836564
UAL,2026-08-07,avg_ev_ebitda_5y_median,5.864873377040751
UBER,2026-08-07,avg_ev_ebitda_5y_median,40.1708945408911
UHS,2026-08-07,avg_ev_ebitda_5y_median,7.729858536317323
ULTA,2026-08-07,avg_ev_ebitda_5y_median,15.705569068432442
UNH,2026-08-07,avg_ev_ebitda_5y_median,13.85715364649187
UNP,2026-08-07,avg_ev_ebitda_5y_median,13.565302582534976
UPS,2026-08-07,avg_ev_ebitda_5y_median,9.779822010017432
URI,2026-08-07,avg_ev_ebitda_5y_median,12.23749135535692
V,2026-08-07,avg_ev_ebitda_5y_median,19.669973061476767
VLO,2026-08-07,avg_ev_ebitda_5y_median,8.235515073160514
VLTO,2026-08-07,avg_ev_ebitda_5y_median,19.770295026881072
VMC,2026-08-07,avg_ev_ebitda_5y_median,17.638430994531284
VRSK,2026-08-07,avg_ev_ebitda_5y_median,26.26427807654491
VRSN,2026-08-07,avg_ev_ebitda_5y_median,21.5261742923284
VRT,2026-08-07,avg_ev_ebitda_5y_median,22.045075990613242
VST,2026-08-07,avg_ev_ebitda_5y_median,12.339166422577726
VZ,2026-08-07,avg_ev_ebitda_5y_median,6.166795507547951
WAB,2026-08-07,avg_ev_ebitda_5y_median,15.052935757479789
WBD,2026-08-07,avg_ev_ebitda_5y_median,11.166843375377022
WDAY,2026-08-07,avg_ev_ebitda_5y_median,213.6821546849696
WDC,2026-08-07,avg_ev_ebitda_5y_median,8.913864367886594
WEC,2026-08-07,avg_ev_ebitda_5y_median,13.899296527504404
WM,2026-08-07,avg_ev_ebitda_5y_median,15.221776458140914
WMB,2026-08-07,avg_ev_ebitda_5y_median,12.131560708390642
WMT,2026-08-07,avg_ev_ebitda_5y_median,13.049856218893535
WSM,2026-08-07,avg_ev_ebitda_5y_median,6.757886494316144
WTW,2026-08-07,avg_ev_ebitda_5y_median,14.879672504245441
WYNN,2026-08-07,avg_ev_ebitda_5y_median,12.382305423391093
XEL,2026-08-07,avg_ev_ebitda_5y_median,12.075326529003295
XYL,2026-08-07,avg_ev_ebitda_5y_median,21.613500966158227
XYZ,2026-08-07,avg_ev_ebitda_5y_median,35.29471323791573
YUM,2026-08-07,avg_ev_ebitda_5y_median,19.185245160765355
ZBRA,2026-08-07,avg_ev_ebitda_5y_median,21.73850919522207
AAPL,2026-08-07,avg_ev_ebitda_5y_diverges,0.0
ABNB,2026-08-07,avg_ev_ebitda_5y_diverges,0.0
ACN,2026-08-07,avg_ev_ebitda_5y_diverges,0.0
ADBE,2026-08-07,avg_ev_ebitda_5y_diverges,0.0
ADI,2026-08-07,avg_ev_ebitda_5y_diverges,0.0
ADSK,2026-08-07,avg_ev_ebitda_5y_diverges,0.0
AEE,2026-08-07,avg_ev_ebitda_5y_diverges,0.0
AEP,2026-08-07,avg_ev_ebitda_5y_diverges,0.0
AKAM,2026-08-07,avg_ev_ebitda_5y_diverges,0.0
ALB,2026-08-07,avg_ev_ebitda_5y_diverges,1.0
ALLE,2026-08-07,avg_ev_ebitda_5y_diverges,0.0
AMAT,2026-08-07,avg_ev_ebitda_5y_diverges,0.0
AMCR,2026-08-07,avg_ev_ebitda_5y_diverges,0.0
AMD,2026-08-07,avg_ev_ebitda_5y_diverges,0.0
AME,2026-08-07,avg_ev_ebitda_5y_diverges,0.0
AMZN,2026-08-07,avg_ev_ebitda_5y_diverges,0.0
AON,2026-08-07,avg_ev_ebitda_5y_diverges,0.0
AOS,2026-08-07,avg_ev_ebitda_5y_diverges,0.0
APD,2026-08-07,avg_ev_ebitda_5y_diverges,0.0
APH,2026-08-07,avg_ev_ebitda_5y_diverges,0.0
APP,2026-08-07,avg_ev_ebitda_5y_diverges,0.0
APTV,2026-08-07,avg_ev_ebitda_5y_diverges,0.0
ATO,2026-08-07,avg_ev_ebitda_5y_diverges,0.0
AVGO,2026-08-07,avg_ev_ebitda_5y_diverges,0.0
AWK,2026-08-07,avg_ev_ebitda_5y_diverges,0.0
AXON,2026-08-07,avg_ev_ebitda_5y_diverges,1.0
AZO,2026-08-07,avg_ev_ebitda_5y_diverges,0.0
BA,2026-08-07,avg_ev_ebitda_5y_diverges,1.0
BBY,2026-08-07,avg_ev_ebitda_5y_diverges,0.0
BEN,2026-08-07,avg_ev_ebitda_5y_diverges,0.0
BF-B,2026-08-07,avg_ev_ebitda_5y_diverges,0.0
BKNG,2026-08-07,avg_ev_ebitda_5y_diverges,0.0
BLDR,2026-08-07,avg_ev_ebitda_5y_diverges,1.0
BLK,2026-08-07,avg_ev_ebitda_5y_diverges,0.0
BR,2026-08-07,avg_ev_ebitda_5y_diverges,0.0
CAG,2026-08-07,avg_ev_ebitda_5y_diverges,0.0
CAH,2026-08-07,avg_ev_ebitda_5y_diverges,0.0
CARR,2026-08-07,avg_ev_ebitda_5y_diverges,0.0
CAT,2026-08-07,avg_ev_ebitda_5y_diverges,0.0
CBOE,2026-08-07,avg_ev_ebitda_5y_diverges,0.0
CBRE,2026-08-07,avg_ev_ebitda_5y_diverges,0.0
CCL,2026-08-07,avg_ev_ebitda_5y_diverges,0.0
CDNS,2026-08-07,avg_ev_ebitda_5y_diverges,0.0
CDW,2026-08-07,avg_ev_ebitda_5y_diverges,0.0
CE,2026-08-07,avg_ev_ebitda_5y_diverges,0.0
CEG,2026-08-07,avg_ev_ebitda_5y_diverges,0.0
CF,2026-08-07,avg_ev_ebitda_5y_diverges,0.0
CHD,2026-08-07,avg_ev_ebitda_5y_diverges,0.0
CHRW,2026-08-07,avg_ev_ebitda_5y_diverges,0.0
CHTR,2026-08-07,avg_ev_ebitda_5y_diverges,0.0
CI,2026-08-07,avg_ev_ebitda_5y_diverges,0.0
CIEN,2026-08-07,avg_ev_ebitda_5y_diverges,0.0
CL,2026-08-07,avg_ev_ebitda_5y_diverges,0.0
CMCSA,2026-08-07,avg_ev_ebitda_5y_diverges,0.0
CME,2026-08-07,avg_ev_ebitda_5y_diverges,0.0
CMG,2026-08-07,avg_ev_ebitda_5y_diverges,0.0
CMI,2026-08-07,avg_ev_ebitda_5y_diverges,0.0
CMS,2026-08-07,avg_ev_ebitda_5y_diverges,0.0
CNC,2026-08-07,avg_ev_ebitda_5y_diverges,0.0
CNP,2026-08-07,avg_ev_ebitda_5y_diverges,0.0
COHR,2026-08-07,avg_ev_ebitda_5y_diverges,1.0
COIN,2026-08-07,avg_ev_ebitda_5y_diverges,0.0
COR,2026-08-07,avg_ev_ebitda_5y_diverges,0.0
COST,2026-08-07,avg_ev_ebitda_5y_diverges,0.0
CPAY,2026-08-07,avg_ev_ebitda_5y_diverges,0.0
CPB,2026-08-07,avg_ev_ebitda_5y_diverges,0.0
CPRT,2026-08-07,avg_ev_ebitda_5y_diverges,0.0
CRH,2026-08-07,avg_ev_ebitda_5y_diverges,0.0
CRM,2026-08-07,avg_ev_ebitda_5y_diverges,0.0
CRWD,2026-08-07,avg_ev_ebitda_5y_diverges,1.0
CSCO,2026-08-07,avg_ev_ebitda_5y_diverges,0.0
CSGP,2026-08-07,avg_ev_ebitda_5y_diverges,0.0
CSX,2026-08-07,avg_ev_ebitda_5y_diverges,0.0
CTAS,2026-08-07,avg_ev_ebitda_5y_diverges,0.0
CTSH,2026-08-07,avg_ev_ebitda_5y_diverges,0.0
CVS,2026-08-07,avg_ev_ebitda_5y_diverges,0.0
D,2026-08-07,avg_ev_ebitda_5y_diverges,0.0
DAL,2026-08-07,avg_ev_ebitda_5y_diverges,0.0
DASH,2026-08-07,avg_ev_ebitda_5y_diverges,0.0
DDOG,2026-08-07,avg_ev_ebitda_5y_diverges,1.0
DE,2026-08-07,avg_ev_ebitda_5y_diverges,0.0
DECK,2026-08-07,avg_ev_ebitda_5y_diverges,0.0
DELL,2026-08-07,avg_ev_ebitda_5y_diverges,0.0
DG,2026-08-07,avg_ev_ebitda_5y_diverges,0.0
DGX,2026-08-07,avg_ev_ebitda_5y_diverges,0.0
DIS,2026-08-07,avg_ev_ebitda_5y_diverges,0.0
DLTR,2026-08-07,avg_ev_ebitda_5y_diverges,0.0
DOV,2026-08-07,avg_ev_ebitda_5y_diverges,0.0
DPZ,2026-08-07,avg_ev_ebitda_5y_diverges,0.0
DRI,2026-08-07,avg_ev_ebitda_5y_diverges,0.0
DTE,2026-08-07,avg_ev_ebitda_5y_diverges,0.0
DUK,2026-08-07,avg_ev_ebitda_5y_diverges,0.0
DVA,2026-08-07,avg_ev_ebitda_5y_diverges,0.0
EA,2026-08-07,avg_ev_ebitda_5y_diverges,0.0
EBAY,2026-08-07,avg_ev_ebitda_5y_diverges,0.0
ECL,2026-08-07,avg_ev_ebitda_5y_diverges,0.0
ED,2026-08-07,avg_ev_ebitda_5y_diverges,0.0
EFX,2026-08-07,avg_ev_ebitda_5y_diverges,0.0
EIX,2026-08-07,avg_ev_ebitda_5y_diverges,0.0
EL,2026-08-07,avg_ev_ebitda_5y_diverges,0.0
ELV,2026-08-07,avg_ev_ebitda_5y_diverges,0.0
EME,2026-08-07,avg_ev_ebitda_5y_diverges,0.0
EOG,2026-08-07,avg_ev_ebitda_5y_diverges,0.0
EQT,2026-08-07,avg_ev_ebitda_5y_diverges,0.0
ERIE,2026-08-07,avg_ev_ebitda_5y_diverges,0.0
ES,2026-08-07,avg_ev_ebitda_5y_diverges,0.0
ETN,2026-08-07,avg_ev_ebitda_5y_diverges,0.0
ETR,2026-08-07,avg_ev_ebitda_5y_diverges,0.0
EVRG,2026-08-07,avg_ev_ebitda_5y_diverges,0.0
EXC,2026-08-07,avg_ev_ebitda_5y_diverges,0.0
EXE,2026-08-07,avg_ev_ebitda_5y_diverges,0.0
EXPE,2026-08-07,avg_ev_ebitda_5y_diverges,0.0
FANG,2026-08-07,avg_ev_ebitda_5y_diverges,0.0
FAST,2026-08-07,avg_ev_ebitda_5y_diverges,0.0
FCX,2026-08-07,avg_ev_ebitda_5y_diverges,0.0
FDS,2026-08-07,avg_ev_ebitda_5y_diverges,0.0
FDX,2026-08-07,avg_ev_ebitda_5y_diverges,0.0
FE,2026-08-07,avg_ev_ebitda_5y_diverges,0.0
FFIV,2026-08-07,avg_ev_ebitda_5y_diverges,0.0
FICO,2026-08-07,avg_ev_ebitda_5y_diverges,0.0
FIS,2026-08-07,avg_ev_ebitda_5y_diverges,0.0
FISV,2026-08-07,avg_ev_ebitda_5y_diverges,0.0
FIX,2026-08-07,avg_ev_ebitda_5y_diverges,0.0
FLEX,2026-08-07,avg_ev_ebitda_5y_diverges,0.0
FSLR,2026-08-07,avg_ev_ebitda_5y_diverges,0.0
FTNT,2026-08-07,avg_ev_ebitda_5y_diverges,0.0
FTV,2026-08-07,avg_ev_ebitda_5y_diverges,0.0
GD,2026-08-07,avg_ev_ebitda_5y_diverges,0.0
GDDY,2026-08-07,avg_ev_ebitda_5y_diverges,1.0
GE,2026-08-07,avg_ev_ebitda_5y_diverges,0.0
GEN,2026-08-07,avg_ev_ebitda_5y_diverges,0.0
GEV,2026-08-07,avg_ev_ebitda_5y_diverges,0.0
GIS,2026-08-07,avg_ev_ebitda_5y_diverges,0.0
GLW,2026-08-07,avg_ev_ebitda_5y_diverges,0.0
GM,2026-08-07,avg_ev_ebitda_5y_diverges,0.0
GNRC,2026-08-07,avg_ev_ebitda_5y_diverges,0.0
GOOG,2026-08-07,avg_ev_ebitda_5y_diverges,0.0
GOOGL,2026-08-07,avg_ev_ebitda_5y_diverges,0.0
GPC,2026-08-07,avg_ev_ebitda_5y_diverges,0.0
GPN,2026-08-07,avg_ev_ebitda_5y_diverges,0.0
GWW,2026-08-07,avg_ev_ebitda_5y_diverges,0.0
HAL,2026-08-07,avg_ev_ebitda_5y_diverges,0.0
HAS,2026-08-07,avg_ev_ebitda_5y_diverges,0.0
HD,2026-08-07,avg_ev_ebitda_5y_diverges,0.0
HII,2026-08-07,avg_ev_ebitda_5y_diverges,0.0
HLT,2026-08-07,avg_ev_ebitda_5y_diverges,0.0
HON,2026-08-07,avg_ev_ebitda_5y_diverges,0.0
HPE,2026-08-07,avg_ev_ebitda_5y_diverges,0.0
HPQ,2026-08-07,avg_ev_ebitda_5y_diverges,0.0
HRL,2026-08-07,avg_ev_ebitda_5y_diverges,0.0
HSIC,2026-08-07,avg_ev_ebitda_5y_diverges,0.0
HSY,2026-08-07,avg_ev_ebitda_5y_diverges,0.0
HUBB,2026-08-07,avg_ev_ebitda_5y_diverges,0.0
HUM,2026-08-07,avg_ev_ebitda_5y_diverges,0.0
HWM,2026-08-07,avg_ev_ebitda_5y_diverges,0.0
ICE,2026-08-07,avg_ev_ebitda_5y_diverges,0.0
IEX,2026-08-07,avg_ev_ebitda_5y_diverges,0.0
IFF,2026-08-07,avg_ev_ebitda_5y_diverges,0.0
INTC,2026-08-07,avg_ev_ebitda_5y_diverges,0.0
INTU,2026-08-07,avg_ev_ebitda_5y_diverges,0.0
IR,2026-08-07,avg_ev_ebitda_5y_diverges,0.0
IT,2026-08-07,avg_ev_ebitda_5y_diverges,0.0
ITW,2026-08-07,avg_ev_ebitda_5y_diverges,0.0
IVZ,2026-08-07,avg_ev_ebitda_5y_diverges,0.0
J,2026-08-07,avg_ev_ebitda_5y_diverges,0.0
JBHT,2026-08-07,avg_ev_ebitda_5y_diverges,0.0
JBL,2026-08-07,avg_ev_ebitda_5y_diverges,0.0
JCI,2026-08-07,avg_ev_ebitda_5y_diverges,0.0
JKHY,2026-08-07,avg_ev_ebitda_5y_diverges,0.0
KDP,2026-08-07,avg_ev_ebitda_5y_diverges,0.0
KEYS,2026-08-07,avg_ev_ebitda_5y_diverges,0.0
KHC,2026-08-07,avg_ev_ebitda_5y_diverges,0.0
KLAC,2026-08-07,avg_ev_ebitda_5y_diverges,0.0
KMB,2026-08-07,avg_ev_ebitda_5y_diverges,0.0
KMI,2026-08-07,avg_ev_ebitda_5y_diverges,0.0
KO,2026-08-07,avg_ev_ebitda_5y_diverges,0.0
KVUE,2026-08-07,avg_ev_ebitda_5y_diverges,0.0
LDOS,2026-08-07,avg_ev_ebitda_5y_diverges,0.0
LH,2026-08-07,avg_ev_ebitda_5y_diverges,0.0
LHX,2026-08-07,avg_ev_ebitda_5y_diverges,0.0
LII,2026-08-07,avg_ev_ebitda_5y_diverges,0.0
LIN,2026-08-07,avg_ev_ebitda_5y_diverges,0.0
LITE,2026-08-07,avg_ev_ebitda_5y_diverges,0.0
LMT,2026-08-07,avg_ev_ebitda_5y_diverges,0.0
LNT,2026-08-07,avg_ev_ebitda_5y_diverges,0.0
LOW,2026-08-07,avg_ev_ebitda_5y_diverges,0.0
LRCX,2026-08-07,avg_ev_ebitda_5y_diverges,0.0
LUV,2026-08-07,avg_ev_ebitda_5y_diverges,0.0
LVS,2026-08-07,avg_ev_ebitda_5y_diverges,1.0
LYB,2026-08-07,avg_ev_ebitda_5y_diverges,0.0
LYV,2026-08-07,avg_ev_ebitda_5y_diverges,0.0
MA,2026-08-07,avg_ev_ebitda_5y_diverges,0.0
MAR,2026-08-07,avg_ev_ebitda_5y_diverges,0.0
MAS,2026-08-07,avg_ev_ebitda_5y_diverges,0.0
MCD,2026-08-07,avg_ev_ebitda_5y_diverges,0.0
MCHP,2026-08-07,avg_ev_ebitda_5y_diverges,0.0
MCK,2026-08-07,avg_ev_ebitda_5y_diverges,0.0
MCO,2026-08-07,avg_ev_ebitda_5y_diverges,0.0
MDLZ,2026-08-07,avg_ev_ebitda_5y_diverges,0.0
META,2026-08-07,avg_ev_ebitda_5y_diverges,0.0
MGM,2026-08-07,avg_ev_ebitda_5y_diverges,0.0
MKC,2026-08-07,avg_ev_ebitda_5y_diverges,0.0
MLM,2026-08-07,avg_ev_ebitda_5y_diverges,0.0
MMM,2026-08-07,avg_ev_ebitda_5y_diverges,0.0
MNST,2026-08-07,avg_ev_ebitda_5y_diverges,0.0
MO,2026-08-07,avg_ev_ebitda_5y_diverges,0.0
MOS,2026-08-07,avg_ev_ebitda_5y_diverges,0.0
MPC,2026-08-07,avg_ev_ebitda_5y_diverges,0.0
MRSH,2026-08-07,avg_ev_ebitda_5y_diverges,0.0
MRVL,2026-08-07,avg_ev_ebitda_5y_diverges,0.0
MSCI,2026-08-07,avg_ev_ebitda_5y_diverges,0.0
MSFT,2026-08-07,avg_ev_ebitda_5y_diverges,0.0
MSI,2026-08-07,avg_ev_ebitda_5y_diverges,0.0
MU,2026-08-07,avg_ev_ebitda_5y_diverges,0.0
NCLH,2026-08-07,avg_ev_ebitda_5y_diverges,0.0
NDAQ,2026-08-07,avg_ev_ebitda_5y_diverges,0.0
NDSN,2026-08-07,avg_ev_ebitda_5y_diverges,0.0
NEE,2026-08-07,avg_ev_ebitda_5y_diverges,0.0
NFLX,2026-08-07,avg_ev_ebitda_5y_diverges,0.0
NI,2026-08-07,avg_ev_ebitda_5y_diverges,0.0
NOC,2026-08-07,avg_ev_ebitda_5y_diverges,0.0
NOW,2026-08-07,avg_ev_ebitda_5y_diverges,0.0
NRG,2026-08-07,avg_ev_ebitda_5y_diverges,0.0
NSC,2026-08-07,avg_ev_ebitda_5y_diverges,0.0
NTAP,2026-08-07,avg_ev_ebitda_5y_diverges,0.0
NVDA,2026-08-07,avg_ev_ebitda_5y_diverges,0.0
NXPI,2026-08-07,avg_ev_ebitda_5y_diverges,0.0
ODFL,2026-08-07,avg_ev_ebitda_5y_diverges,0.0
OKE,2026-08-07,avg_ev_ebitda_5y_diverges,0.0
OMC,2026-08-07,avg_ev_ebitda_5y_diverges,0.0
ON,2026-08-07,avg_ev_ebitda_5y_diverges,0.0
ORCL,2026-08-07,avg_ev_ebitda_5y_diverges,0.0
ORLY,2026-08-07,avg_ev_ebitda_5y_diverges,0.0
OTIS,2026-08-07,avg_ev_ebitda_5y_diverges,0.0
PANW,2026-08-07,avg_ev_ebitda_5y_diverges,0.0
PAYX,2026-08-07,avg_ev_ebitda_5y_diverges,0.0
PEG,2026-08-07,avg_ev_ebitda_5y_diverges,0.0
PEP,2026-08-07,avg_ev_ebitda_5y_diverges,0.0
PG,2026-08-07,avg_ev_ebitda_5y_diverges,0.0
PH,2026-08-07,avg_ev_ebitda_5y_diverges,0.0
PKG,2026-08-07,avg_ev_ebitda_5y_diverges,0.0
PM,2026-08-07,avg_ev_ebitda_5y_diverges,0.0
PNR,2026-08-07,avg_ev_ebitda_5y_diverges,0.0
PNW,2026-08-07,avg_ev_ebitda_5y_diverges,0.0
POOL,2026-08-07,avg_ev_ebitda_5y_diverges,0.0
PPG,2026-08-07,avg_ev_ebitda_5y_diverges,0.0
PPL,2026-08-07,avg_ev_ebitda_5y_diverges,0.0
PTC,2026-08-07,avg_ev_ebitda_5y_diverges,0.0
PWR,2026-08-07,avg_ev_ebitda_5y_diverges,0.0
PYPL,2026-08-07,avg_ev_ebitda_5y_diverges,0.0
QCOM,2026-08-07,avg_ev_ebitda_5y_diverges,0.0
RCL,2026-08-07,avg_ev_ebitda_5y_diverges,0.0
RL,2026-08-07,avg_ev_ebitda_5y_diverges,0.0
ROK,2026-08-07,avg_ev_ebitda_5y_diverges,0.0
ROL,2026-08-07,avg_ev_ebitda_5y_diverges,0.0
ROP,2026-08-07,avg_ev_ebitda_5y_diverges,0.0
ROST,2026-08-07,avg_ev_ebitda_5y_diverges,0.0
RSG,2026-08-07,avg_ev_ebitda_5y_diverges,0.0
RTX,2026-08-07,avg_ev_ebitda_5y_diverges,0.0
SBUX,2026-08-07,avg_ev_ebitda_5y_diverges,0.0
SJM,2026-08-07,avg_ev_ebitda_5y_diverges,0.0
SMCI,2026-08-07,avg_ev_ebitda_5y_diverges,0.0
SNA,2026-08-07,avg_ev_ebitda_5y_diverges,0.0
SNDK,2026-08-07,avg_ev_ebitda_5y_diverges,0.0
SNPS,2026-08-07,avg_ev_ebitda_5y_diverges,0.0
SO,2026-08-07,avg_ev_ebitda_5y_diverges,0.0
SPGI,2026-08-07,avg_ev_ebitda_5y_diverges,0.0
STLD,2026-08-07,avg_ev_ebitda_5y_diverges,1.0
STX,2026-08-07,avg_ev_ebitda_5y_diverges,1.0
STZ,2026-08-07,avg_ev_ebitda_5y_diverges,0.0
SW,2026-08-07,avg_ev_ebitda_5y_diverges,0.0
SWK,2026-08-07,avg_ev_ebitda_5y_diverges,0.0
SWKS,2026-08-07,avg_ev_ebitda_5y_diverges,0.0
SYY,2026-08-07,avg_ev_ebitda_5y_diverges,0.0
T,2026-08-07,avg_ev_ebitda_5y_diverges,0.0
TAP,2026-08-07,avg_ev_ebitda_5y_diverges,0.0
TDG,2026-08-07,avg_ev_ebitda_5y_diverges,0.0
TDY,2026-08-07,avg_ev_ebitda_5y_diverges,0.0
TEL,2026-08-07,avg_ev_ebitda_5y_diverges,0.0
TER,2026-08-07,avg_ev_ebitda_5y_diverges,0.0
TGT,2026-08-07,avg_ev_ebitda_5y_diverges,0.0
TJX,2026-08-07,avg_ev_ebitda_5y_diverges,0.0
TKO,2026-08-07,avg_ev_ebitda_5y_diverges,0.0
TMUS,2026-08-07,avg_ev_ebitda_5y_diverges,0.0
TPR,2026-08-07,avg_ev_ebitda_5y_diverges,0.0
TRGP,2026-08-07,avg_ev_ebitda_5y_diverges,0.0
TRMB,2026-08-07,avg_ev_ebitda_5y_diverges,0.0
TSCO,2026-08-07,avg_ev_ebitda_5y_diverges,0.0
TSLA,2026-08-07,avg_ev_ebitda_5y_diverges,0.0
TSN,2026-08-07,avg_ev_ebitda_5y_diverges,0.0
TT,2026-08-07,avg_ev_ebitda_5y_diverges,0.0
TTWO,2026-08-07,avg_ev_ebitda_5y_diverges,0.0
TXN,2026-08-07,avg_ev_ebitda_5y_diverges,0.0
TYL,2026-08-07,avg_ev_ebitda_5y_diverges,0.0
UAL,2026-08-07,avg_ev_ebitda_5y_diverges,0.0
UBER,2026-08-07,avg_ev_ebitda_5y_diverges,0.0
UHS,2026-08-07,avg_ev_ebitda_5y_diverges,0.0
ULTA,2026-08-07,avg_ev_ebitda_5y_diverges,0.0
UNH,2026-08-07,avg_ev_ebitda_5y_diverges,0.0
UNP,2026-08-07,avg_ev_ebitda_5y_diverges,0.0
UPS,2026-08-07,avg_ev_ebitda_5y_diverges,0.0
URI,2026-08-07,avg_ev_ebitda_5y_diverges,0.0
V,2026-08-07,avg_ev_ebitda_5y_diverges,0.0
VLO,2026-08-07,avg_ev_ebitda_5y_diverges,1.0
VLTO,2026-08-07,avg_ev_ebitda_5y_diverges,0.0
VMC,2026-08-07,avg_ev_ebitda_5y_diverges,0.0
VRSK,2026-08-07,avg_ev_ebitda_5y_diverges,0.0
VRSN,2026-08-07,avg_ev_ebitda_5y_diverges,0.0
VRT,2026-08-07,avg_ev_ebitda_5y_diverges,0.0
VST,2026-08-07,avg_ev_ebitda_5y_diverges,0.0
VZ,2026-08-07,avg_ev_ebitda_5y_diverges,0.0
WAB,2026-08-07,avg_ev_ebitda_5y_diverges,0.0
WBD,2026-08-07,avg_ev_ebitda_5y_diverges,0.0
WDAY,2026-08-07,avg_ev_ebitda_5y_diverges,1.0
WDC,2026-08-07,avg_ev_ebitda_5y_diverges,0.0
WEC,2026-08-07,avg_ev_ebitda_5y_diverges,0.0
WM,2026-08-07,avg_ev_ebitda_5y_diverges,0.0
WMB,2026-08-07,avg_ev_ebitda_5y_diverges,0.0
WMT,2026-08-07,avg_ev_ebitda_5y_diverges,0.0
WSM,2026-08-07,avg_ev_ebitda_5y_diverges,0.0
WTW,2026-08-07,avg_ev_ebitda_5y_diverges,0.0
WYNN,2026-08-07,avg_ev_ebitda_5y_diverges,1.0
XEL,2026-08-07,avg_ev_ebitda_5y_diverges,0.0
XYL,2026-08-07,avg_ev_ebitda_5y_diverges,0.0
XYZ,2026-08-07,avg_ev_ebitda_5y_diverges,0.0
YUM,2026-08-07,avg_ev_ebitda_5y_diverges,0.0
ZBRA,2026-08-07,avg_ev_ebitda_5y_diverges,0.0
AAPL,2026-08-07,avg_ev_ebitda_5y_history_too_short,0.0
ABNB,2026-08-07,avg_ev_ebitda_5y_history_too_short,0.0
ACN,2026-08-07,avg_ev_ebitda_5y_history_too_short,0.0
ADBE,2026-08-07,avg_ev_ebitda_5y_history_too_short,0.0
ADI,2026-08-07,avg_ev_ebitda_5y_history_too_short,0.0
ADSK,2026-08-07,avg_ev_ebitda_5y_history_too_short,0.0
AEE,2026-08-07,avg_ev_ebitda_5y_history_too_short,0.0
AEP,2026-08-07,avg_ev_ebitda_5y_history_too_short,0.0
AKAM,2026-08-07,avg_ev_ebitda_5y_history_too_short,0.0
ALB,2026-08-07,avg_ev_ebitda_5y_history_too_short,0.0
ALLE,2026-08-07,avg_ev_ebitda_5y_history_too_short,0.0
AMAT,2026-08-07,avg_ev_ebitda_5y_history_too_short,0.0
AMCR,2026-08-07,avg_ev_ebitda_5y_history_too_short,0.0
AMD,2026-08-07,avg_ev_ebitda_5y_history_too_short,1.0
AME,2026-08-07,avg_ev_ebitda_5y_history_too_short,0.0
AMZN,2026-08-07,avg_ev_ebitda_5y_history_too_short,0.0
AON,2026-08-07,avg_ev_ebitda_5y_history_too_short,0.0
AOS,2026-08-07,avg_ev_ebitda_5y_history_too_short,0.0
APD,2026-08-07,avg_ev_ebitda_5y_history_too_short,1.0
APH,2026-08-07,avg_ev_ebitda_5y_history_too_short,0.0
APP,2026-08-07,avg_ev_ebitda_5y_history_too_short,0.0
APTV,2026-08-07,avg_ev_ebitda_5y_history_too_short,0.0
ATO,2026-08-07,avg_ev_ebitda_5y_history_too_short,0.0
AVGO,2026-08-07,avg_ev_ebitda_5y_history_too_short,0.0
AWK,2026-08-07,avg_ev_ebitda_5y_history_too_short,0.0
AXON,2026-08-07,avg_ev_ebitda_5y_history_too_short,1.0
AZO,2026-08-07,avg_ev_ebitda_5y_history_too_short,0.0
BA,2026-08-07,avg_ev_ebitda_5y_history_too_short,1.0
BBY,2026-08-07,avg_ev_ebitda_5y_history_too_short,0.0
BEN,2026-08-07,avg_ev_ebitda_5y_history_too_short,1.0
BF-B,2026-08-07,avg_ev_ebitda_5y_history_too_short,0.0
BKNG,2026-08-07,avg_ev_ebitda_5y_history_too_short,0.0
BLDR,2026-08-07,avg_ev_ebitda_5y_history_too_short,0.0
BLK,2026-08-07,avg_ev_ebitda_5y_history_too_short,1.0
BR,2026-08-07,avg_ev_ebitda_5y_history_too_short,0.0
CAG,2026-08-07,avg_ev_ebitda_5y_history_too_short,0.0
CAH,2026-08-07,avg_ev_ebitda_5y_history_too_short,0.0
CARR,2026-08-07,avg_ev_ebitda_5y_history_too_short,0.0
CAT,2026-08-07,avg_ev_ebitda_5y_history_too_short,1.0
CBOE,2026-08-07,avg_ev_ebitda_5y_history_too_short,0.0
CBRE,2026-08-07,avg_ev_ebitda_5y_history_too_short,0.0
CCL,2026-08-07,avg_ev_ebitda_5y_history_too_short,0.0
CDNS,2026-08-07,avg_ev_ebitda_5y_history_too_short,0.0
CDW,2026-08-07,avg_ev_ebitda_5y_history_too_short,0.0
CE,2026-08-07,avg_ev_ebitda_5y_history_too_short,1.0
CEG,2026-08-07,avg_ev_ebitda_5y_history_too_short,0.0
CF,2026-08-07,avg_ev_ebitda_5y_history_too_short,1.0
CHD,2026-08-07,avg_ev_ebitda_5y_history_too_short,0.0
CHRW,2026-08-07,avg_ev_ebitda_5y_history_too_short,0.0
CHTR,2026-08-07,avg_ev_ebitda_5y_history_too_short,0.0
CI,2026-08-07,avg_ev_ebitda_5y_history_too_short,0.0
CIEN,2026-08-07,avg_ev_ebitda_5y_history_too_short,0.0
CL,2026-08-07,avg_ev_ebitda_5y_history_too_short,0.0
CMCSA,2026-08-07,avg_ev_ebitda_5y_history_too_short,0.0
CME,2026-08-07,avg_ev_ebitda_5y_history_too_short,0.0
CMG,2026-08-07,avg_ev_ebitda_5y_history_too_short,1.0
CMI,2026-08-07,avg_ev_ebitda_5y_history_too_short,0.0
CMS,2026-08-07,avg_ev_ebitda_5y_history_too_short,0.0
CNC,2026-08-07,avg_ev_ebitda_5y_history_too_short,0.0
CNP,2026-08-07,avg_ev_ebitda_5y_history_too_short,0.0
COHR,2026-08-07,avg_ev_ebitda_5y_history_too_short,0.0
COIN,2026-08-07,avg_ev_ebitda_5y_history_too_short,0.0
COR,2026-08-07,avg_ev_ebitda_5y_history_too_short,0.0
COST,2026-08-07,avg_ev_ebitda_5y_history_too_short,0.0
CPAY,2026-08-07,avg_ev_ebitda_5y_history_too_short,0.0
CPB,2026-08-07,avg_ev_ebitda_5y_history_too_short,0.0
CPRT,2026-08-07,avg_ev_ebitda_5y_history_too_short,0.0
CRH,2026-08-07,avg_ev_ebitda_5y_history_too_short,1.0
CRM,2026-08-07,avg_ev_ebitda_5y_history_too_short,0.0
CRWD,2026-08-07,avg_ev_ebitda_5y_history_too_short,1.0
CSCO,2026-08-07,avg_ev_ebitda_5y_history_too_short,0.0
CSGP,2026-08-07,avg_ev_ebitda_5y_history_too_short,1.0
CSX,2026-08-07,avg_ev_ebitda_5y_history_too_short,1.0
CTAS,2026-08-07,avg_ev_ebitda_5y_history_too_short,0.0
CTSH,2026-08-07,avg_ev_ebitda_5y_history_too_short,0.0
CVS,2026-08-07,avg_ev_ebitda_5y_history_too_short,0.0
D,2026-08-07,avg_ev_ebitda_5y_history_too_short,0.0
DAL,2026-08-07,avg_ev_ebitda_5y_history_too_short,0.0
DASH,2026-08-07,avg_ev_ebitda_5y_history_too_short,1.0
DDOG,2026-08-07,avg_ev_ebitda_5y_history_too_short,0.0
DE,2026-08-07,avg_ev_ebitda_5y_history_too_short,1.0
DECK,2026-08-07,avg_ev_ebitda_5y_history_too_short,1.0
DELL,2026-08-07,avg_ev_ebitda_5y_history_too_short,0.0
DG,2026-08-07,avg_ev_ebitda_5y_history_too_short,0.0
DGX,2026-08-07,avg_ev_ebitda_5y_history_too_short,0.0
DIS,2026-08-07,avg_ev_ebitda_5y_history_too_short,0.0
DLTR,2026-08-07,avg_ev_ebitda_5y_history_too_short,1.0
DOV,2026-08-07,avg_ev_ebitda_5y_history_too_short,0.0
DPZ,2026-08-07,avg_ev_ebitda_5y_history_too_short,0.0
DRI,2026-08-07,avg_ev_ebitda_5y_history_too_short,0.0
DTE,2026-08-07,avg_ev_ebitda_5y_history_too_short,0.0
DUK,2026-08-07,avg_ev_ebitda_5y_history_too_short,0.0
DVA,2026-08-07,avg_ev_ebitda_5y_history_too_short,0.0
EA,2026-08-07,avg_ev_ebitda_5y_history_too_short,1.0
EBAY,2026-08-07,avg_ev_ebitda_5y_history_too_short,0.0
ECL,2026-08-07,avg_ev_ebitda_5y_history_too_short,0.0
ED,2026-08-07,avg_ev_ebitda_5y_history_too_short,0.0
EFX,2026-08-07,avg_ev_ebitda_5y_history_too_short,0.0
EIX,2026-08-07,avg_ev_ebitda_5y_history_too_short,0.0
EL,2026-08-07,avg_ev_ebitda_5y_history_too_short,0.0
ELV,2026-08-07,avg_ev_ebitda_5y_history_too_short,0.0
EME,2026-08-07,avg_ev_ebitda_5y_history_too_short,1.0
EOG,2026-08-07,avg_ev_ebitda_5y_history_too_short,0.0
EQT,2026-08-07,avg_ev_ebitda_5y_history_too_short,0.0
ERIE,2026-08-07,avg_ev_ebitda_5y_history_too_short,1.0
ES,2026-08-07,avg_ev_ebitda_5y_history_too_short,0.0
ETN,2026-08-07,avg_ev_ebitda_5y_history_too_short,1.0
ETR,2026-08-07,avg_ev_ebitda_5y_history_too_short,0.0
EVRG,2026-08-07,avg_ev_ebitda_5y_history_too_short,0.0
EXC,2026-08-07,avg_ev_ebitda_5y_history_too_short,0.0
EXE,2026-08-07,avg_ev_ebitda_5y_history_too_short,0.0
EXPE,2026-08-07,avg_ev_ebitda_5y_history_too_short,0.0
FANG,2026-08-07,avg_ev_ebitda_5y_history_too_short,0.0
FAST,2026-08-07,avg_ev_ebitda_5y_history_too_short,0.0
FCX,2026-08-07,avg_ev_ebitda_5y_history_too_short,0.0
FDS,2026-08-07,avg_ev_ebitda_5y_history_too_short,0.0
FDX,2026-08-07,avg_ev_ebitda_5y_history_too_short,0.0
FE,2026-08-07,avg_ev_ebitda_5y_history_too_short,0.0
FFIV,2026-08-07,avg_ev_ebitda_5y_history_too_short,1.0
FICO,2026-08-07,avg_ev_ebitda_5y_history_too_short,0.0
FIS,2026-08-07,avg_ev_ebitda_5y_history_too_short,0.0
FISV,2026-08-07,avg_ev_ebitda_5y_history_too_short,0.0
FIX,2026-08-07,avg_ev_ebitda_5y_history_too_short,0.0
FLEX,2026-08-07,avg_ev_ebitda_5y_history_too_short,0.0
FSLR,2026-08-07,avg_ev_ebitda_5y_history_too_short,0.0
FTNT,2026-08-07,avg_ev_ebitda_5y_history_too_short,0.0
FTV,2026-08-07,avg_ev_ebitda_5y_history_too_short,0.0
GD,2026-08-07,avg_ev_ebitda_5y_history_too_short,0.0
GDDY,2026-08-07,avg_ev_ebitda_5y_history_too_short,1.0
GE,2026-08-07,avg_ev_ebitda_5y_history_too_short,1.0
GEN,2026-08-07,avg_ev_ebitda_5y_history_too_short,0.0
GEV,2026-08-07,avg_ev_ebitda_5y_history_too_short,1.0
GIS,2026-08-07,avg_ev_ebitda_5y_history_too_short,0.0
GLW,2026-08-07,avg_ev_ebitda_5y_history_too_short,1.0
GM,2026-08-07,avg_ev_ebitda_5y_history_too_short,1.0
GNRC,2026-08-07,avg_ev_ebitda_5y_history_too_short,0.0
GOOG,2026-08-07,avg_ev_ebitda_5y_history_too_short,1.0
GOOGL,2026-08-07,avg_ev_ebitda_5y_history_too_short,1.0
GPC,2026-08-07,avg_ev_ebitda_5y_history_too_short,1.0
GPN,2026-08-07,avg_ev_ebitda_5y_history_too_short,0.0
GWW,2026-08-07,avg_ev_ebitda_5y_history_too_short,0.0
HAL,2026-08-07,avg_ev_ebitda_5y_history_too_short,0.0
HAS,2026-08-07,avg_ev_ebitda_5y_history_too_short,1.0
HD,2026-08-07,avg_ev_ebitda_5y_history_too_short,0.0
HII,2026-08-07,avg_ev_ebitda_5y_history_too_short,0.0
HLT,2026-08-07,avg_ev_ebitda_5y_history_too_short,0.0
HON,2026-08-07,avg_ev_ebitda_5y_history_too_short,1.0
HPE,2026-08-07,avg_ev_ebitda_5y_history_too_short,0.0
HPQ,2026-08-07,avg_ev_ebitda_5y_history_too_short,0.0
HRL,2026-08-07,avg_ev_ebitda_5y_history_too_short,0.0
HSIC,2026-08-07,avg_ev_ebitda_5y_history_too_short,1.0
HSY,2026-08-07,avg_ev_ebitda_5y_history_too_short,1.0
HUBB,2026-08-07,avg_ev_ebitda_5y_history_too_short,0.0
HUM,2026-08-07,avg_ev_ebitda_5y_history_too_short,0.0
HWM,2026-08-07,avg_ev_ebitda_5y_history_too_short,0.0
ICE,2026-08-07,avg_ev_ebitda_5y_history_too_short,0.0
IEX,2026-08-07,avg_ev_ebitda_5y_history_too_short,0.0
IFF,2026-08-07,avg_ev_ebitda_5y_history_too_short,0.0
INTC,2026-08-07,avg_ev_ebitda_5y_history_too_short,1.0
INTU,2026-08-07,avg_ev_ebitda_5y_history_too_short,0.0
IR,2026-08-07,avg_ev_ebitda_5y_history_too_short,0.0
IT,2026-08-07,avg_ev_ebitda_5y_history_too_short,0.0
ITW,2026-08-07,avg_ev_ebitda_5y_history_too_short,0.0
IVZ,2026-08-07,avg_ev_ebitda_5y_history_too_short,0.0
J,2026-08-07,avg_ev_ebitda_5y_history_too_short,0.0
JBHT,2026-08-07,avg_ev_ebitda_5y_history_too_short,0.0
JBL,2026-08-07,avg_ev_ebitda_5y_history_too_short,0.0
JCI,2026-08-07,avg_ev_ebitda_5y_history_too_short,1.0
JKHY,2026-08-07,avg_ev_ebitda_5y_history_too_short,0.0
KDP,2026-08-07,avg_ev_ebitda_5y_history_too_short,0.0
KEYS,2026-08-07,avg_ev_ebitda_5y_history_too_short,0.0
KHC,2026-08-07,avg_ev_ebitda_5y_history_too_short,0.0
KLAC,2026-08-07,avg_ev_ebitda_5y_history_too_short,1.0
KMB,2026-08-07,avg_ev_ebitda_5y_history_too_short,0.0
KMI,2026-08-07,avg_ev_ebitda_5y_history_too_short,0.0
KO,2026-08-07,avg_ev_ebitda_5y_history_too_short,0.0
KVUE,2026-08-07,avg_ev_ebitda_5y_history_too_short,0.0
LDOS,2026-08-07,avg_ev_ebitda_5y_history_too_short,0.0
LH,2026-08-07,avg_ev_ebitda_5y_history_too_short,0.0
LHX,2026-08-07,avg_ev_ebitda_5y_history_too_short,1.0
LII,2026-08-07,avg_ev_ebitda_5y_history_too_short,0.0
LIN,2026-08-07,avg_ev_ebitda_5y_history_too_short,0.0
LITE,2026-08-07,avg_ev_ebitda_5y_history_too_short,0.0
LMT,2026-08-07,avg_ev_ebitda_5y_history_too_short,1.0
LNT,2026-08-07,avg_ev_ebitda_5y_history_too_short,0.0
LOW,2026-08-07,avg_ev_ebitda_5y_history_too_short,0.0
LRCX,2026-08-07,avg_ev_ebitda_5y_history_too_short,0.0
LUV,2026-08-07,avg_ev_ebitda_5y_history_too_short,0.0
LVS,2026-08-07,avg_ev_ebitda_5y_history_too_short,0.0
LYB,2026-08-07,avg_ev_ebitda_5y_history_too_short,0.0
LYV,2026-08-07,avg_ev_ebitda_5y_history_too_short,0.0
MA,2026-08-07,avg_ev_ebitda_5y_history_too_short,0.0
MAR,2026-08-07,avg_ev_ebitda_5y_history_too_short,1.0
MAS,2026-08-07,avg_ev_ebitda_5y_history_too_short,0.0
MCD,2026-08-07,avg_ev_ebitda_5y_history_too_short,0.0
MCHP,2026-08-07,avg_ev_ebitda_5y_history_too_short,0.0
MCK,2026-08-07,avg_ev_ebitda_5y_history_too_short,0.0
MCO,2026-08-07,avg_ev_ebitda_5y_history_too_short,0.0
MDLZ,2026-08-07,avg_ev_ebitda_5y_history_too_short,0.0
META,2026-08-07,avg_ev_ebitda_5y_history_too_short,0.0
MGM,2026-08-07,avg_ev_ebitda_5y_history_too_short,0.0
MKC,2026-08-07,avg_ev_ebitda_5y_history_too_short,0.0
MLM,2026-08-07,avg_ev_ebitda_5y_history_too_short,0.0
MMM,2026-08-07,avg_ev_ebitda_5y_history_too_short,0.0
MNST,2026-08-07,avg_ev_ebitda_5y_history_too_short,1.0
MO,2026-08-07,avg_ev_ebitda_5y_history_too_short,0.0
MOS,2026-08-07,avg_ev_ebitda_5y_history_too_short,0.0
MPC,2026-08-07,avg_ev_ebitda_5y_history_too_short,0.0
MRSH,2026-08-07,avg_ev_ebitda_5y_history_too_short,0.0
MRVL,2026-08-07,avg_ev_ebitda_5y_history_too_short,0.0
MSCI,2026-08-07,avg_ev_ebitda_5y_history_too_short,0.0
MSFT,2026-08-07,avg_ev_ebitda_5y_history_too_short,0.0
MSI,2026-08-07,avg_ev_ebitda_5y_history_too_short,0.0
MU,2026-08-07,avg_ev_ebitda_5y_history_too_short,0.0
NCLH,2026-08-07,avg_ev_ebitda_5y_history_too_short,1.0
NDAQ,2026-08-07,avg_ev_ebitda_5y_history_too_short,0.0
NDSN,2026-08-07,avg_ev_ebitda_5y_history_too_short,1.0
NEE,2026-08-07,avg_ev_ebitda_5y_history_too_short,0.0
NFLX,2026-08-07,avg_ev_ebitda_5y_history_too_short,0.0
NI,2026-08-07,avg_ev_ebitda_5y_history_too_short,0.0
NOC,2026-08-07,avg_ev_ebitda_5y_history_too_short,0.0
NOW,2026-08-07,avg_ev_ebitda_5y_history_too_short,0.0
NRG,2026-08-07,avg_ev_ebitda_5y_history_too_short,0.0
NSC,2026-08-07,avg_ev_ebitda_5y_history_too_short,0.0
NTAP,2026-08-07,avg_ev_ebitda_5y_history_too_short,0.0
NVDA,2026-08-07,avg_ev_ebitda_5y_history_too_short,0.0
NXPI,2026-08-07,avg_ev_ebitda_5y_history_too_short,0.0
ODFL,2026-08-07,avg_ev_ebitda_5y_history_too_short,0.0
OKE,2026-08-07,avg_ev_ebitda_5y_history_too_short,0.0
OMC,2026-08-07,avg_ev_ebitda_5y_history_too_short,1.0
ON,2026-08-07,avg_ev_ebitda_5y_history_too_short,0.0
ORCL,2026-08-07,avg_ev_ebitda_5y_history_too_short,0.0
ORLY,2026-08-07,avg_ev_ebitda_5y_history_too_short,0.0
OTIS,2026-08-07,avg_ev_ebitda_5y_history_too_short,0.0
PANW,2026-08-07,avg_ev_ebitda_5y_history_too_short,0.0
PAYX,2026-08-07,avg_ev_ebitda_5y_history_too_short,0.0
PEG,2026-08-07,avg_ev_ebitda_5y_history_too_short,1.0
PEP,2026-08-07,avg_ev_ebitda_5y_history_too_short,0.0
PG,2026-08-07,avg_ev_ebitda_5y_history_too_short,0.0
PH,2026-08-07,avg_ev_ebitda_5y_history_too_short,0.0
PKG,2026-08-07,avg_ev_ebitda_5y_history_too_short,0.0
PM,2026-08-07,avg_ev_ebitda_5y_history_too_short,0.0
PNR,2026-08-07,avg_ev_ebitda_5y_history_too_short,0.0
PNW,2026-08-07,avg_ev_ebitda_5y_history_too_short,0.0
POOL,2026-08-07,avg_ev_ebitda_5y_history_too_short,1.0
PPG,2026-08-07,avg_ev_ebitda_5y_history_too_short,0.0
PPL,2026-08-07,avg_ev_ebitda_5y_history_too_short,0.0
PTC,2026-08-07,avg_ev_ebitda_5y_history_too_short,0.0
PWR,2026-08-07,avg_ev_ebitda_5y_history_too_short,0.0
PYPL,2026-08-07,avg_ev_ebitda_5y_history_too_short,0.0
QCOM,2026-08-07,avg_ev_ebitda_5y_history_too_short,0.0
RCL,2026-08-07,avg_ev_ebitda_5y_history_too_short,0.0
RL,2026-08-07,avg_ev_ebitda_5y_history_too_short,0.0
ROK,2026-08-07,avg_ev_ebitda_5y_history_too_short,1.0
ROL,2026-08-07,avg_ev_ebitda_5y_history_too_short,1.0
ROP,2026-08-07,avg_ev_ebitda_5y_history_too_short,0.0
ROST,2026-08-07,avg_ev_ebitda_5y_history_too_short,1.0
RSG,2026-08-07,avg_ev_ebitda_5y_history_too_short,0.0
RTX,2026-08-07,avg_ev_ebitda_5y_history_too_short,0.0
SBUX,2026-08-07,avg_ev_ebitda_5y_history_too_short,1.0
SJM,2026-08-07,avg_ev_ebitda_5y_history_too_short,0.0
SMCI,2026-08-07,avg_ev_ebitda_5y_history_too_short,0.0
SNA,2026-08-07,avg_ev_ebitda_5y_history_too_short,0.0
SNDK,2026-08-07,avg_ev_ebitda_5y_history_too_short,1.0
SNPS,2026-08-07,avg_ev_ebitda_5y_history_too_short,0.0
SO,2026-08-07,avg_ev_ebitda_5y_history_too_short,0.0
SPGI,2026-08-07,avg_ev_ebitda_5y_history_too_short,0.0
STLD,2026-08-07,avg_ev_ebitda_5y_history_too_short,0.0
STX,2026-08-07,avg_ev_ebitda_5y_history_too_short,0.0
STZ,2026-08-07,avg_ev_ebitda_5y_history_too_short,0.0
SW,2026-08-07,avg_ev_ebitda_5y_history_too_short,1.0
SWK,2026-08-07,avg_ev_ebitda_5y_history_too_short,1.0
SWKS,2026-08-07,avg_ev_ebitda_5y_history_too_short,0.0
SYY,2026-08-07,avg_ev_ebitda_5y_history_too_short,1.0
T,2026-08-07,avg_ev_ebitda_5y_history_too_short,0.0
TAP,2026-08-07,avg_ev_ebitda_5y_history_too_short,0.0
TDG,2026-08-07,avg_ev_ebitda_5y_history_too_short,0.0
TDY,2026-08-07,avg_ev_ebitda_5y_history_too_short,0.0
TEL,2026-08-07,avg_ev_ebitda_5y_history_too_short,0.0
TER,2026-08-07,avg_ev_ebitda_5y_history_too_short,1.0
TGT,2026-08-07,avg_ev_ebitda_5y_history_too_short,1.0
TJX,2026-08-07,avg_ev_ebitda_5y_history_too_short,1.0
TKO,2026-08-07,avg_ev_ebitda_5y_history_too_short,1.0
TMUS,2026-08-07,avg_ev_ebitda_5y_history_too_short,0.0
TPR,2026-08-07,avg_ev_ebitda_5y_history_too_short,0.0
TRGP,2026-08-07,avg_ev_ebitda_5y_history_too_short,0.0
TRMB,2026-08-07,avg_ev_ebitda_5y_history_too_short,0.0
TSCO,2026-08-07,avg_ev_ebitda_5y_history_too_short,0.0
TSLA,2026-08-07,avg_ev_ebitda_5y_history_too_short,0.0
TSN,2026-08-07,avg_ev_ebitda_5y_history_too_short,0.0
TT,2026-08-07,avg_ev_ebitda_5y_history_too_short,1.0
TTWO,2026-08-07,avg_ev_ebitda_5y_history_too_short,1.0
TXN,2026-08-07,avg_ev_ebitda_5y_history_too_short,0.0
TYL,2026-08-07,avg_ev_ebitda_5y_history_too_short,0.0
UAL,2026-08-07,avg_ev_ebitda_5y_history_too_short,0.0
UBER,2026-08-07,avg_ev_ebitda_5y_history_too_short,0.0
UHS,2026-08-07,avg_ev_ebitda_5y_history_too_short,0.0
ULTA,2026-08-07,avg_ev_ebitda_5y_history_too_short,1.0
UNH,2026-08-07,avg_ev_ebitda_5y_history_too_short,0.0
UNP,2026-08-07,avg_ev_ebitda_5y_history_too_short,0.0
UPS,2026-08-07,avg_ev_ebitda_5y_history_too_short,0.0
URI,2026-08-07,avg_ev_ebitda_5y_history_too_short,0.0
V,2026-08-07,avg_ev_ebitda_5y_history_too_short,0.0
VLO,2026-08-07,avg_ev_ebitda_5y_history_too_short,0.0
VLTO,2026-08-07,avg_ev_ebitda_5y_history_too_short,1.0
VMC,2026-08-07,avg_ev_ebitda_5y_history_too_short,0.0
VRSK,2026-08-07,avg_ev_ebitda_5y_history_too_short,0.0
VRSN,2026-08-07,avg_ev_ebitda_5y_history_too_short,1.0
VRT,2026-08-07,avg_ev_ebitda_5y_history_too_short,0.0
VST,2026-08-07,avg_ev_ebitda_5y_history_too_short,0.0
VZ,2026-08-07,avg_ev_ebitda_5y_history_too_short,0.0
WAB,2026-08-07,avg_ev_ebitda_5y_history_too_short,0.0
WBD,2026-08-07,avg_ev_ebitda_5y_history_too_short,0.0
WDAY,2026-08-07,avg_ev_ebitda_5y_history_too_short,0.0
WDC,2026-08-07,avg_ev_ebitda_5y_history_too_short,0.0
WEC,2026-08-07,avg_ev_ebitda_5y_history_too_short,0.0
WM,2026-08-07,avg_ev_ebitda_5y_history_too_short,0.0
WMB,2026-08-07,avg_ev_ebitda_5y_history_too_short,0.0
WMT,2026-08-07,avg_ev_ebitda_5y_history_too_short,0.0
WSM,2026-08-07,avg_ev_ebitda_5y_history_too_short,1.0
WTW,2026-08-07,avg_ev_ebitda_5y_history_too_short,0.0
WYNN,2026-08-07,avg_ev_ebitda_5y_history_too_short,0.0
XEL,2026-08-07,avg_ev_ebitda_5y_history_too_short,0.0
XYL,2026-08-07,avg_ev_ebitda_5y_history_too_short,0.0
XYZ,2026-08-07,avg_ev_ebitda_5y_history_too_short,0.0
YUM,2026-08-07,avg_ev_ebitda_5y_history_too_short,0.0
ZBRA,2026-08-07,avg_ev_ebitda_5y_history_too_short,0.0
AAPL,2026-08-07,net_debt,42756000000.0
ABNB,2026-08-07,net_debt,-4345000000.0
ACN,2026-08-07,net_debt,-5135796000.0
ADBE,2026-08-07,net_debt,-117000000.0
ADI,2026-08-07,net_debt,5697735000.0
ADM,2026-08-07,net_debt,6544000000.0
ADP,2026-08-07,net_debt,734000000.0
ADSK,2026-08-07,net_debt,-171000000.0
AEE,2026-08-07,net_debt,20576000000.0
AEP,2026-08-07,net_debt,49248000000.0
AJG,2026-08-07,net_debt,12751400000.0
AKAM,2026-08-07,net_debt,3485224000.0
ALB,2026-08-07,net_debt,245096000.0
ALLE,2026-08-07,net_debt,1710500000.0
AMAT,2026-08-07,net_debt,154000000.0
AMCR,2026-08-07,net_debt,13613000000.0
AMD,2026-08-07,net_debt,-1860000000.0
AME,2026-08-07,net_debt,560095000.0
AMP,2026-08-07,net_debt,715000000.0
AMZN,2026-08-07,net_debt,54782000000.0
ANET,2026-08-07,net_debt,-2290200000.0
AON,2026-08-07,net_debt,11885000000.0
AOS,2026-08-07,net_debt,456200000.0
APD,2026-08-07,net_debt,16683200000.0
APH,2026-08-07,net_debt,12447600000.0
APP,2026-08-07,net_debt,461766000.0
APTV,2026-08-07,net_debt,4593000000.0
ATO,2026-08-07,net_debt,9227763000.0
AVGO,2026-08-07,net_debt,45279000000.0
AWK,2026-08-07,net_debt,13852000000.0
AXON,2026-08-07,net_debt,1134113000.0
BA,2026-08-07,net_debt,38357000000.0
BEN,2026-08-07,net_debt,-2142400000.0
BF-B,2026-08-07,net_debt,2126000000.0
BG,2026-08-07,net_debt,10469000000.0
BKNG,2026-08-07,net_debt,2966000000.0
BLDR,2026-08-07,net_debt,4513740000.0
BLK,2026-08-07,net_debt,2252000000.0
BR,2026-08-07,net_debt,2851700000.0
BRO,2026-08-07,net_debt,6841000000.0
CAG,2026-08-07,net_debt,7012000000.0
CARR,2026-08-07,net_debt,10056000000.0
CASY,2026-08-07,net_debt,1797884000.0
CAT,2026-08-07,net_debt,23983000000.0
CBOE,2026-08-07,net_debt,-832400000.0
CBRE,2026-08-07,net_debt,4311000000.0
CCL,2026-08-07,net_debt,23327000000.0
CDNS,2026-08-07,net_debt,1074502000.0
CDW,2026-08-07,net_debt,5455200000.0
CE,2026-08-07,net_debt,10505000000.0
CEG,2026-08-07,net_debt,18777000000.0
CF,2026-08-07,net_debt,2929000000.0
CHD,2026-08-07,net_debt,1951500000.0
CHRW,2026-08-07,net_debt,1530427000.0
CHTR,2026-08-07,net_debt,93450000000.0
CI,2026-08-07,net_debt,22788000000.0
CIEN,2026-08-07,net_debt,485993000.0
CL,2026-08-07,net_debt,6453000000.0
CLX,2026-08-07,net_debt,1300000000.0
CMCSA,2026-08-07,net_debt,76603000000.0
CME,2026-08-07,net_debt,1280000000.0
CMG,2026-08-07,net_debt,-228199000.0
CMI,2026-08-07,net_debt,3558000000.0
CMS,2026-08-07,net_debt,18795000000.0
CNC,2026-08-07,net_debt,-8046000000.0
CNP,2026-08-07,net_debt,21837000000.0
COHR,2026-08-07,net_debt,1601051000.0
COIN,2026-08-07,net_debt,-2714065000.0
CPAY,2026-08-07,net_debt,7823828000.0
CPB,2026-08-07,net_debt,6608000000.0
CPRT,2026-08-07,net_debt,-3354142000.0
CRH,2026-08-07,net_debt,14796000000.0
CRM,2026-08-07,net_debt,30345000000.0
CRWD,2026-08-07,net_debt,-3806958000.0
CSCO,2026-08-07,net_debt,15786000000.0
CSGP,2026-08-07,net_debt,-266000000.0
CSX,2026-08-07,net_debt,15204000000.0
CTAS,2026-08-07,net_debt,2244097000.0
CTSH,2026-08-07,net_debt,-969000000.0
CTVA,2026-08-07,net_debt,-683000000.0
CVS,2026-08-07,net_debt,48123000000.0
D,2026-08-07,net_debt,44759000000.0
DAL,2026-08-07,net_debt,8240000000.0
DASH,2026-08-07,net_debt,-1697000000.0
DDOG,2026-08-07,net_debt,550588000.0
DE,2026-08-07,net_debt,24542000000.0
DELL,2026-08-07,net_debt,19583000000.0
DGX,2026-08-07,net_debt,5016000000.0
DIS,2026-08-07,net_debt,40856000000.0
DOV,2026-08-07,net_debt,1504017000.0
DPZ,2026-08-07,net_debt,4711385000.0
DRI,2026-08-07,net_debt,1418200000.0
DTE,2026-08-07,net_debt,24966000000.0
DUK,2026-08-07,net_debt,85732000000.0
DVA,2026-08-07,net_debt,9994873000.0
EA,2026-08-07,net_debt,-2288000000.0
EBAY,2026-08-07,net_debt,2832000000.0
ECL,2026-08-07,net_debt,6769800000.0
ED,2026-08-07,net_debt,25654000000.0
EFX,2026-08-07,net_debt,3886700000.0
EIX,2026-08-07,net_debt,40139000000.0
EL,2026-08-07,net_debt,3684000000.0
ELV,2026-08-07,net_debt,20812000000.0
EME,2026-08-07,net_debt,-921573000.0
EMR,2026-08-07,net_debt,5346000000.0
EOG,2026-08-07,net_debt,3019000000.0
EQT,2026-08-07,net_debt,5542851000.0
ERIE,2026-08-07,net_debt,-266417000.0
ES,2026-08-07,net_debt,27292300000.0
ETN,2026-08-07,net_debt,18037000000.0
ETR,2026-08-07,net_debt,29105036000.0
EVRG,2026-08-07,net_debt,13495600000.0
EXC,2026-08-07,net_debt,47146000000.0
EXE,2026-08-07,net_debt,2788000000.0
EXPE,2026-08-07,net_debt,-1223000000.0
F,2026-08-07,net_debt,136638000000.0
FANG,2026-08-07,net_debt,10604000000.0
FAST,2026-08-07,net_debt,-84700000.0
FCX,2026-08-07,net_debt,5306000000.0
FDS,2026-08-07,net_debt,1101587000.0
FDX,2026-08-07,net_debt,10144000000.0
FE,2026-08-07,net_debt,26279000000.0
FFIV,2026-08-07,net_debt,-1256010000.0
FICO,2026-08-07,net_debt,5333945000.0
FIS,2026-08-07,net_debt,16204000000.0
FISV,2026-08-07,net_debt,26052000000.0
FIX,2026-08-07,net_debt,-1800730000.0
FLEX,2026-08-07,net_debt,2379000000.0
FOX,2026-08-07,net_debt,2401000000.0
FOXA,2026-08-07,net_debt,2401000000.0
FSLR,2026-08-07,net_debt,-1650644000.0
FTNT,2026-08-07,net_debt,-2438000000.0
FTV,2026-08-07,net_debt,3133000000.0
GD,2026-08-07,net_debt,4418000000.0
GDDY,2026-08-07,net_debt,2618900000.0
GE,2026-08-07,net_debt,9812000000.0
GEN,2026-08-07,net_debt,7190000000.0
GEV,2026-08-07,net_debt,-10326000000.0
GIS,2026-08-07,net_debt,13015800000.0
GLW,2026-08-07,net_debt,5963000000.0
GM,2026-08-07,net_debt,111440000000.0
GNRC,2026-08-07,net_debt,947606000.0
GOOG,2026-08-07,net_debt,44253000000.0
GOOGL,2026-08-07,net_debt,44253000000.0
GPN,2026-08-07,net_debt,17106543000.0
GWW,2026-08-07,net_debt,1819000000.0
HAL,2026-08-07,net_debt,5023000000.0
HCA,2026-08-07,net_debt,43433000000.0
HII,2026-08-07,net_debt,2690000000.0
HLT,2026-08-07,net_debt,11710000000.0
HON,2026-08-07,net_debt,22759000000.0
HPE,2026-08-07,net_debt,15954000000.0
HPQ,2026-08-07,net_debt,5963000000.0
HRL,2026-08-07,net_debt,2029589000.0
HSY,2026-08-07,net_debt,4397922000.0
HUBB,2026-08-07,net_debt,1535400000.0
HUM,2026-08-07,net_debt,7323000000.0
HWM,2026-08-07,net_debt,3938000000.0
IBM,2026-08-07,net_debt,49040000000.0
ICE,2026-08-07,net_debt,18779000000.0
IEX,2026-08-07,net_debt,1245600000.0
IFF,2026-08-07,net_debt,5130000000.0
INTC,2026-08-07,net_debt,35675000000.0
INTU,2026-08-07,net_debt,1481000000.0
IR,2026-08-07,net_debt,2895200000.0
IT,2026-08-07,net_debt,1490575000.0
ITW,2026-08-07,net_debt,8855000000.0
IVZ,2026-08-07,net_debt,708600000.0
J,2026-08-07,net_debt,2406462000.0
JBHT,2026-08-07,net_debt,1141175000.0
JBL,2026-08-07,net_debt,2018000000.0
JCI,2026-08-07,net_debt,7915000000.0
JKHY,2026-08-07,net_debt,69427000.0
KDP,2026-08-07,net_debt,21988000000.0
KEYS,2026-08-07,net_debt,119000000.0
KHC,2026-08-07,net_debt,15200000000.0
KLAC,2026-08-07,net_debt,4237573000.0
KMB,2026-08-07,net_debt,5518000000.0
KMI,2026-08-07,net_debt,29716000000.0
KO,2026-08-07,net_debt,28491000000.0
KR,2026-08-07,net_debt,12505000000.0
KVUE,2026-08-07,net_debt,7370000000.0
LDOS,2026-08-07,net_debt,5261000000.0
LH,2026-08-07,net_debt,5717600000.0
LHX,2026-08-07,net_debt,7663000000.0
LII,2026-08-07,net_debt,1095900000.0
LIN,2026-08-07,net_debt,18254000000.0
LITE,2026-08-07,net_debt,664000000.0
LMT,2026-08-07,net_debt,16747000000.0
LNT,2026-08-07,net_debt,10892000000.0
LRCX,2026-08-07,net_debt,-1020552000.0
LUV,2026-08-07,net_debt,-1000000.0
LVS,2026-08-07,net_debt,10318000000.0
LYB,2026-08-07,net_debt,8585000000.0
LYV,2026-08-07,net_debt,129516000.0
MA,2026-08-07,net_debt,13352000000.0
MAR,2026-08-07,net_debt,-439000000.0
MAS,2026-08-07,net_debt,2686000000.0
MCD,2026-08-07,net_debt,39041000000.0
MCHP,2026-08-07,net_debt,5089000000.0
MCO,2026-08-07,net_debt,5479000000.0
MDLZ,2026-08-07,net_debt,13944000000.0
META,2026-08-07,net_debt,35322000000.0
MGM,2026-08-07,net_debt,3521062000.0
MKC,2026-08-07,net_debt,3275700000.0
MLM,2026-08-07,net_debt,5839000000.0
MMM,2026-08-07,net_debt,7949000000.0
MNST,2026-08-07,net_debt,-1993365000.0
MO,2026-08-07,net_debt,22210000000.0
MOS,2026-08-07,net_debt,4473700000.0
MPC,2026-08-07,net_debt,22928000000.0
MRSH,2026-08-07,net_debt,17837000000.0
MRVL,2026-08-07,net_debt,1117700000.0
MSCI,2026-08-07,net_debt,6024000000.0
MSFT,2026-08-07,net_debt,19359000000.0
MSI,2026-08-07,net_debt,7707000000.0
MU,2026-08-07,net_debt,-19855000000.0
NCLH,2026-08-07,net_debt,13675315000.0
NDAQ,2026-08-07,net_debt,7972000000.0
NDSN,2026-08-07,net_debt,1777935000.0
NEE,2026-08-07,net_debt,95787000000.0
NFLX,2026-08-07,net_debt,2726316000.0
NI,2026-08-07,net_debt,15542600000.0
NOC,2026-08-07,net_debt,12884000000.0
NOW,2026-08-07,net_debt,2932000000.0
NRG,2026-08-07,net_debt,23230000000.0
NSC,2026-08-07,net_debt,14898000000.0
NTAP,2026-08-07,net_debt,417000000.0
NVDA,2026-08-07,net_debt,-4767000000.0
NWS,2026-08-07,net_debt,-106000000.0
NWSA,2026-08-07,net_debt,-106000000.0
NXPI,2026-08-07,net_debt,7266000000.0
ODFL,2026-08-07,net_debt,-263942000.0
OKE,2026-08-07,net_debt,31339000000.0
OMC,2026-08-07,net_debt,4984800000.0
ON,2026-08-07,net_debt,990400000.0
ORCL,2026-08-07,net_debt,98252000000.0
OTIS,2026-08-07,net_debt,7413000000.0
PANW,2026-08-07,net_debt,-1172000000.0
PAYX,2026-08-07,net_debt,3467900000.0
PCG,2026-08-07,net_debt,61871000000.0
PEG,2026-08-07,net_debt,23399000000.0
PEP,2026-08-07,net_debt,32361000000.0
PG,2026-08-07,net_debt,19357000000.0
PH,2026-08-07,net_debt,6293000000.0
PKG,2026-08-07,net_debt,3526100000.0
PLTR,2026-08-07,net_debt,-2030047000.0
PM,2026-08-07,net_debt,36367000000.0
PNR,2026-08-07,net_debt,1876600000.0
PNW,2026-08-07,net_debt,10541684000.0
PPG,2026-08-07,net_debt,5523000000.0
PPL,2026-08-07,net_debt,18777000000.0
PSKY,2026-08-07,net_debt,12864000000.0
PTC,2026-08-07,net_debt,1046787000.0
PWR,2026-08-07,net_debt,4915431000.0
PYPL,2026-08-07,net_debt,3899000000.0
Q,2026-08-07,net_debt,3036000000.0
QCOM,2026-08-07,net_debt,8248000000.0
RCL,2026-08-07,net_debt,20602000000.0
ROK,2026-08-07,net_debt,2093000000.0
ROL,2026-08-07,net_debt,378022000.0
ROP,2026-08-07,net_debt,10954500000.0
RSG,2026-08-07,net_debt,13414000000.0
RTX,2026-08-07,net_debt,23553000000.0
SATS,2026-08-07,net_debt,15545399000.0
SBUX,2026-08-07,net_debt,10101100000.0
SJM,2026-08-07,net_debt,6484200000.0
SMCI,2026-08-07,net_debt,2823420000.0
SNA,2026-08-07,net_debt,-440700000.0
SNDK,2026-08-07,net_debt,-3735000000.0
SNPS,2026-08-07,net_debt,7623490000.0
SO,2026-08-07,net_debt,66167000000.0
SPGI,2026-08-07,net_debt,11508000000.0
SRE,2026-08-07,net_debt,30053000000.0
STLD,2026-08-07,net_debt,3632292000.0
STX,2026-08-07,net_debt,1899000000.0
STZ,2026-08-07,net_debt,10100900000.0
SW,2026-08-07,net_debt,12556000000.0
SWK,2026-08-07,net_debt,4165500000.0
SWKS,2026-08-07,net_debt,-293100000.0
SYY,2026-08-07,net_debt,10918000000.0
T,2026-08-07,net_debt,117061000000.0
TAP,2026-08-07,net_debt,5553700000.0
TDG,2026-08-07,net_debt,29987000000.0
TDY,2026-08-07,net_debt,1686900000.0
TEL,2026-08-07,net_debt,4291000000.0
TER,2026-08-07,net_debt,-349538000.0
TKO,2026-08-07,net_debt,4036740000.0
TMUS,2026-08-07,net_debt,83457000000.0
TRGP,2026-08-07,net_debt,19445700000.0
TRMB,2026-08-07,net_debt,1178700000.0
TSLA,2026-08-07,net_debt,-7498000000.0
TSN,2026-08-07,net_debt,5839000000.0
TT,2026-08-07,net_debt,2160400000.0
TTWO,2026-08-07,net_debt,984500000.0
TXN,2026-08-07,net_debt,10392000000.0
TYL,2026-08-07,net_debt,513338000.0
UAL,2026-08-07,net_debt,14128000000.0
UBER,2026-08-07,net_debt,7853000000.0
UHS,2026-08-07,net_debt,4580972000.0
UNH,2026-08-07,net_debt,43439000000.0
UNP,2026-08-07,net_debt,27425000000.0
UPS,2026-08-07,net_debt,19197000000.0
URI,2026-08-07,net_debt,12107000000.0
V,2026-08-07,net_debt,11572000000.0
VLO,2026-08-07,net_debt,1227000000.0
VLTO,2026-08-07,net_debt,1231000000.0
VMC,2026-08-07,net_debt,4222800000.0
VRSK,2026-08-07,net_debt,3951100000.0
VRSN,2026-08-07,net_debt,-840900000.0
VRT,2026-08-07,net_debt,129200000.0
VST,2026-08-07,net_debt,18529000000.0
VZ,2026-08-07,net_debt,141696000000.0
WAB,2026-08-07,net_debt,5901000000.0
WBD,2026-08-07,net_debt,28654000000.0
WDAY,2026-08-07,net_debt,2429000000.0
WDC,2026-08-07,net_debt,-469000000.0
WEC,2026-08-07,net_debt,20579800000.0
WM,2026-08-07,net_debt,21724000000.0
WMB,2026-08-07,net_debt,27918000000.0
WTW,2026-08-07,net_debt,4903000000.0
WYNN,2026-08-07,net_debt,9151307000.0
XEL,2026-08-07,net_debt,34937000000.0
XYL,2026-08-07,net_debt,1671000000.0
XYZ,2026-08-07,net_debt,-706762000.0
YUM,2026-08-07,net_debt,8788000000.0
ZBRA,2026-08-07,net_debt,2619000000.0
A,2026-08-07,ev,42157091407.840004
AAPL,2026-08-07,ev,4594972625600.0
ABBV,2026-08-07,ev,488785050133.60004
ABNB,2026-08-07,ev,99873290000.0
ABT,2026-08-07,ev,213992497306.11002
ACN,2026-08-07,ev,101507355335.43001
ADBE,2026-08-07,ev,104884612499.99998
ADI,2026-08-07,ev,195610536460.8
ADM,2026-08-07,ev,43570310186.775
ADP,2026-08-07,ev,108122063065.84
ADSK,2026-08-07,ev,52088505348.755
AEE,2026-08-07,ev,50743609061.47
AEP,2026-08-07,ev,117558979728.95999
AJG,2026-08-07,ev,76477772600.0
AKAM,2026-08-07,ev,19627370624.53
ALB,2026-08-07,ev,17858669720.0
ALLE,2026-08-07,ev,16162986490.380201
AMAT,2026-08-07,ev,427288294151.4
AMCR,2026-08-07,ev,35648395585.399994
AMD,2026-08-07,ev,779442555101.2001
AME,2026-08-07,ev,58478547590.39
AMGN,2026-08-07,ev,263618520364.06
AMP,2026-08-07,ev,49522850000.0
AMT,2026-08-07,ev,109811052063.44
AMZN,2026-08-07,ev,3014276786317.5
ANET,2026-08-07,ev,236428095250.2
AON,2026-08-07,ev,87774995267.84
AOS,2026-08-07,ev,9254590110.88
APD,2026-08-07,ev,83842928992.7
APH,2026-08-07,ev,220115921203.86752
APO,2026-08-07,ev,76082605867.12001
APP,2026-08-07,ev,117148638820.00002
APTV,2026-08-07,ev,14924314128.14
ARE,2026-08-07,ev,20891257884.975
ARES,2026-08-07,ev,43145230305.8825
ATO,2026-08-07,ev,38107906707.7
AVB,2026-08-07,ev,35661596877.3
AVGO,2026-08-07,ev,2067488463159.9001
AVY,2026-08-07,ev,16535857279.85
AWK,2026-08-07,ev,40859269605.100006
AXON,2026-08-07,ev,46905303546.375
AZO,2026-08-07,ev,59101955114.025
BA,2026-08-07,ev,223034188225.22
BALL,2026-08-07,ev,22879754285.86
BAX,2026-08-07,ev,21570014472.375
BBY,2026-08-07,ev,16632889536.720001
BDX,2026-08-07,ev,61295359747.73
BEN,2026-08-07,ev,15053463018.95
BF-B,2026-08-07,ev,15448893485.0
BG,2026-08-07,ev,31400378450.850002
BIIB,2026-08-07,ev,33967265285.9
BKNG,2026-08-07,ev,167325465059.96002
BKR,2026-08-07,ev,62042012179.869995
BLDR,2026-08-07,ev,12572714629.3
BLK,2026-08-07,ev,179244334606.88
BMY,2026-08-07,ev,165740891712.8
BR,2026-08-07,ev,22077578710.309998
BRO,2026-08-07,ev,30702064557.670002
BSX,2026-08-07,ev,81685338826.83
BX,2026-08-07,ev,114228205595.705
BXP,2026-08-07,ev,23684354337.45
CAG,2026-08-07,ev,14195318142.9842
CAH,2026-08-07,ev,61540515227.899994
CARR,2026-08-07,ev,63221452876.23
CASY,2026-08-07,ev,32680705027.839996
CAT,2026-08-07,ev,411927920945.995
CBOE,2026-08-07,ev,29135647367.335
CBRE,2026-08-07,ev,47389669206.96999
CCI,2026-08-07,ev,47041867426.94
CCL,2026-08-07,ev,62827680591.96
CDNS,2026-08-07,ev,93859004400.0
CDW,2026-08-07,ev,22538831262.9
CE,2026-08-07,ev,15335050233.26
CEG,2026-08-07,ev,114751738088.92
CF,2026-08-07,ev,20385740000.0
CHD,2026-08-07,ev,26371642225.65
CHRW,2026-08-07,ev,18966387462.47
CHTR,2026-08-07,ev,111767444446.44
CI,2026-08-07,ev,97237756930.5
CIEN,2026-08-07,ev,58781732867.259995
CL,2026-08-07,ev,80869083587.15
CLX,2026-08-07,ev,14075945339.905
CMCSA,2026-08-07,ev,166693137400.09
CME,2026-08-07,ev,96265629180.00002
CMG,2026-08-07,ev,41448342830.0
CMI,2026-08-07,ev,92407780350.63
CMS,2026-08-07,ev,40740648526.08
CNC,2026-08-07,ev,24505800524.999996
CNP,2026-08-07,ev,48683145337.44
COHR,2026-08-07,ev,75402072060.83
COIN,2026-08-07,ev,37369339040.0
COO,2026-08-07,ev,16769269070.4
COP,2026-08-07,ev,157843635274.94
COR,2026-08-07,ev,70526041578.5
COST,2026-08-07,ev,405155121150.08
CPAY,2026-08-07,ev,33388181759.28
CPB,2026-08-07,ev,13520420712.74
CPRT,2026-08-07,ev,25236850955.84
CPT,2026-08-07,ev,15869029855.32
CRH,2026-08-07,ev,81530689298.41
CRL,2026-08-07,ev,14941511823.0
CRM,2026-08-07,ev,186888660000.0
CRWD,2026-08-07,ev,50832868280.0
CSCO,2026-08-07,ev,493113445104.825
CSGP,2026-08-07,ev,12070240566.66
CSX,2026-08-07,ev,108550211067.63
CTAS,2026-08-07,ev,83190395799.08
CTSH,2026-08-07,ev,26334925000.0
CTVA,2026-08-07,ev,50537636920.0
CVS,2026-08-07,ev,170239090832.12
CVX,2026-08-07,ev,393593600000.0
D,2026-08-07,ev,104096218149.285
DAL,2026-08-07,ev,68313863790.5
DASH,2026-08-07,ev,87422556614.3
DD,2026-08-07,ev,20819692579.94
DDOG,2026-08-07,ev,88180655255.0
DE,2026-08-07,ev,192543327258.36002
DECK,2026-08-07,ev,11641777502.535
DELL,2026-08-07,ev,315019160000.0
DG,2026-08-07,ev,31160527041.37
DGX,2026-08-07,ev,31347772495.2
DHI,2026-08-07,ev,47081391468.11
DHR,2026-08-07,ev,164026380036.56
DIS,2026-08-07,ev,222382594007.25998
DLR,2026-08-07,ev,84987676340.08
DLTR,2026-08-07,ev,27104014519.760002
DOC,2026-08-07,ev,23092289638.0
DOV,2026-08-07,ev,30023228044.875
DOW,2026-08-07,ev,34615577634.475006
DPZ,2026-08-07,ev,16304548213.4
DRI,2026-08-07,ev,25996266293.77
DTE,2026-08-07,ev,54160756080.7
DUK,2026-08-07,ev,183093412839.91
DVA,2026-08-07,ev,21548173000.0
DVN,2026-08-07,ev,57870000000.0
DXCM,2026-08-07,ev,31992708977.475002
EA,2026-08-07,ev,50637639877.0
EBAY,2026-08-07,ev,52593300000.0
ECL,2026-08-07,ev,86477734155.5125
ED,2026-08-07,ev,65506802298.7
EFX,2026-08-07,ev,25133843441.6
EIX,2026-08-07,ev,66446807674.335
EL,2026-08-07,ev,36003630000.0
ELV,2026-08-07,ev,106338741897.3
EME,2026-08-07,ev,35386058436.3675
EMR,2026-08-07,ev,94236670500.0
EOG,2026-08-07,ev,75104945250.2
EQIX,2026-08-07,ev,121884052337.79001
EQR,2026-08-07,ev,31066537597.2
EQT,2026-08-07,ev,37850752400.0
ERIE,2026-08-07,ev,11586621630.16
ES,2026-08-07,ev,54578786213.875
ESS,2026-08-07,ev,24768747623.44
ETN,2026-08-07,ev,192403115000.0
ETR,2026-08-07,ev,79176928892.89
EVRG,2026-08-07,ev,32759487220.6
EW,2026-08-07,ev,49073713000.0
EXC,2026-08-07,ev,94213152482.395
EXE,2026-08-07,ev,25093697880.76
EXPE,2026-08-07,ev,34179129497.199997
EXR,2026-08-07,ev,40297738531.5
F,2026-08-07,ev,191570328863.775
FANG,2026-08-07,ev,63417758378.78
FAST,2026-08-07,ev,59206499596.91
FCX,2026-08-07,ev,102585000000.0
FDS,2026-08-07,ev,11125379639.119999
FDX,2026-08-07,ev,85234869071.2
FE,2026-08-07,ev,53722667097.875
FFIV,2026-08-07,ev,21573551370.0
FICO,2026-08-07,ev,27469037146.975
FIS,2026-08-07,ev,38207545458.07
FISV,2026-08-07,ev,53650560045.43
FIX,2026-08-07,ev,57983524729.01
FLEX,2026-08-07,ev,47468327494.68
FOX,2026-08-07,ev,27399855000.0
FOXA,2026-08-07,ev,30556265000.000004
FRT,2026-08-07,ev,15062859060.56
FSLR,2026-08-07,ev,25422607644.02
FTNT,2026-08-07,ev,114611339063.09
FTV,2026-08-07,ev,21935303470.175
GD,2026-08-07,ev,109770266161.05
GDDY,2026-08-07,ev,14136875440.279999
GE,2026-08-07,ev,394332667317.80005
GEHC,2026-08-07,ev,40304509882.869995
GEN,2026-08-07,ev,24665457412.675
GEV,2026-08-07,ev,253002006538.415
GILD,2026-08-07,ev,186471836890.34
GIS,2026-08-07,ev,32538853125.68
GLW,2026-08-07,ev,148576915167.5
GM,2026-08-07,ev,190660910476.19
GNRC,2026-08-07,ev,13552980659.57
GOOG,2026-08-07,ev,4392776519999.9995
GOOGL,2026-08-07,ev,4403977710000.0
GPC,2026-08-07,ev,21937592330.0
GPN,2026-08-07,ev,39536920828.35
GWW,2026-08-07,ev,62305143144.47001
HAL,2026-08-07,ev,31751550531.325
HAS,2026-08-07,ev,15455799650.29
HCA,2026-08-07,ev,135093877763.0
HD,2026-08-07,ev,396261146845.51
HII,2026-08-07,ev,15430787182.835
HLT,2026-08-07,ev,83294145274.6
HON,2026-08-07,ev,100498045652.8
HPE,2026-08-07,ev,86196375771.445
HPQ,2026-08-07,ev,33279792750.3
HRL,2026-08-07,ev,15800451280.175
HSIC,2026-08-07,ev,12258773383.615
HST,2026-08-07,ev,19138053193.375
HSY,2026-08-07,ev,41429343797.64
HUBB,2026-08-07,ev,28831876744.890003
HUM,2026-08-07,ev,53402016990.380005
HWM,2026-08-07,ev,117858603097.175
IBM,2026-08-07,ev,270964466236.45
ICE,2026-08-07,ev,103353079466.55
IDXX,2026-08-07,ev,46554094919.12
IEX,2026-08-07,ev,18548028190.68
IFF,2026-08-07,ev,26851219482.84
INCY,2026-08-07,ev,21042754649.18
INTC,2026-08-07,ev,545345980000.0
INTU,2026-08-07,ev,90466689155.0
INVH,2026-08-07,ev,26530571930.86
IP,2026-08-07,ev,29627669460.475
IQV,2026-08-07,ev,52812254000.0
IR,2026-08-07,ev,36786950123.149994
IRM,2026-08-07,ev,53079300858.32
IT,2026-08-07,ev,13183555141.039999
ITW,2026-08-07,ev,94097633000.0
IVZ,2026-08-07,ev,14688697500.0
J,2026-08-07,ev,19676971362.539997
JBHT,2026-08-07,ev,26245340000.000004
JBL,2026-08-07,ev,37989311911.92
JCI,2026-08-07,ev,100678248715.79999
JKHY,2026-08-07,ev,11137717508.4
JNJ,2026-08-07,ev,636555127260.64
KDP,2026-08-07,ev,62940581136.545
KEYS,2026-08-07,ev,58195227384.28
KHC,2026-08-07,ev,45136120770.71001
KIM,2026-08-07,ev,24019653010.445
KKR,2026-08-07,ev,124270312252.365
KLAC,2026-08-07,ev,262488182017.0
KMB,2026-08-07,ev,41778832658.323
KMI,2026-08-07,ev,98362998732.235
KO,2026-08-07,ev,403006398856.935
KR,2026-08-07,ev,47141014087.869995
KVUE,2026-08-07,ev,44205366295.579994
LDOS,2026-08-07,ev,22514992371.219997
LEN,2026-08-07,ev,23301560540.0
LH,2026-08-07,ev,31590527500.0
LHX,2026-08-07,ev,61056316845.68
LII,2026-08-07,ev,16276676493.75
LIN,2026-08-07,ev,243737836929.82
LITE,2026-08-07,ev,86488175840.0
LLY,2026-08-07,ev,1092516563149.2875
LMT,2026-08-07,ev,152170398045.34
LNT,2026-08-07,ev,28907100886.52
LOW,2026-08-07,ev,160832380000.0
LRCX,2026-08-07,ev,386181168710.0
LULU,2026-08-07,ev,12892469298.14
LUV,2026-08-07,ev,22999123570.015
LVS,2026-08-07,ev,39943852156.16
LYB,2026-08-07,ev,28086801162.239998
LYV,2026-08-07,ev,42566584228.325
MA,2026-08-07,ev,502016916553.44995
MAA,2026-08-07,ev,21259114209.35
MAR,2026-08-07,ev,92179970171.84
MAS,2026-08-07,ev,17930560213.300003
MCD,2026-08-07,ev,233641449721.50998
MCHP,2026-08-07,ev,51266431784.8
MCK,2026-08-07,ev,107787111978.42
MCO,2026-08-07,ev,87632595189.92
MDLZ,2026-08-07,ev,94467349821.18
MDT,2026-08-07,ev,134717500800.79999
META,2026-08-07,ev,1549428356399.9998
MGM,2026-08-07,ev,14706875931.76
MKC,2026-08-07,ev,16726649916.75
MLM,2026-08-07,ev,38728050144.45
MMM,2026-08-07,ev,102351988431.85
MNST,2026-08-07,ev,86672850252.59999
MO,2026-08-07,ev,136520669173.95999
MOS,2026-08-07,ev,11785299858.0
MPC,2026-08-07,ev,110062327448.45001
MRK,2026-08-07,ev,361441816257.3
MRSH,2026-08-07,ev,109318400075.59999
MRVL,2026-08-07,ev,190931314521.02002
MSCI,2026-08-07,ev,46847231000.0
MSFT,2026-08-07,ev,3727565035023.035
MSI,2026-08-07,ev,85714979380.62
MTD,2026-08-07,ev,30528956596.620003
MU,2026-08-07,ev,964399837164.99
NCLH,2026-08-07,ev,22535344488.57
NDAQ,2026-08-07,ev,61007773055.36
NDSN,2026-08-07,ev,19086994135.94
NEE,2026-08-07,ev,272463426768.5034
NEM,2026-08-07,ev,114345688958.395
NFLX,2026-08-07,ev,312047489589.4332
NI,2026-08-07,ev,36074585667.125
NKE,2026-08-07,ev,62144105000.0
NOC,2026-08-07,ev,93963630828.98
NOW,2026-08-07,ev,131213493573.79999
NRG,2026-08-07,ev,48456309012.415
NSC,2026-08-07,ev,90530377440.29001
NTAP,2026-08-07,ev,37709378504.815
NUE,2026-08-07,ev,66582873943.0
NVDA,2026-08-07,ev,5379561300000.0
NWS,2026-08-07,ev,18100632000.0
NWSA,2026-08-07,ev,15861448000.0
NXPI,2026-08-07,ev,67407155499.0
O,2026-08-07,ev,83752261160.0
ODFL,2026-08-07,ev,44147699299.96
OKE,2026-08-07,ev,86101455495.84
OMC,2026-08-07,ev,29290128394.88
ON,2026-08-07,ev,33738712000.0
ORCL,2026-08-07,ev,515603443189.99994
ORLY,2026-08-07,ev,82233778370.17499
OTIS,2026-08-07,ev,35525430685.149994
OXY,2026-08-07,ev,64689671018.26
PANW,2026-08-07,ev,294094350000.0
PAYX,2026-08-07,ev,45920427755.3
PCG,2026-08-07,ev,100313314344.23
PEG,2026-08-07,ev,61074589598.21
PEP,2026-08-07,ev,222180360000.0
PFE,2026-08-07,ev,213421835420.005
PG,2026-08-07,ev,358214723278.56
PH,2026-08-07,ev,142570321390.925
PKG,2026-08-07,ev,26372775063.74
PLD,2026-08-07,ev,166141925063.76
PLTR,2026-08-07,ev,433286525180.0
PM,2026-08-07,ev,331428110137.09
PNR,2026-08-07,ev,13174443371.31
PNW,2026-08-07,ev,22871078614.82
PODD,2026-08-07,ev,9827221318.355001
POOL,2026-08-07,ev,8743725522.02
PPG,2026-08-07,ev,32076735000.0
PPL,2026-08-07,ev,45387632303.94
PSA,2026-08-07,ev,71027222660.56
PSKY,2026-08-07,ev,22984796995.155
PSX,2026-08-07,ev,96095203223.54
PTC,2026-08-07,ev,16968019182.790998
PWR,2026-08-07,ev,106195009411.415
PYPL,2026-08-07,ev,54653560000.0
Q,2026-08-07,ev,31877709244.425003
QCOM,2026-08-07,ev,183209500000.0
RCL,2026-08-07,ev,106549064453.82
REG,2026-08-07,ev,19020880269.769997
REGN,2026-08-07,ev,78620592444.0
RL,2026-08-07,ev,23936190000.0
RMD,2026-08-07,ev,29114835400.0
ROK,2026-08-07,ev,51125432401.04
ROL,2026-08-07,ev,18363237201.52
ROP,2026-08-07,ev,50447597005.68
ROST,2026-08-07,ev,78686381380.0
RSG,2026-08-07,ev,78946450531.0
RTX,2026-08-07,ev,323644828343.04
RVTY,2026-08-07,ev,15118227651.630001
SATS,2026-08-07,ev,52084199130.0
SBAC,2026-08-07,ev,31725261752.145
SBUX,2026-08-07,ev,131431300000.00002
SHW,2026-08-07,ev,99073543996.35
SJM,2026-08-07,ev,19328052517.3
SLB,2026-08-07,ev,81740867436.26
SMCI,2026-08-07,ev,22886186932.405
SNA,2026-08-07,ev,20982864311.460003
SNDK,2026-08-07,ev,175471970000.0
SNPS,2026-08-07,ev,86224795515.875
SO,2026-08-07,ev,173012712282.08002
SOLV,2026-08-07,ev,18729671066.239998
SPG,2026-08-07,ev,99606133938.2
SPGI,2026-08-07,ev,131014024000.0
SRE,2026-08-07,ev,85310886606.53
STE,2026-08-07,ev,24481697276.0
STLD,2026-08-07,ev,40933426902.0
STX,2026-08-07,ev,187006127300.0
STZ,2026-08-07,ev,33386419925.07
SW,2026-08-07,ev,37817023249.28
SWK,2026-08-07,ev,19870475580.795
SWKS,2026-08-07,ev,10148081951.460001
SYK,2026-08-07,ev,141191018087.08002
SYY,2026-08-07,ev,51041227224.92
T,2026-08-07,ev,280387611967.75
TAP,2026-08-07,ev,13141832500.0
TDG,2026-08-07,ev,99014075444.47
TDY,2026-08-07,ev,33458032966.26
TECH,2026-08-07,ev,11236593861.36
TEL,2026-08-07,ev,66900759717.6128
TER,2026-08-07,ev,59005227737.5
TGT,2026-08-07,ev,80271031221.08
TJX,2026-08-07,ev,176296308429.84
TKO,2026-08-07,ev,17728986433.440002
TMO,2026-08-07,ev,255135942804.75998
TMUS,2026-08-07,ev,273180428191.31
TPR,2026-08-07,ev,34174988707.84
TRGP,2026-08-07,ev,74836705608.18
TRMB,2026-08-07,ev,14934610736.189999
TSCO,2026-08-07,ev,19926645762.2416
TSLA,2026-08-07,ev,1285860285113.1802
TSN,2026-08-07,ev,26496450000.0
TT,2026-08-07,ev,108169766910.37
TTWO,2026-08-07,ev,46028088718.700005
TXN,2026-08-07,ev,270320556389.32
TYL,2026-08-07,ev,13149162142.7
UAL,2026-08-07,ev,56127322803.200005
UBER,2026-08-07,ev,159993090612.685
UDR,2026-08-07,ev,18129029605.61
UHS,2026-08-07,ev,15258169520.0
ULTA,2026-08-07,ev,24769833714.395
UNH,2026-08-07,ev,415178830333.36
UNP,2026-08-07,ev,202038640749.65
UPS,2026-08-07,ev,108190325000.0
URI,2026-08-07,ev,84846373557.405
V,2026-08-07,ev,628866714871.7108
VICI,2026-08-07,ev,46003325190.729996
VLO,2026-08-07,ev,87127307507.4861
VLTO,2026-08-07,ev,25133718412.48
VMC,2026-08-07,ev,41055556560.75
VRSK,2026-08-07,ev,29201629004.8
VRSN,2026-08-07,ev,25558159999.999996
VRT,2026-08-07,ev,105589010229.89
VRTX,2026-08-07,ev,119347533000.0
VST,2026-08-07,ev,66127363095.21999
VTR,2026-08-07,ev,60408352651.61
VTRS,2026-08-07,ev,31709032607.35
VZ,2026-08-07,ev,336534183097.79004
WAB,2026-08-07,ev,55464511008.93
WAT,2026-08-07,ev,44449050247.225
WBD,2026-08-07,ev,95556942892.87
WDAY,2026-08-07,ev,47635678880.0
WDC,2026-08-07,ev,167072975000.0
WEC,2026-08-07,ev,55730802191.125
WELL,2026-08-07,ev,183601839280.84
WM,2026-08-07,ev,112725557080.544
WMB,2026-08-07,ev,114163538450.72
WMT,2026-08-07,ev,916186113909.25
WSM,2026-08-07,ev,28760913694.745
WST,2026-08-07,ev,24684342293.72
WTW,2026-08-07,ev,36941032106.89
WY,2026-08-07,ev,23295311520.0
WYNN,2026-08-07,ev,19793598191.66
XEL,2026-08-07,ev,83461716061.61
XOM,2026-08-07,ev,657213936921.2
XYL,2026-08-07,ev,29790984203.22
XYZ,2026-08-07,ev,47069462090.0
YUM,2026-08-07,ev,49946941639.7
ZBH,2026-08-07,ev,25398891912.899998
ZBRA,2026-08-07,ev,20579408620.56
ZTS,2026-08-07,ev,37905250477.89
A,2026-08-07,pe_ratio,28.992489391796326
AAPL,2026-08-07,pe_ratio,35.59917581571395
ABBV,2026-08-07,pe_ratio,68.75184786053883
ABNB,2026-08-07,pe_ratio,38.72447540702797
ABT,2026-08-07,pe_ratio,29.84583041666667
ACGL,2026-08-07,pe_ratio,7.3421210571185
ACN,2026-08-07,pe_ratio,13.771871477606734
ADBE,2026-08-07,pe_ratio,14.707758680315395
ADI,2026-08-07,pe_ratio,57.71270450397051
ADM,2026-08-07,pe_ratio,21.050918079096046
ADP,2026-08-07,pe_ratio,24.70205646440386
ADSK,2026-08-07,pe_ratio,35.86538619275461
AEE,2026-08-07,pe_ratio,19.430543186180422
AEP,2026-08-07,pe_ratio,18.787111765810938
AES,2026-08-07,pe_ratio,5.618402777777778
AFL,2026-08-07,pe_ratio,12.971164072398189
AIG,2026-08-07,pe_ratio,14.295838549315347
AIZ,2026-08-07,pe_ratio,13.682437034471086
AJG,2026-08-07,pe_ratio,40.652070327430245
AKAM,2026-08-07,pe_ratio,38.27607182331868
ALB,2026-08-07,pe_ratio,78.56994125177873
ALGN,2026-08-07,pe_ratio,29.571899222461266
ALL,2026-08-07,pe_ratio,5.288606418985518
ALLE,2026-08-07,pe_ratio,22.192818402672337
AMAT,2026-08-07,pe_ratio,50.52256934649741
AMCR,2026-08-07,pe_ratio,32.60281415929204
AMD,2026-08-07,pe_ratio,123.40649673608952
AME,2026-08-07,pe_ratio,36.84851530829109
AMGN,2026-08-07,pe_ratio,25.398073887681576
AMP,2026-08-07,pe_ratio,12.991999113475176
AMZN,2026-08-07,pe_ratio,22.11330951870551
ANET,2026-08-07,pe_ratio,59.71292587647728
AON,2026-08-07,pe_ratio,19.551574859478794
AOS,2026-08-07,pe_ratio,17.5862284846692
APD,2026-08-07,pe_ratio,-1420.5972938689217
APH,2026-08-07,pe_ratio,42.21903773988451
APO,2026-08-07,pe_ratio,72.85965643629417
APP,2026-08-07,pe_ratio,26.45840242202113
APTV,2026-08-07,pe_ratio,47.06691818181818
ARES,2026-08-07,pe_ratio,97.72874314481892
ATO,2026-08-07,pe_ratio,20.639709849170345
AVGO,2026-08-07,pe_ratio,170.48769019169606
AVY,2026-08-07,pe_ratio,19.250112072634415
AWK,2026-08-07,pe_ratio,23.613829787234046
AXON,2026-08-07,pe_ratio,233.34736387219138
AXP,2026-08-07,pe_ratio,20.18934862385321
AZO,2026-08-07,pe_ratio,20.951426445397225
BA,2026-08-07,pe_ratio,75.92032772073922
BAC,2026-08-07,pe_ratio,13.67919872232952
BALL,2026-08-07,pe_ratio,17.84499803590285
BAX,2026-08-07,pe_ratio,-13.461665098777045
BBY,2026-08-07,pe_ratio,15.10711811023622
BDX,2026-08-07,pe_ratio,51.461271434644
BEN,2026-08-07,pe_ratio,21.486245078740154
BF-B,2026-08-07,pe_ratio,18.633417461538464
BG,2026-08-07,pe_ratio,31.222815229502196
BIIB,2026-08-07,pe_ratio,22.395204081632652
BKNG,2026-08-07,pe_ratio,22.655666527951173
BKR,2026-08-07,pe_ratio,-1314.4163157894736
BLDR,2026-08-07,pe_ratio,78.5621023890785
BLK,2026-08-07,pe_ratio,28.591024475474452
BMY,2026-08-07,pe_ratio,14.21486748545572
BNY,2026-08-07,pe_ratio,17.377006171614543
BR,2026-08-07,pe_ratio,17.311929028815367
BRO,2026-08-07,pe_ratio,19.76559336099585
BSX,2026-08-07,pe_ratio,19.746267755102043
BX,2026-08-07,pe_ratio,35.32692646573072
C,2026-08-07,pe_ratio,17.66718499231092
CAG,2026-08-07,pe_ratio,-3.752133336812441
CAH,2026-08-07,pe_ratio,34.07837545126353
CARR,2026-08-07,pe_ratio,41.18139541984733
CASY,2026-08-07,pe_ratio,43.54939243679036
CAT,2026-08-07,pe_ratio,35.99494536149023
CB,2026-08-07,pe_ratio,12.246588907662625
CBOE,2026-08-07,pe_ratio,22.24715726849457
CBRE,2026-08-07,pe_ratio,33.60186374549193
CCL,2026-08-07,pe_ratio,13.043310524600846
CDNS,2026-08-07,pe_ratio,78.63665904050406
CDW,2026-08-07,pe_ratio,16.115162454873648
CE,2026-08-07,pe_ratio,-4.150626695876817
CEG,2026-08-07,pe_ratio,27.923116883116883
CF,2026-08-07,pe_ratio,8.442870414483087
CFG,2026-08-07,pe_ratio,14.580637938476013
CHD,2026-08-07,pe_ratio,32.925201396348015
CHRW,2026-08-07,pe_ratio,28.213932873539264
CHTR,2026-08-07,pe_ratio,3.7817288345227458
CIEN,2026-08-07,pe_ratio,137.47774268765687
CINF,2026-08-07,pe_ratio,8.298384129846708
CL,2026-08-07,pe_ratio,36.74424644084438
CLX,2026-08-07,pe_ratio,17.020377625661375
CMCSA,2026-08-07,pe_ratio,8.113781249999999
CME,2026-08-07,pe_ratio,22.327403406326034
CMG,2026-08-07,pe_ratio,29.67359645545189
CMI,2026-08-07,pe_ratio,32.8466906077348
CMS,2026-08-07,pe_ratio,21.51971929824562
CNC,2026-08-07,pe_ratio,-6.429762767647059
CNP,2026-08-07,pe_ratio,25.09202774509804
COF,2026-08-07,pe_ratio,42.05967421656841
COHR,2026-08-07,pe_ratio,157.99441485424944
COIN,2026-08-07,pe_ratio,-42.277924254266196
COO,2026-08-07,pe_ratio,61.2620865139949
COP,2026-08-07,pe_ratio,15.41823898944193
COR,2026-08-07,pe_ratio,23.858840525710026
COST,2026-08-07,pe_ratio,47.446095677755146
CPAY,2026-08-07,pe_ratio,22.74700502110325
CPB,2026-08-07,pe_ratio,11.399375
CPRT,2026-08-07,pe_ratio,18.01532036098354
CRH,2026-08-07,pe_ratio,17.479762376237627
CRL,2026-08-07,pe_ratio,-52.787093010089826
CRM,2026-08-07,pe_ratio,20.75070921101832
CRWD,2026-08-07,pe_ratio,-2356.7902984817115
CSCO,2026-08-07,pe_ratio,40.32782321458438
CSGP,2026-08-07,pe_ratio,168.42623803009576
CSX,2026-08-07,pe_ratio,29.06453924914676
CTAS,2026-08-07,pe_ratio,42.2592792098016
CTSH,2026-08-07,pe_ratio,12.352994616419918
CTVA,2026-08-07,pe_ratio,50.96188899900891
CVS,2026-08-07,pe_ratio,25.129398773006137
CVX,2026-08-07,pe_ratio,17.916970260295262
D,2026-08-07,pe_ratio,20.100185003385242
DAL,2026-08-07,pe_ratio,15.213439635535307
DASH,2026-08-07,pe_ratio,113.83267003567182
DD,2026-08-07,pe_ratio,358.0180363636364
DDOG,2026-08-07,pe_ratio,493.57095044580745
DE,2026-08-07,pe_ratio,35.21475726531466
DECK,2026-08-07,pe_ratio,13.278502566907097
DELL,2026-08-07,pe_ratio,35.13332857652515
DG,2026-08-07,pe_ratio,17.944110865382772
DGX,2026-08-07,pe_ratio,25.159924670433142
DHI,2026-08-07,pe_ratio,13.935402404271349
DHR,2026-08-07,pe_ratio,35.98792807192807
DIS,2026-08-07,pe_ratio,21.30716162790698
DLTR,2026-08-07,pe_ratio,20.105214552238806
DOV,2026-08-07,pe_ratio,25.29546200925314
DOW,2026-08-07,pe_ratio,-7.548475352112677
DPZ,2026-08-07,pe_ratio,19.573504168925588
DRI,2026-08-07,pe_ratio,20.681873705146266
DTE,2026-08-07,pe_ratio,23.087341772151902
DUK,2026-08-07,pe_ratio,18.928532788480247
DVA,2026-08-07,pe_ratio,10.087053550609681
DVN,2026-08-07,pe_ratio,12.357560975609754
DXCM,2026-08-07,pe_ratio,32.94017355206562
EA,2026-08-07,pe_ratio,49.18171745152354
EBAY,2026-08-07,pe_ratio,22.94965121512151
ECL,2026-08-07,pe_ratio,37.91345799470799
ED,2026-08-07,pe_ratio,18.28594709976798
EFX,2026-08-07,pe_ratio,31.179230546716802
EG,2026-08-07,pe_ratio,7.5757354939885
EIX,2026-08-07,pe_ratio,7.444359876195835
EL,2026-08-07,pe_ratio,-130.32108870967744
ELV,2026-08-07,pe_ratio,17.314773927060248
EME,2026-08-07,pe_ratio,25.481751640226435
EMR,2026-08-07,pe_ratio,34.54203859581071
EOG,2026-08-07,pe_ratio,10.412283304246655
EQT,2026-08-07,pe_ratio,11.981929901553134
ES,2026-08-07,pe_ratio,18.872365532370484
ETN,2026-08-07,pe_ratio,45.679021937842776
ETR,2026-08-07,pe_ratio,27.843877573248403
EVRG,2026-08-07,pe_ratio,22.31536107017345
EW,2026-08-07,pe_ratio,51.29081102597273
EXC,2026-08-07,pe_ratio,16.866790212306586
EXE,2026-08-07,pe_ratio,6.9564205639913235
EXPD,2026-08-07,pe_ratio,25.614565253118474
EXPE,2026-08-07,pe_ratio,18.547762310327947
F,2026-08-07,pe_ratio,-9.352297297297298
FANG,2026-08-07,pe_ratio,39.10582480000001
FAST,2026-08-07,pe_ratio,43.95756345202278
FCX,2026-08-07,pe_ratio,34.04647028862479
FDS,2026-08-07,pe_ratio,18.0222828771843
FDX,2026-08-07,pe_ratio,17.1122490412813
FE,2026-08-07,pe_ratio,25.838591549295774
FFIV,2026-08-07,pe_ratio,31.82395940867985
FICO,2026-08-07,pe_ratio,28.54905376820361
FIS,2026-08-07,pe_ratio,6.526895017793594
FISV,2026-08-07,pe_ratio,9.861350767583007
FITB,2026-08-07,pe_ratio,22.25671964445226
FIX,2026-08-07,pe_ratio,41.74956463359967
FLEX,2026-08-07,pe_ratio,52.43031818181819
FOX,2026-08-07,pe_ratio,14.836115727002968
FOXA,2026-08-07,pe_ratio,16.709356083086053
FSLR,2026-08-07,pe_ratio,15.543579135104302
FTNT,2026-08-07,pe_ratio,55.657976724319106
FTV,2026-08-07,pe_ratio,38.80116653258246
GD,2026-08-07,pe_ratio,24.589516542271365
GDDY,2026-08-07,pe_ratio,13.087168329122266
GE,2026-08-07,pe_ratio,43.24768167632636
GEHC,2026-08-07,pe_ratio,17.058541884816755
GEN,2026-08-07,pe_ratio,18.57318088386434
GEV,2026-08-07,pe_ratio,28.01480218281037
GILD,2026-08-07,pe_ratio,-51.18167592592592
GIS,2026-08-07,pe_ratio,-224.53271689497714
GL,2026-08-07,pe_ratio,11.972758418048523
GLW,2026-08-07,pe_ratio,79.83364640883978
GM,2026-08-07,pe_ratio,39.225836614173225
GNRC,2026-08-07,pe_ratio,48.99196873804516
GOOG,2026-08-07,pe_ratio,17.80685702585942
GOOGL,2026-08-07,pe_ratio,17.852725005630514
GPC,2026-08-07,pe_ratio,568.4824208020509
GPN,2026-08-07,pe_ratio,-24.509671618991753
GRMN,2026-08-07,pe_ratio,34.639875523846385
GS,2026-08-07,pe_ratio,15.096278930052927
GWW,2026-08-07,pe_ratio,32.336543315508024
HAL,2026-08-07,pe_ratio,16.736460674157303
HAS,2026-08-07,pe_ratio,16.735545901020025
HBAN,2026-08-07,pe_ratio,15.075136264159491
HCA,2026-08-07,pe_ratio,13.784104595231087
HD,2026-08-07,pe_ratio,25.15973030821918
HIG,2026-08-07,pe_ratio,9.075806185567009
HII,2026-08-07,pe_ratio,19.321684947049924
HLT,2026-08-07,pe_ratio,45.98215909090909
HON,2026-08-07,pe_ratio,9.514940703762328
HOOD,2026-08-07,pe_ratio,40.859536679536674
HPE,2026-08-07,pe_ratio,48.817763496143954
HPQ,2026-08-07,pe_ratio,10.822463768115943
HRL,2026-08-07,pe_ratio,29.529317758310487
HSIC,2026-08-07,pe_ratio,23.79400549379717
HSY,2026-08-07,pe_ratio,41.9258924026135
HUBB,2026-08-07,pe_ratio,30.399890692282217
HUM,2026-08-07,pe_ratio,40.9720311681416
HWM,2026-08-07,pe_ratio,61.175547835382154
IBKR,2026-08-07,pe_ratio,34.879823865293076
IBM,2026-08-07,pe_ratio,20.936689207586948
ICE,2026-08-07,pe_ratio,21.11636948984646
IDXX,2026-08-07,pe_ratio,40.84826607327123
IEX,2026-08-07,pe_ratio,33.52283156881617
INCY,2026-08-07,pe_ratio,17.454112054040046
INTC,2026-08-07,pe_ratio,-45.6846204269643
INTU,2026-08-07,pe_ratio,19.587028795811516
IP,2026-08-07,pe_ratio,-6.438553664921466
IQV,2026-08-07,pe_ratio,28.993503249097476
IR,2026-08-07,pe_ratio,35.69227922010218
ISRG,2026-08-07,pe_ratio,42.97662864789092
IT,2026-08-07,pe_ratio,15.905241594849828
ITW,2026-08-07,pe_ratio,26.623428303068252
IVZ,2026-08-07,pe_ratio,-46.534851228978006
J,2026-08-07,pe_ratio,51.38470067488505
JBHT,2026-08-07,pe_ratio,37.632454021838235
JBL,2026-08-07,pe_ratio,42.4122041763341
JCI,2026-08-07,pe_ratio,26.629272160860946
JKHY,2026-08-07,pe_ratio,21.598169399328135
JNJ,2026-08-07,pe_ratio,29.823573323192473
JPM,2026-08-07,pe_ratio,14.839481553084482
KDP,2026-08-07,pe_ratio,22.40204776200873
KEY,2026-08-07,pe_ratio,12.100877812807882
KEYS,2026-08-07,pe_ratio,55.77936907020872
KHC,2026-08-07,pe_ratio,-8.8164222614841
KKR,2026-08-07,pe_ratio,29.412955854150177
KLAC,2026-08-07,pe_ratio,54.006170878313206
KMB,2026-08-07,pe_ratio,18.623712890025576
KMI,2026-08-07,pe_ratio,19.80166570522065
KO,2026-08-07,pe_ratio,27.407643967593607
KVUE,2026-08-07,pe_ratio,22.251360072376357
L,2026-08-07,pe_ratio,14.059671962062835
LDOS,2026-08-07,pe_ratio,12.560624999999998
LEN,2026-08-07,pe_ratio,13.113413513652384
LH,2026-08-07,pe_ratio,26.087006382130035
LHX,2026-08-07,pe_ratio,28.657699573105656
LII,2026-08-07,pe_ratio,19.374606175173284
LIN,2026-08-07,pe_ratio,31.366203785201545
LITE,2026-08-07,pe_ratio,195.0992858376904
LLY,2026-08-07,pe_ratio,39.54812875310731
LMT,2026-08-07,pe_ratio,21.569088277397807
LNT,2026-08-07,pe_ratio,21.901856272838003
LOW,2026-08-07,pe_ratio,18.76615477265884
LRCX,2026-08-07,pe_ratio,57.99958537697583
LULU,2026-08-07,pe_ratio,10.049281126619299
LUV,2026-08-07,pe_ratio,27.692228195937872
LVS,2026-08-07,pe_ratio,17.374313839027213
LYB,2026-08-07,pe_ratio,5.252020579981291
LYV,2026-08-07,pe_ratio,330.0287916600965
MA,2026-08-07,pe_ratio,30.526695577289782
MAR,2026-08-07,pe_ratio,36.31430614611519
MAS,2026-08-07,pe_ratio,18.84258064516129
MCD,2026-08-07,pe_ratio,22.164923068168886
MCHP,2026-08-07,pe_ratio,97.85643812709031
MCK,2026-08-07,pe_ratio,22.98182229965157
MCO,2026-08-07,pe_ratio,29.61692665474061
MDLZ,2026-08-07,pe_ratio,30.92019164430816
MDT,2026-08-07,pe_ratio,23.159506769423036
MET,2026-08-07,pe_ratio,18.46691432748538
META,2026-08-07,pe_ratio,21.450215427769983
MGM,2026-08-07,pe_ratio,26.905896047670254
MKC,2026-08-07,pe_ratio,8.80671898171033
MLM,2026-08-07,pe_ratio,13.415754985754985
MMM,2026-08-07,pe_ratio,31.907013680347017
MNST,2026-08-07,pe_ratio,42.11908150230064
MO,2026-08-07,pe_ratio,14.339420544337138
MOS,2026-08-07,pe_ratio,-11.45675336884989
MPC,2026-08-07,pe_ratio,10.118809913490766
MPWR,2026-08-07,pe_ratio,85.29771343706435
MRK,2026-08-07,pe_ratio,35.58462674874091
MRSH,2026-08-07,pe_ratio,23.215929648241204
MRVL,2026-08-07,pe_ratio,76.6271587446076
MS,2026-08-07,pe_ratio,16.758835028528903
MSCI,2026-08-07,pe_ratio,30.142768150038105
MSFT,2026-08-07,pe_ratio,27.82762043080696
MSI,2026-08-07,pe_ratio,36.93169072164948
MTB,2026-08-07,pe_ratio,12.115639835146718
MTD,2026-08-07,pe_ratio,31.713879674208908
MU,2026-08-07,pe_ratio,19.77166280290872
NCLH,2026-08-07,pe_ratio,11.767211213945437
NDAQ,2026-08-07,pe_ratio,27.385938227798675
NDSN,2026-08-07,pe_ratio,32.999843784320106
NEE,2026-08-07,pe_ratio,21.661006540388613
NEM,2026-08-07,pe_ratio,13.931070722345005
NFLX,2026-08-07,pe_ratio,23.19169359463146
NI,2026-08-07,pe_ratio,22.768080875041434
NKE,2026-08-07,pe_ratio,19.87294240669241
NOC,2026-08-07,pe_ratio,18.076501779359432
NOW,2026-08-07,pe_ratio,76.85033490215568
NRG,2026-08-07,pe_ratio,29.965912838633688
NSC,2026-08-07,pe_ratio,28.742128224582704
NTAP,2026-08-07,pe_ratio,29.983812695924765
NTRS,2026-08-07,pe_ratio,15.283756915450855
NUE,2026-08-07,pe_ratio,26.750682968682966
NVDA,2026-08-07,pe_ratio,33.970411557955806
NWS,2026-08-07,pe_ratio,31.774226876090744
NWSA,2026-08-07,pe_ratio,27.866401396160555
NXPI,2026-08-07,pe_ratio,22.791448360346777
ODFL,2026-08-07,pe_ratio,41.03879889027207
OKE,2026-08-07,pe_ratio,15.025557986870899
OMC,2026-08-07,pe_ratio,405.01231746031743
ON,2026-08-07,pe_ratio,51.9649508092669
ORCL,2026-08-07,pe_ratio,24.709396617311405
ORLY,2026-08-07,pe_ratio,30.244645292358975
OTIS,2026-08-07,pe_ratio,18.6817117414248
OXY,2026-08-07,pe_ratio,8.687068585425598
PANW,2026-08-07,pe_ratio,344.2808043658797
PAYX,2026-08-07,pe_ratio,24.412135674109425
PCAR,2026-08-07,pe_ratio,27.856909192556504
PCG,2026-08-07,pe_ratio,13.051267997382197
PEG,2026-08-07,pe_ratio,18.75094184890656
PEP,2026-08-07,pe_ratio,18.20268299684241
PFE,2026-08-07,pe_ratio,34.921503924284394
PFG,2026-08-07,pe_ratio,15.348106617647058
PG,2026-08-07,pe_ratio,21.97084449984419
PGR,2026-08-07,pe_ratio,10.715636673792218
PH,2026-08-07,pe_ratio,39.75448275862069
PKG,2026-08-07,pe_ratio,32.99317623247073
PLTR,2026-08-07,pe_ratio,144.302624258625
PM,2026-08-07,pe_ratio,27.158690454294646
PNC,2026-08-07,pe_ratio,13.821366847826088
PNR,2026-08-07,pe_ratio,17.047917473558766
PNW,2026-08-07,pe_ratio,19.78546429101476
PODD,2026-08-07,pe_ratio,26.009019277911005
POOL,2026-08-07,pe_ratio,18.63319053998148
PPG,2026-08-07,pe_ratio,16.91140694006309
PPL,2026-08-07,pe_ratio,21.96938347826087
PRU,2026-08-07,pe_ratio,10.841031648800408
PSX,2026-08-07,pe_ratio,11.583285234738476
PTC,2026-08-07,pe_ratio,13.78545834416014
PWR,2026-08-07,pe_ratio,76.61156771969875
PYPL,2026-08-07,pe_ratio,10.707570666139553
QCOM,2026-08-07,pe_ratio,19.238305432552114
RCL,2026-08-07,pe_ratio,19.439108258928574
RDDT,2026-08-07,pe_ratio,36.903867560393124
REGN,2026-08-07,pe_ratio,19.14939820269365
RF,2026-08-07,pe_ratio,12.088384318996415
RJF,2026-08-07,pe_ratio,15.191070251517779
RL,2026-08-07,pe_ratio,24.840563638213453
RMD,2026-08-07,pe_ratio,20.078596865815634
ROK,2026-08-07,pe_ratio,41.029029142381354
ROL,2026-08-07,pe_ratio,33.841977333764646
ROP,2026-08-07,pe_ratio,16.04296805111821
ROST,2026-08-07,pe_ratio,35.37237899107809
RSG,2026-08-07,pe_ratio,29.979260496942832
RTX,2026-08-07,pe_ratio,39.27770741793745
RVTY,2026-08-07,pe_ratio,53.356303602273016
SATS,2026-08-07,pe_ratio,-6.440947603092038
SBUX,2026-08-07,pe_ratio,61.39841327482726
SCHW,2026-08-07,pe_ratio,19.968932286138823
SHW,2026-08-07,pe_ratio,33.75385015995834
SJM,2026-08-07,pe_ratio,-92.41207985479451
SLB,2026-08-07,pe_ratio,22.96392310003004
SMCI,2026-08-07,pe_ratio,17.210529052661958
SNA,2026-08-07,pe_ratio,21.043689193010547
SNDK,2026-08-07,pe_ratio,42.757680275127576
SNPS,2026-08-07,pe_ratio,102.00105433045206
SO,2026-08-07,pe_ratio,24.012981893192755
SOFI,2026-08-07,pe_ratio,38.87483348107075
SOLV,2026-08-07,pe_ratio,9.977439330543932
SPGI,2026-08-07,pe_ratio,25.25457148838183
SRE,2026-08-07,pe_ratio,28.312928277976493
STE,2026-08-07,pe_ratio,29.89131518404908
STLD,2026-08-07,pe_ratio,23.41267286611031
STT,2026-08-07,pe_ratio,15.085648592861432
STX,2026-08-07,pe_ratio,58.648877858040194
SW,2026-08-07,pe_ratio,50.97014084507042
SWK,2026-08-07,pe_ratio,25.24841057211926
SWKS,2026-08-07,pe_ratio,36.22953464322647
SYF,2026-08-07,pe_ratio,7.441749857873792
SYK,2026-08-07,pe_ratio,34.98532582461786
SYY,2026-08-07,pe_ratio,23.230654028029953
T,2026-08-07,pe_ratio,7.679650709713332
TDG,2026-08-07,pe_ratio,33.272318459370595
TDY,2026-08-07,pe_ratio,32.994063397620025
TECH,2026-08-07,pe_ratio,103.69694641439173
TEL,2026-08-07,pe_ratio,20.97824625331565
TER,2026-08-07,pe_ratio,52.04934664616042
TFC,2026-08-07,pe_ratio,11.75777972166998
TGT,2026-08-07,pe_ratio,19.641929006085196
TJX,2026-08-07,pe_ratio,31.34611671128033
TKO,2026-08-07,pe_ratio,61.89803716600743
TMO,2026-08-07,pe_ratio,31.16421248568156
TMUS,2026-08-07,pe_ratio,18.129336393875
TPL,2026-08-07,pe_ratio,44.52433062598815
TPR,2026-08-07,pe_ratio,51.088183464091735
TRGP,2026-08-07,pe_ratio,24.490435702945845
TRMB,2026-08-07,pe_ratio,30.643290223586146
TROW,2026-08-07,pe_ratio,10.987198865682391
TRV,2026-08-07,pe_ratio,9.897940503432494
TSCO,2026-08-07,pe_ratio,9.576806802265667
TSLA,2026-08-07,pe_ratio,304.7433753943218
TSN,2026-08-07,pe_ratio,35.98858885017421
TT,2026-08-07,pe_ratio,36.35222956934554
TTD,2026-08-07,pe_ratio,15.909866351428402
TTWO,2026-08-07,pe_ratio,-148.56307847082496
TXN,2026-08-07,pe_ratio,43.26675479180436
TXT,2026-08-07,pe_ratio,16.614363639274277
TYL,2026-08-07,pe_ratio,39.782548303225965
UAL,2026-08-07,pe_ratio,12.085227337718043
UBER,2026-08-07,pe_ratio,15.942270500574173
UHS,2026-08-07,pe_ratio,7.020786139908126
ULTA,2026-08-07,pe_ratio,20.76995531029933
UNH,2026-08-07,pe_ratio,30.928213218199932
UNP,2026-08-07,pe_ratio,23.8187517053206
UPS,2026-08-07,pe_ratio,19.47337527352298
URI,2026-08-07,pe_ratio,29.379744623055444
USB,2026-08-07,pe_ratio,12.17937377571009
VEEV,2026-08-07,pe_ratio,40.149104536495436
VLO,2026-08-07,pe_ratio,12.161950831946756
VLTO,2026-08-07,pe_ratio,25.21446233230134
VMC,2026-08-07,pe_ratio,33.49824845055241
VRSK,2026-08-07,pe_ratio,28.63117302834542
VRSN,2026-08-07,pe_ratio,31.298208823529407
VRT,2026-08-07,pe_ratio,62.11615660775404
VRTX,2026-08-07,pe_ratio,28.676689367111596
VST,2026-08-07,pe_ratio,21.53423092445783
VZ,2026-08-07,pe_ratio,11.77881759604962
WAB,2026-08-07,pe_ratio,39.21649172576832
WBD,2026-08-07,pe_ratio,-21.696834543732237
WDAY,2026-08-07,pe_ratio,53.37270233766233
WDC,2026-08-07,pe_ratio,25.732141760098294
WEC,2026-08-07,pe_ratio,20.975517292344072
WFC,2026-08-07,pe_ratio,11.84693286156568
WM,2026-08-07,pe_ratio,32.11104044865054
WMB,2026-08-07,pe_ratio,28.107630979498865
WMT,2026-08-07,pe_ratio,39.17525730119634
WRB,2026-08-07,pe_ratio,14.576663237562235
WSM,2026-08-07,pe_ratio,27.52407798371288
WST,2026-08-07,pe_ratio,44.688401486988845
WTW,2026-08-07,pe_ratio,20.720242811501596
WYNN,2026-08-07,pe_ratio,23.524681867293406
XEL,2026-08-07,pe_ratio,21.813029556650246
XOM,2026-08-07,pe_ratio,25.33085249269179
XYL,2026-08-07,pe_ratio,27.988005589390966
XYZ,2026-08-07,pe_ratio,133.77374850899642
YUM,2026-08-07,pe_ratio,18.843996391520072
ZBH,2026-08-07,pe_ratio,22.97059261095958
ZBRA,2026-08-07,pe_ratio,33.668608561363634
ZTS,2026-08-07,pe_ratio,11.553013570336391
A,2026-08-07,pb_ratio,5.744607049682674
AAPL,2026-08-07,pb_ratio,42.33832427083333
ABNB,2026-08-07,pb_ratio,13.363032440056417
ABT,2026-08-07,pb_ratio,3.587109300745472
ACN,2026-08-07,pb_ratio,3.344034450044882
ADI,2026-08-07,pb_ratio,5.628374599147597
ADM,2026-08-07,pb_ratio,1.5702421622890161
ADP,2026-08-07,pb_ratio,17.80542231493567
AEE,2026-08-07,pb_ratio,2.204106748116461
AEP,2026-08-07,pb_ratio,2.1476037389637828
AES,2026-08-07,pb_ratio,2.1227337025961153
AJG,2026-08-07,pb_ratio,2.686949133532909
AKAM,2026-08-07,pb_ratio,3.288393174441949
ALB,2026-08-07,pb_ratio,1.714188226003874
ALGN,2026-08-07,pb_ratio,2.867809545131393
ALLE,2026-08-07,pb_ratio,6.82171551514217
AMAT,2026-08-07,pb_ratio,17.865000382759632
AMD,2026-08-07,pb_ratio,11.62237526926693
AME,2026-08-07,pb_ratio,5.143386162233412
AMP,2026-08-07,pb_ratio,7.666957273012881
AMZN,2026-08-07,pb_ratio,5.365096962252093
ANET,2026-08-07,pb_ratio,16.132121562823954
AOS,2026-08-07,pb_ratio,4.776801189467397
APD,2026-08-07,pb_ratio,4.837272864251862
APO,2026-08-07,pb_ratio,3.7057092810946823
APP,2026-08-07,pb_ratio,36.89101566985435
APTV,2026-08-07,pb_ratio,1.1803169345527247
ARE,2026-08-07,pb_ratio,0.5496236386744456
ARES,2026-08-07,pb_ratio,10.860325479365551
ATO,2026-08-07,pb_ratio,1.892779782833438
AVB,2026-08-07,pb_ratio,2.2223078945895294
AVY,2026-08-07,pb_ratio,5.848741725439125
AWK,2026-08-07,pb_ratio,2.3152395718045438
AXON,2026-08-07,pb_ratio,12.456315053127781
BALL,2026-08-07,pb_ratio,2.9312137636373126
BAX,2026-08-07,pb_ratio,2.3013236339631002
BBY,2026-08-07,pb_ratio,5.586730307077523
BEN,2026-08-07,pb_ratio,1.4649488864519262
BF-B,2026-08-07,pb_ratio,3.314152608208955
BG,2026-08-07,pb_ratio,1.3045421284418823
BIIB,2026-08-07,pb_ratio,1.6401971555354204
BKR,2026-08-07,pb_ratio,3.0900146765054246
BLK,2026-08-07,pb_ratio,3.072090233226529
BMY,2026-08-07,pb_ratio,5.896406277736457
BSX,2026-08-07,pb_ratio,2.8603826244215806
BX,2026-08-07,pb_ratio,12.336760608128643
BXP,2026-08-07,pb_ratio,2.150462758554803
CASY,2026-08-07,pb_ratio,7.815034679297793
CAT,2026-08-07,pb_ratio,20.003347475817005
CBOE,2026-08-07,pb_ratio,5.326895262422233
CBRE,2026-08-07,pb_ratio,5.129634342339842
CCL,2026-08-07,pb_ratio,3.046011766807526
CDNS,2026-08-07,pb_ratio,14.140825361660958
CE,2026-08-07,pb_ratio,1.1591193264362851
CEG,2026-08-07,pb_ratio,3.0013677983838383
CF,2026-08-07,pb_ratio,3.037011134307585
CHD,2026-08-07,pb_ratio,5.616666411897972
CHRW,2026-08-07,pb_ratio,10.71208919540576
CIEN,2026-08-07,pb_ratio,20.156018244521086
CMCSA,2026-08-07,pb_ratio,1.0036444570712877
CME,2026-08-07,pb_ratio,3.581606204280479
CMG,2026-08-07,pb_ratio,18.945682489836535
CMI,2026-08-07,pb_ratio,6.915994422871488
CMS,2026-08-07,pb_ratio,2.2453088322160837
CNC,2026-08-07,pb_ratio,1.4427710542061871
CNP,2026-08-07,pb_ratio,2.3448463042571404
COHR,2026-08-07,pb_ratio,6.912160585141889
COIN,2026-08-07,pb_ratio,3.0645589195136114
COO,2026-08-07,pb_ratio,1.7536162679969414
COP,2026-08-07,pb_ratio,2.1666687367050756
COST,2026-08-07,pb_ratio,12.487126477963532
CPRT,2026-08-07,pb_ratio,3.2585061215208477
CPT,2026-08-07,pb_ratio,2.9103329758103627
CRH,2026-08-07,pb_ratio,2.7765628998714376
CRWD,2026-08-07,pb_ratio,11.791384682847646
CSGP,2026-08-07,pb_ratio,1.5552496932249118
CSX,2026-08-07,pb_ratio,6.625937753238927
CTAS,2026-08-07,pb_ratio,16.90472520662612
CTSH,2026-08-07,pb_ratio,1.81204705335811
CTVA,2026-08-07,pb_ratio,2.0358772971898724
CVX,2026-08-07,pb_ratio,1.9301443520483665
D,2026-08-07,pb_ratio,2.0357916131775142
DAL,2026-08-07,pb_ratio,2.753787017671327
DASH,2026-08-07,pb_ratio,8.982920735238384
DD,2026-08-07,pb_ratio,1.4114817764499963
DDOG,2026-08-07,pb_ratio,20.06568737005285
DE,2026-08-07,pb_ratio,6.130092945280596
DECK,2026-08-07,pb_ratio,5.754212138138544
DG,2026-08-07,pb_ratio,3.1606509574237354
DHI,2026-08-07,pb_ratio,1.7652549998156972
DHR,2026-08-07,pb_ratio,2.7225819219216065
DIS,2026-08-07,pb_ratio,1.6497618329873125
DLR,2026-08-07,pb_ratio,3.0553761400995594
DLTR,2026-08-07,pb_ratio,7.179559315585972
DOC,2026-08-07,pb_ratio,1.872198685490296
DOV,2026-08-07,pb_ratio,3.701868670482907
DOW,2026-08-07,pb_ratio,1.4080646360072793
DRI,2026-08-07,pb_ratio,11.133891865807474
DTE,2026-08-07,pb_ratio,2.369127329440883
DUK,2026-08-07,pb_ratio,1.787858546007125
DVN,2026-08-07,pb_ratio,1.136177449876638
DXCM,2026-08-07,pb_ratio,12.151868840114062
EA,2026-08-07,pb_ratio,7.476428856759429
EBAY,2026-08-07,pb_ratio,10.666945337620579
ECL,2026-08-07,pb_ratio,7.926799677342002
ED,2026-08-07,pb_ratio,1.5569933700070322
EIX,2026-08-07,pb_ratio,1.5189265400886258
EL,2026-08-07,pb_ratio,8.094072126220887
ELV,2026-08-07,pb_ratio,1.905548690980995
EME,2026-08-07,pb_ratio,8.901313865789904
EMR,2026-08-07,pb_ratio,4.361875975268659
EOG,2026-08-07,pb_ratio,2.262300566476274
EQIX,2026-08-07,pb_ratio,7.161038265734252
EQR,2026-08-07,pb_ratio,2.3871600894343117
EQT,2026-08-07,pb_ratio,1.2790712223299248
ERIE,2026-08-07,pb_ratio,4.80443022316836
ES,2026-08-07,pb_ratio,1.6699015080359902
ESS,2026-08-07,pb_ratio,3.4642674679531913
ETN,2026-08-07,pb_ratio,8.608971808037918
ETR,2026-08-07,pb_ratio,2.8865302648428313
EVRG,2026-08-07,pb_ratio,1.8966866097512947
EW,2026-08-07,pb_ratio,4.8390952156715015
EXC,2026-08-07,pb_ratio,1.6055654948795839
EXE,2026-08-07,pb_ratio,1.1411899048787475
EXPD,2026-08-07,pb_ratio,10.991243685138354
EXR,2026-08-07,pb_ratio,2.378355050443528
F,2026-08-07,pb_ratio,1.4667003674945933
FANG,2026-08-07,pb_ratio,1.393502859598417
FAST,2026-08-07,pb_ratio,14.572158768410835
FCX,2026-08-07,pb_ratio,4.837585160873241
FDS,2026-08-07,pb_ratio,4.932264902705814
FDX,2026-08-07,pb_ratio,2.3727642137074603
FE,2026-08-07,pb_ratio,2.1687740712719297
FFIV,2026-08-07,pb_ratio,5.9209455254765055
FIX,2026-08-07,pb_ratio,18.58229906452025
FLEX,2026-08-07,pb_ratio,8.198059544487272
FOX,2026-08-07,pb_ratio,2.1498843309253526
FOXA,2026-08-07,pb_ratio,2.4213334193326457
FRT,2026-08-07,pb_ratio,3.0912016206396773
FSLR,2026-08-07,pb_ratio,2.6232911794187364
FTNT,2026-08-07,pb_ratio,75.46214883830184
GD,2026-08-07,pb_ratio,4.039735655548526
GE,2026-08-07,pb_ratio,21.798223770850342
GEV,2026-08-07,pb_ratio,22.022915993845864
GILD,2026-08-07,pb_ratio,14.00269142703018
GLW,2026-08-07,pb_ratio,12.07364672938537
GM,2026-08-07,pb_ratio,1.2777566205837096
GNRC,2026-08-07,pb_ratio,4.380481619576296
GOOG,2026-08-07,pb_ratio,6.789475893080189
GOOGL,2026-08-07,pb_ratio,6.806964635898076
GPC,2026-08-07,pb_ratio,4.112023417083296
GRMN,2026-08-07,pb_ratio,6.463297634137286
GWW,2026-08-07,pb_ratio,14.642009959929801
HAL,2026-08-07,pb_ratio,2.4276612653337875
HII,2026-08-07,pb_ratio,2.398491563033697
HPE,2026-08-07,pb_ratio,2.7772566729181167
HRL,2026-08-07,pb_ratio,1.7323321089319588
HST,2026-08-07,pb_ratio,2.506113524322949
HSY,2026-08-07,pb_ratio,8.11613802332396
HUBB,2026-08-07,pb_ratio,7.243134518094253
HUM,2026-08-07,pb_ratio,2.480033207232508
HWM,2026-08-07,pb_ratio,19.8744946087186
IDXX,2026-08-07,pb_ratio,28.712564636757982
IEX,2026-08-07,pb_ratio,4.316973101467066
IFF,2026-08-07,pb_ratio,1.5541799858929595
INCY,2026-08-07,pb_ratio,4.355794964575774
INTC,2026-08-07,pb_ratio,5.822016632016632
INTU,2026-08-07,pb_ratio,4.3136210749430415
INVH,2026-08-07,pb_ratio,1.9967786916440893
IP,2026-08-07,pb_ratio,1.5315579011051539
IR,2026-08-07,pb_ratio,3.3301317759278
ISRG,2026-08-07,pb_ratio,7.445030408099778
IVZ,2026-08-07,pb_ratio,1.1209276453467394
JBHT,2026-08-07,pb_ratio,6.8644724051609
JBL,2026-08-07,pb_ratio,27.189200235767196
JKHY,2026-08-07,pb_ratio,5.184669981745456
JNJ,2026-08-07,pb_ratio,7.292289454762684
KDP,2026-08-07,pb_ratio,1.6211781456215113
KEYS,2026-08-07,pb_ratio,9.173310280252725
KHC,2026-08-07,pb_ratio,0.8314203402407933
KIM,2026-08-07,pb_ratio,1.5986265207896742
KKR,2026-08-07,pb_ratio,2.9863644697697547
KLAC,2026-08-07,pb_ratio,40.67054011247563
KMI,2026-08-07,pb_ratio,2.170244340432961
KO,2026-08-07,pb_ratio,11.135355123150923
KR,2026-08-07,pb_ratio,5.351670903564585
KVUE,2026-08-07,pb_ratio,3.490511351803278
LEN,2026-08-07,pb_ratio,0.979752333858048
LH,2026-08-07,pb_ratio,3.006103023190965
LII,2026-08-07,pb_ratio,12.505788362921162
LIN,2026-08-07,pb_ratio,5.76965371740283
LITE,2026-08-07,pb_ratio,28.86398595547185
LLY,2026-08-07,pb_ratio,31.09916358656653
LNT,2026-08-07,pb_ratio,2.4272569235408246
LRCX,2026-08-07,pb_ratio,36.58099245246405
LULU,2026-08-07,pb_ratio,2.8543158247314686
LUV,2026-08-07,pb_ratio,3.2476875981382376
LVS,2026-08-07,pb_ratio,50.99113968358004
LYB,2026-08-07,pb_ratio,1.8275514161971698
MAA,2026-08-07,pb_ratio,2.828938329728454
MDLZ,2026-08-07,pb_ratio,3.127120381405048
MDT,2026-08-07,pb_ratio,2.233861690572751
META,2026-08-07,pb_ratio,6.213477277260023
MKC,2026-08-07,pb_ratio,1.9227728739136027
MLM,2026-08-07,pb_ratio,2.8485233106227263
MNST,2026-08-07,pb_ratio,9.468690077581003
MOS,2026-08-07,pb_ratio,0.6377934087003551
MPC,2026-08-07,pb_ratio,4.567506811786445
MPWR,2026-08-07,pb_ratio,17.51378991093139
MRK,2026-08-07,pb_ratio,6.924208035600941
MRVL,2026-08-07,pb_ratio,10.420273307843742
MSFT,2026-08-07,pb_ratio,8.382267189187374
MU,2026-08-07,pb_ratio,9.771800535770918
NCLH,2026-08-07,pb_ratio,3.4436420274394397
NEE,2026-08-07,pb_ratio,3.199384788100818
NEM,2026-08-07,pb_ratio,3.355891636875266
NFLX,2026-08-07,pb_ratio,10.25871053782453
NI,2026-08-07,pb_ratio,2.14442229097038
NKE,2026-08-07,pb_ratio,4.1550692902791795
NOC,2026-08-07,pb_ratio,4.533640730763811
NOW,2026-08-07,pb_ratio,10.249400253579417
NSC,2026-08-07,pb_ratio,4.653441053361841
NUE,2026-08-07,pb_ratio,2.8868630934135084
NVDA,2026-08-07,pb_ratio,27.544984499217286
NWS,2026-08-07,pb_ratio,2.1354248182031434
NWSA,2026-08-07,pb_ratio,1.8727947454844007
NXPI,2026-08-07,pb_ratio,5.503903678868857
O,2026-08-07,pb_ratio,1.4971930320230895
ODFL,2026-08-07,pb_ratio,9.766484164841428
OKE,2026-08-07,pb_ratio,2.3875160437650957
ON,2026-08-07,pb_ratio,4.536594123595661
OXY,2026-08-07,pb_ratio,1.3423961821075074
PANW,2026-08-07,pb_ratio,10.671763408992337
PCAR,2026-08-07,pb_ratio,3.424779619692638
PCG,2026-08-07,pb_ratio,1.133958123483968
PEG,2026-08-07,pb_ratio,2.174135241399388
PEP,2026-08-07,pb_ratio,8.58988867770839
PFE,2026-08-07,pb_ratio,1.7760046416246626
PG,2026-08-07,pb_ratio,6.2392097968838724
PH,2026-08-07,pb_ratio,9.328312779172085
PKG,2026-08-07,pb_ratio,4.900721822377143
PLD,2026-08-07,pb_ratio,2.4733657036822763
PLTR,2026-08-07,pb_ratio,44.53733701009004
PNR,2026-08-07,pb_ratio,2.965235393115666
PNW,2026-08-07,pb_ratio,1.7526404782342069
PODD,2026-08-07,pb_ratio,6.858614342817467
POOL,2026-08-07,pb_ratio,6.65921272277398
PPG,2026-08-07,pb_ratio,3.2766208045409675
PPL,2026-08-07,pb_ratio,1.7717978762860376
PSA,2026-08-07,pb_ratio,6.649083995325497
PSKY,2026-08-07,pb_ratio,0.8598077474432927
PSX,2026-08-07,pb_ratio,2.584466553149876
PTC,2026-08-07,pb_ratio,4.588591196175336
PWR,2026-08-07,pb_ratio,10.508423728988511
PYPL,2026-08-07,pb_ratio,2.534686376348382
QCOM,2026-08-07,pb_ratio,6.3258912430399885
RCL,2026-08-07,pb_ratio,8.76116864972681
RDDT,2026-08-07,pb_ratio,9.786977110378304
REG,2026-08-07,pb_ratio,2.0432523438860786
REGN,2026-08-07,pb_ratio,2.494049220280404
RL,2026-08-07,pb_ratio,8.971116255144032
RMD,2026-08-07,pb_ratio,4.678311270749091
ROST,2026-08-07,pb_ratio,12.973693173500472
RTX,2026-08-07,pb_ratio,4.521021262531298
RVTY,2026-08-07,pb_ratio,1.7754226697684548
SATS,2026-08-07,pb_ratio,2.5813173550617594
SBAC,2026-08-07,pb_ratio,-4.173585333823701
SJM,2026-08-07,pb_ratio,2.3167957930120133
SLB,2026-08-07,pb_ratio,2.8609033669350956
SMCI,2026-08-07,pb_ratio,2.648399751882731
SNA,2026-08-07,pb_ratio,3.546184482058498
SNDK,2026-08-07,pb_ratio,13.007691805182551
SNPS,2026-08-07,pb_ratio,2.57894112719297
SO,2026-08-07,pb_ratio,2.67703227806374
SPG,2026-08-07,pb_ratio,14.798313012607956
SRE,2026-08-07,pb_ratio,1.714007463213189
STE,2026-08-07,pb_ratio,3.2146273840414277
STLD,2026-08-07,pb_ratio,3.959977512895545
STX,2026-08-07,pb_ratio,85.42091707429626
STZ,2026-08-07,pb_ratio,2.8205726930895394
SW,2026-08-07,pb_ratio,1.4005890025105343
SWK,2026-08-07,pb_ratio,1.7530222329770728
SWKS,2026-08-07,pb_ratio,1.8195601400170784
SYK,2026-08-07,pb_ratio,5.404369605097549
T,2026-08-07,pb_ratio,1.2917934413824603
TAP,2026-08-07,pb_ratio,0.7498525124759129
TDY,2026-08-07,pb_ratio,2.9098441146915786
TECH,2026-08-07,pb_ratio,5.393176659786775
TEL,2026-08-07,pb_ratio,4.726691810177623
TER,2026-08-07,pb_ratio,17.2685389101532
TGT,2026-08-07,pb_ratio,4.11985551821165
TJX,2026-08-07,pb_ratio,17.20718143130251
TMUS,2026-08-07,pb_ratio,3.3719617558217365
TPL,2026-08-07,pb_ratio,14.401637383427868
TRGP,2026-08-07,pb_ratio,15.148640943027486
TRMB,2026-08-07,pb_ratio,2.4402027134375217
TROW,2026-08-07,pb_ratio,2.2093531185412405
TSCO,2026-08-07,pb_ratio,6.841711210721225
TSLA,2026-08-07,pb_ratio,14.890491205337218
TSN,2026-08-07,pb_ratio,1.1426212733005143
TT,2026-08-07,pb_ratio,12.293934396823573
TTD,2026-08-07,pb_ratio,2.514626476876511
TTWO,2026-08-07,pb_ratio,12.829641607194738
TXN,2026-08-07,pb_ratio,14.43486179759649
TXT,2026-08-07,pb_ratio,1.9205729208908617
TYL,2026-08-07,pb_ratio,4.160310540324394
UAL,2026-08-07,pb_ratio,2.5153813740911546
UBER,2026-08-07,pb_ratio,5.569632838361583
UDR,2026-08-07,pb_ratio,3.7943480818612887
UHS,2026-08-07,pb_ratio,1.4303284738073347
ULTA,2026-08-07,pb_ratio,9.351629034367123
UNP,2026-08-07,pb_ratio,8.446458702154985
UPS,2026-08-07,pb_ratio,5.906505940134068
URI,2026-08-07,pb_ratio,8.110991699086195
V,2026-08-07,pb_ratio,17.310078653759312
VEEV,2026-08-07,pb_ratio,5.065320790122576
VICI,2026-08-07,pb_ratio,1.006495691650907
VLO,2026-08-07,pb_ratio,3.435874865304832
VMC,2026-08-07,pb_ratio,4.358235604078662
VRT,2026-08-07,pb_ratio,22.166598753550108
VRTX,2026-08-07,pb_ratio,6.192545054054988
VST,2026-08-07,pb_ratio,8.504263551048775
VTR,2026-08-07,pb_ratio,3.249026984083784
VTRS,2026-08-07,pb_ratio,1.3494875744965078
VZ,2026-08-07,pb_ratio,1.852144407561029
WAB,2026-08-07,pb_ratio,4.419788747006421
WAT,2026-08-07,pb_ratio,2.5958704059132227
WBD,2026-08-07,pb_ratio,2.037363508522748
WDAY,2026-08-07,pb_ratio,6.764428980996558
WDC,2026-08-07,pb_ratio,17.30805526859504
WEC,2026-08-07,pb_ratio,2.412063555282028
WELL,2026-08-07,pb_ratio,3.8903345353145173
WMB,2026-08-07,pb_ratio,6.538706478447309
WMT,2026-08-07,pb_ratio,9.393958591214354
WSM,2026-08-07,pb_ratio,15.73026621760623
WST,2026-08-07,pb_ratio,8.332968461547724
WY,2026-08-07,pb_ratio,1.9584720304568528
XEL,2026-08-07,pb_ratio,2.017072621757077
XOM,2026-08-07,pb_ratio,2.486502281700284
XYL,2026-08-07,pb_ratio,2.69839595079359
XYZ,2026-08-07,pb_ratio,2.1670096414150177
ZBH,2026-08-07,pb_ratio,1.4519991375803039
ZTS,2026-08-07,pb_ratio,9.635721244564804
A,2026-08-07,pfcf_ratio,37.63853855367066
AAPL,2026-08-07,pfcf_ratio,33.30492179422459
ABBV,2026-08-07,pfcf_ratio,23.7711724400659
ABNB,2026-08-07,pfcf_ratio,24.545051813471503
ABT,2026-08-07,pfcf_ratio,25.311533926011116
ACN,2026-08-07,pfcf_ratio,8.47606071104529
ADBE,2026-08-07,pfcf_ratio,10.21416464007782
ADI,2026-08-07,pfcf_ratio,41.60056109017228
ADM,2026-08-07,pfcf_ratio,22.078896950968993
ADP,2026-08-07,pfcf_ratio,20.47593011208481
ADSK,2026-08-07,pfcf_ratio,19.14969049056614
AJG,2026-08-07,pfcf_ratio,116.86479479185769
AKAM,2026-08-07,pfcf_ratio,14.831392637413323
ALB,2026-08-07,pfcf_ratio,13.121231461919647
ALGN,2026-08-07,pfcf_ratio,19.157927728029623
ALLE,2026-08-07,pfcf_ratio,21.535518537297275
AMAT,2026-08-07,pfcf_ratio,79.94278385764552
AMCR,2026-08-07,pfcf_ratio,28.87994178951507
AMD,2026-08-07,pfcf_ratio,97.27372448969125
AME,2026-08-07,pfcf_ratio,31.737007912759253
AMGN,2026-08-07,pfcf_ratio,21.65145163283145
AMP,2026-08-07,pfcf_ratio,6.052560763888889
AMZN,2026-08-07,pfcf_ratio,-254.5801966724731
AON,2026-08-07,pfcf_ratio,23.365146326305418
AOS,2026-08-07,pfcf_ratio,13.760384909102282
APH,2026-08-07,pfcf_ratio,44.05632967814403
APP,2026-08-07,pfcf_ratio,110.36682684740994
APTV,2026-08-07,pfcf_ratio,15.104260421257308
AVGO,2026-08-07,pfcf_ratio,61.724237322504734
AVY,2026-08-07,pfcf_ratio,12.779096303122943
AXON,2026-08-07,pfcf_ratio,343.6481961857694
AZO,2026-08-07,pfcf_ratio,30.796599674768647
BA,2026-08-07,pfcf_ratio,-879.4151820248571
BALL,2026-08-07,pfcf_ratio,20.36608740732769
BBY,2026-08-07,pfcf_ratio,10.731395349981309
BEN,2026-08-07,pfcf_ratio,18.863386374451515
BF-B,2026-08-07,pfcf_ratio,14.919253622620381
BG,2026-08-07,pfcf_ratio,-18.028749742334195
BIIB,2026-08-07,pfcf_ratio,12.626383790457716
BKNG,2026-08-07,pfcf_ratio,17.23026156410106
BKR,2026-08-07,pfcf_ratio,19.666244303027494
BLDR,2026-08-07,pfcf_ratio,12.60560039745541
BLK,2026-08-07,pfcf_ratio,50.35343801049218
BMY,2026-08-07,pfcf_ratio,11.503661863006991
BR,2026-08-07,pfcf_ratio,15.039016513071024
BRO,2026-08-07,pfcf_ratio,16.501427771556017
BSX,2026-08-07,pfcf_ratio,19.671541745332416
CAG,2026-08-07,pfcf_ratio,7.339652746484315
CAH,2026-08-07,pfcf_ratio,10.172758129389312
CARR,2026-08-07,pfcf_ratio,42.73750231208199
CASY,2026-08-07,pfcf_ratio,42.796514824755405
CAT,2026-08-07,pfcf_ratio,36.2633128571691
CBOE,2026-08-07,pfcf_ratio,11.000678132051611
CBRE,2026-08-07,pfcf_ratio,45.926086574594876
CCL,2026-08-07,pfcf_ratio,12.343962684987499
CDNS,2026-08-07,pfcf_ratio,64.88826053631273
CDW,2026-08-07,pfcf_ratio,19.860068894326904
CE,2026-08-07,pfcf_ratio,6.822104849237289
CF,2026-08-07,pfcf_ratio,9.13965445026178
CHRW,2026-08-07,pfcf_ratio,26.072113365906105
CHTR,2026-08-07,pfcf_ratio,4.203176788994951
CI,2026-08-07,pfcf_ratio,8.82629009253112
CIEN,2026-08-07,pfcf_ratio,70.01154117983472
CL,2026-08-07,pfcf_ratio,19.28877231393209
CLX,2026-08-07,pfcf_ratio,33.620908789223684
CMCSA,2026-08-07,pfcf_ratio,4.406678604974076
CME,2026-08-07,pfcf_ratio,22.54744681083391
CMG,2026-08-07,pfcf_ratio,26.562740771900305
CMI,2026-08-07,pfcf_ratio,26.388411152548265
CNC,2026-08-07,pfcf_ratio,3.636666352921461
COHR,2026-08-07,pfcf_ratio,-137.11647132638842
COO,2026-08-07,pfcf_ratio,25.369392573134327
COP,2026-08-07,pfcf_ratio,12.130708985173063
COR,2026-08-07,pfcf_ratio,15.176488565681353
COST,2026-08-07,pfcf_ratio,47.51659336248921
CPAY,2026-08-07,pfcf_ratio,19.50948694001244
CPB,2026-08-07,pfcf_ratio,10.301670212727272
CPRT,2026-08-07,pfcf_ratio,21.348781695074717
CRL,2026-08-07,pfcf_ratio,33.76519966811025
CRM,2026-08-07,pfcf_ratio,10.67755678330264
CRWD,2026-08-07,pfcf_ratio,36.30075663135348
CSCO,2026-08-07,pfcf_ratio,40.49265737231295
CSGP,2026-08-07,pfcf_ratio,44.05800202378571
CSX,2026-08-07,pfcf_ratio,33.3856262759764
CTAS,2026-08-07,pfcf_ratio,45.12652942394285
CTSH,2026-08-07,pfcf_ratio,11.05422064777328
CTVA,2026-08-07,pfcf_ratio,76.56298493273543
CVS,2026-08-07,pfcf_ratio,10.385787619673415
CVX,2026-08-07,pfcf_ratio,13.568103065304308
DAL,2026-08-07,pfcf_ratio,15.324965252678572
DASH,2026-08-07,pfcf_ratio,34.34279638315992
DDOG,2026-08-07,pfcf_ratio,74.13027669614223
DE,2026-08-07,pfcf_ratio,25.161199229947584
DECK,2026-08-07,pfcf_ratio,11.848516473790669
DELL,2026-08-07,pfcf_ratio,31.289574242745182
DG,2026-08-07,pfcf_ratio,12.695013040581479
DGX,2026-08-07,pfcf_ratio,19.519475533876946
DHI,2026-08-07,pfcf_ratio,13.130813649400412
DHR,2026-08-07,pfcf_ratio,26.190281748364434
DIS,2026-08-07,pfcf_ratio,21.889134692784275
DLTR,2026-08-07,pfcf_ratio,19.096484277406145
DOV,2026-08-07,pfcf_ratio,24.238065732592858
DOW,2026-08-07,pfcf_ratio,-99.86780295104653
DPZ,2026-08-07,pfcf_ratio,17.74092645936309
DRI,2026-08-07,pfcf_ratio,21.962350365266733
DVA,2026-08-07,pfcf_ratio,7.176836434746093
DVN,2026-08-07,pfcf_ratio,10.104814657008948
DXCM,2026-08-07,pfcf_ratio,22.672533080053384
EA,2026-08-07,pfcf_ratio,25.692058192718445
EBAY,2026-08-07,pfcf_ratio,19.864790419161675
ECL,2026-08-07,pfcf_ratio,42.52223747960122
EFX,2026-08-07,pfcf_ratio,19.228184110045248
EL,2026-08-07,pfcf_ratio,25.151463035019454
ELV,2026-08-07,pfcf_ratio,13.599418333169027
EME,2026-08-07,pfcf_ratio,30.99555178103087
EMR,2026-08-07,pfcf_ratio,25.67610355285962
EOG,2026-08-07,pfcf_ratio,10.020287079538504
EQT,2026-08-07,pfcf_ratio,8.596338163755048
ERIE,2026-08-07,pfcf_ratio,21.43084967384642
ETN,2026-08-07,pfcf_ratio,44.32285587188612
EW,2026-08-07,pfcf_ratio,35.840899135044644
EXE,2026-08-07,pfcf_ratio,7.432755041906031
EXPD,2026-08-07,pfcf_ratio,25.206274925952307
EXPE,2026-08-07,pfcf_ratio,7.939477348553487
F,2026-08-07,pfcf_ratio,5.75448657697203
FANG,2026-08-07,pfcf_ratio,8.128945417697398
FAST,2026-08-07,pfcf_ratio,51.29884028111265
FCX,2026-08-07,pfcf_ratio,55.52454337899543
FDS,2026-08-07,pfcf_ratio,14.151762779585686
FDX,2026-08-07,pfcf_ratio,14.677652281313526
FFIV,2026-08-07,pfcf_ratio,23.545461115207896
FICO,2026-08-07,pfcf_ratio,22.22347490667886
FIS,2026-08-07,pfcf_ratio,7.797145803710134
FISV,2026-08-07,pfcf_ratio,7.029689262717779
FIX,2026-08-07,pfcf_ratio,27.68038181624183
FLEX,2026-08-07,pfcf_ratio,54.587563552881356
FOX,2026-08-07,pfcf_ratio,17.029192779291552
FOXA,2026-08-07,pfcf_ratio,19.179335831062673
FSLR,2026-08-07,pfcf_ratio,18.047402668734946
FTNT,2026-08-07,pfcf_ratio,37.5519214190215
FTV,2026-08-07,pfcf_ratio,20.226230066883605
GD,2026-08-07,pfcf_ratio,16.989560741985166
GDDY,2026-08-07,pfcf_ratio,6.7637415234482345
GE,2026-08-07,pfcf_ratio,45.918398294459045
GEN,2026-08-07,pfcf_ratio,11.474364683305975
GEV,2026-08-07,pfcf_ratio,21.171249922689743
GILD,2026-08-07,pfcf_ratio,12.79748411421927
GIS,2026-08-07,pfcf_ratio,12.004582872581935
GM,2026-08-07,pfcf_ratio,5.502216313112238
GNRC,2026-08-07,pfcf_ratio,33.2377268221406
GOOG,2026-08-07,pfcf_ratio,81.62715672104066
GOOGL,2026-08-07,pfcf_ratio,81.83741689035722
GPC,2026-08-07,pfcf_ratio,24.509079204165648
GPN,2026-08-07,pfcf_ratio,27.263716807743588
GRMN,2026-08-07,pfcf_ratio,41.28073937467879
GWW,2026-08-07,pfcf_ratio,40.057048440046366
HAL,2026-08-07,pfcf_ratio,15.494811902217391
HAS,2026-08-07,pfcf_ratio,10.79334183445122
HCA,2026-08-07,pfcf_ratio,11.563123219755267
HD,2026-08-07,pfcf_ratio,24.66183352046874
HII,2026-08-07,pfcf_ratio,-149.89161391570588
HLT,2026-08-07,pfcf_ratio,35.28050531030065
HON,2026-08-07,pfcf_ratio,19.386295674014963
HPE,2026-08-07,pfcf_ratio,17.609018744408374
HPQ,2026-08-07,pfcf_ratio,7.228577070732998
HRL,2026-08-07,pfcf_ratio,19.87312343536011
HSIC,2026-08-07,pfcf_ratio,17.657097335
HSY,2026-08-07,pfcf_ratio,16.619754262217608
HUBB,2026-08-07,pfcf_ratio,30.019219998779285
HUM,2026-08-07,pfcf_ratio,36.22564228803459
HWM,2026-08-07,pfcf_ratio,63.60726024409548
IBM,2026-08-07,pfcf_ratio,16.09314475971356
ICE,2026-08-07,pfcf_ratio,16.654997925669555
IDXX,2026-08-07,pfcf_ratio,36.91300542369963
IEX,2026-08-07,pfcf_ratio,26.971828824130945
IFF,2026-08-07,pfcf_ratio,40.22448052377778
INCY,2026-08-07,pfcf_ratio,27.454039924740055
INTC,2026-08-07,pfcf_ratio,180.0321370540445
IP,2026-08-07,pfcf_ratio,44.99729565137195
IQV,2026-08-07,pfcf_ratio,18.396150283553876
IR,2026-08-07,pfcf_ratio,27.796071617444433
ISRG,2026-08-07,pfcf_ratio,41.973651854564636
ITW,2026-08-07,pfcf_ratio,29.182688462855186
IVZ,2026-08-07,pfcf_ratio,7.278647107825272
J,2026-08-07,pfcf_ratio,26.794926897992994
JBHT,2026-08-07,pfcf_ratio,22.827737373627155
JBL,2026-08-07,pfcf_ratio,27.543117849862174
JCI,2026-08-07,pfcf_ratio,34.79491699767441
JKHY,2026-08-07,pfcf_ratio,15.211844955951676
JNJ,2026-08-07,pfcf_ratio,27.856191658903075
KDP,2026-08-07,pfcf_ratio,25.902960870679948
KEYS,2026-08-07,pfcf_ratio,42.79751465311717
KHC,2026-08-07,pfcf_ratio,7.844895380165095
KLAC,2026-08-07,pfcf_ratio,68.55360308844867
KMB,2026-08-07,pfcf_ratio,19.923534427649997
KMI,2026-08-07,pfcf_ratio,21.737491682151678
KO,2026-08-07,pfcf_ratio,29.813357654588042
KVUE,2026-08-07,pfcf_ratio,19.24522794962382
LDOS,2026-08-07,pfcf_ratio,7.976880430522422
LEN,2026-08-07,pfcf_ratio,29.553108920118365
LH,2026-08-07,pfcf_ratio,22.39692477493075
LHX,2026-08-07,pfcf_ratio,19.014713976381767
LII,2026-08-07,pfcf_ratio,22.97680716474951
LIN,2026-08-07,pfcf_ratio,45.323384307501506
LITE,2026-08-07,pfcf_ratio,752.8436477192982
LLY,2026-08-07,pfcf_ratio,57.92240589056006
LMT,2026-08-07,pfcf_ratio,15.514193841830679
LOW,2026-08-07,pfcf_ratio,16.38894605591285
LRCX,2026-08-07,pfcf_ratio,64.48179824647592
LULU,2026-08-07,pfcf_ratio,10.761176433288123
LUV,2026-08-07,pfcf_ratio,-50.5497221319011
LVS,2026-08-07,pfcf_ratio,10.960359658216795
LYB,2026-08-07,pfcf_ratio,12.358555869607097
LYV,2026-08-07,pfcf_ratio,30.691405833162168
MA,2026-08-07,pfcf_ratio,29.25786831238474
MAS,2026-08-07,pfcf_ratio,16.16602355599152
MCD,2026-08-07,pfcf_ratio,25.074146337006827
MCHP,2026-08-07,pfcf_ratio,41.56758644774507
MCK,2026-08-07,pfcf_ratio,16.088234410601622
MCO,2026-08-07,pfcf_ratio,27.68911196155039
MDLZ,2026-08-07,pfcf_ratio,31.271203814050484
MDT,2026-08-07,pfcf_ratio,20.36371190578695
META,2026-08-07,pfcf_ratio,31.378491625391163
MGM,2026-08-07,pfcf_ratio,7.484417640770079
MLM,2026-08-07,pfcf_ratio,40.60376561043209
MMM,2026-08-07,pfcf_ratio,23.68958304437892
MNST,2026-08-07,pfcf_ratio,42.26394920130262
MO,2026-08-07,pfcf_ratio,12.545069048942054
MOS,2026-08-07,pfcf_ratio,-7.719987179812058
MPC,2026-08-07,pfcf_ratio,6.755122679932554
MPWR,2026-08-07,pfcf_ratio,116.51464817765573
MRK,2026-08-07,pfcf_ratio,22.505760981742824
MRSH,2026-08-07,pfcf_ratio,19.19056011655129
MRVL,2026-08-07,pfcf_ratio,113.97478955267204
MSCI,2026-08-07,pfcf_ratio,25.54761950952703
MSFT,2026-08-07,pfcf_ratio,55.357099661472155
MSI,2026-08-07,pfcf_ratio,29.140074479125886
MTD,2026-08-07,pfcf_ratio,33.02857694734418
MU,2026-08-07,pfcf_ratio,37.6071693857936
NCLH,2026-08-07,pfcf_ratio,-7.474332996936041
NDAQ,2026-08-07,pfcf_ratio,27.183891878708355
NDSN,2026-08-07,pfcf_ratio,24.25358938436532
NEM,2026-08-07,pfcf_ratio,12.151617071652625
NFLX,2026-08-07,pfcf_ratio,27.736821637851957
NKE,2026-08-07,pfcf_ratio,28.280725732600732
NOC,2026-08-07,pfcf_ratio,22.237967863132198
NOW,2026-08-07,pfcf_ratio,28.00905973227074
NSC,2026-08-07,pfcf_ratio,46.37178261207235
NTAP,2026-08-07,pfcf_ratio,19.953118515149814
NUE,2026-08-07,pfcf_ratio,116.41329688533834
NVDA,2026-08-07,pfcf_ratio,45.217577849440694
NWS,2026-08-07,pfcf_ratio,22.449607891491986
NWSA,2026-08-07,pfcf_ratio,19.68859186189889
NXPI,2026-08-07,pfcf_ratio,22.184122279232756
ODFL,2026-08-07,pfcf_ratio,39.83928639984929
OKE,2026-08-07,pfcf_ratio,18.844616481706815
OMC,2026-08-07,pfcf_ratio,8.128056848771026
ON,2026-08-07,pfcf_ratio,21.826387629965343
ORCL,2026-08-07,pfcf_ratio,-17.62017407709195
ORLY,2026-08-07,pfcf_ratio,39.87044480339434
OTIS,2026-08-07,pfcf_ratio,16.420812316092288
OXY,2026-08-07,pfcf_ratio,10.90265973117899
PANW,2026-08-07,pfcf_ratio,77.82865464705573
PAYX,2026-08-07,pfcf_ratio,18.284317234602465
PCAR,2026-08-07,pfcf_ratio,18.828551277131186
PEP,2026-08-07,pfcf_ratio,20.45026502908856
PFE,2026-08-07,pfcf_ratio,13.773130215749203
PG,2026-08-07,pfcf_ratio,22.37127637674523
PH,2026-08-07,pfcf_ratio,37.052017778935564
PKG,2026-08-07,pfcf_ratio,30.77407740266703
PLTR,2026-08-07,pfcf_ratio,129.6251679971128
PM,2026-08-07,pfcf_ratio,23.192981460233455
PNR,2026-08-07,pfcf_ratio,15.783519658158703
PODD,2026-08-07,pfcf_ratio,33.21185331411304
POOL,2026-08-07,pfcf_ratio,24.130716171902726
PPG,2026-08-07,pfcf_ratio,21.76535655737705
PTC,2026-08-07,pfcf_ratio,17.019245847915087
PWR,2026-08-07,pfcf_ratio,42.355870424043495
PYPL,2026-08-07,pfcf_ratio,9.22307105215337
Q,2026-08-07,pfcf_ratio,34.959647569000005
QCOM,2026-08-07,pfcf_ratio,16.797379032258064
RCL,2026-08-07,pfcf_ratio,62.68932491161197
RDDT,2026-08-07,pfcf_ratio,31.56835248605751
REGN,2026-08-07,pfcf_ratio,21.032281790235082
RMD,2026-08-07,pfcf_ratio,17.31320078827012
ROL,2026-08-07,pfcf_ratio,29.047344426998123
ROP,2026-08-07,pfcf_ratio,28.15706331504349
ROST,2026-08-07,pfcf_ratio,31.074864731799938
RSG,2026-08-07,pfcf_ratio,24.70126292159819
RTX,2026-08-07,pfcf_ratio,26.307690746299638
RVTY,2026-08-07,pfcf_ratio,25.3309741585838
SATS,2026-08-07,pfcf_ratio,-50.385765939813645
SBUX,2026-08-07,pfcf_ratio,33.31325334285165
SHW,2026-08-07,pfcf_ratio,27.866719779767834
SJM,2026-08-07,pfcf_ratio,11.108677146946894
SLB,2026-08-07,pfcf_ratio,16.012372768069273
SMCI,2026-08-07,pfcf_ratio,-2.9290074869771305
SNDK,2026-08-07,pfcf_ratio,40.180934977578474
SNPS,2026-08-07,pfcf_ratio,29.843364998367374
SOLV,2026-08-07,pfcf_ratio,-119.09890734101695
SPGI,2026-08-07,pfcf_ratio,21.509363570914328
STE,2026-08-07,pfcf_ratio,23.748043270259153
STLD,2026-08-07,pfcf_ratio,39.035767293208295
STX,2026-08-07,pfcf_ratio,59.61582199677939
STZ,2026-08-07,pfcf_ratio,12.695191323230835
SW,2026-08-07,pfcf_ratio,24.88770763475862
SWK,2026-08-07,pfcf_ratio,12.182899372271352
SWKS,2026-08-07,pfcf_ratio,24.04694138982036
SYK,2026-08-07,pfcf_ratio,27.571250124857507
SYY,2026-08-07,pfcf_ratio,22.03362285827567
T,2026-08-07,pfcf_ratio,9.267809792189185
TAP,2026-08-07,pfcf_ratio,7.106323749765874
TDG,2026-08-07,pfcf_ratio,35.821004382184746
TDY,2026-08-07,pfcf_ratio,27.81817088368794
TECH,2026-08-07,pfcf_ratio,41.71549069859569
TEL,2026-08-07,pfcf_ratio,18.886805344679576
TER,2026-08-07,pfcf_ratio,74.1997641518279
TGT,2026-08-07,pfcf_ratio,22.284734813949193
TJX,2026-08-07,pfcf_ratio,32.68327705492788
TMO,2026-08-07,pfcf_ratio,29.641424269576383
TMUS,2026-08-07,pfcf_ratio,10.311616293891516
TPL,2026-08-07,pfcf_ratio,57.052061778910044
TPR,2026-08-07,pfcf_ratio,18.714751400478633
TRGP,2026-08-07,pfcf_ratio,74.76178378752869
TRMB,2026-08-07,pfcf_ratio,28.628326193943806
TROW,2026-08-07,pfcf_ratio,14.522886657157366
TSCO,2026-08-07,pfcf_ratio,58.649909154773745
TSLA,2026-08-07,pfcf_ratio,224.46343025220065
TSN,2026-08-07,pfcf_ratio,17.792807924203274
TTD,2026-08-07,pfcf_ratio,7.500771914456769
TTWO,2026-08-07,pfcf_ratio,97.602575771831
TXN,2026-08-07,pfcf_ratio,48.53941295785621
TXT,2026-08-07,pfcf_ratio,20.379834393748354
TYL,2026-08-07,pfcf_ratio,17.6906420615009
UAL,2026-08-07,pfcf_ratio,16.50916776855346
UBER,2026-08-07,pfcf_ratio,15.0395502780432
UHS,2026-08-07,pfcf_ratio,11.69855123403901
ULTA,2026-08-07,pfcf_ratio,21.348471636564096
UNH,2026-08-07,pfcf_ratio,18.902666039528118
UNP,2026-08-07,pfcf_ratio,26.84711573641605
UPS,2026-08-07,pfcf_ratio,16.308104269745282
URI,2026-08-07,pfcf_ratio,174.85426335914664
V,2026-08-07,pfcf_ratio,29.138291945797064
VEEV,2026-08-07,pfcf_ratio,87.24302901415973
VLO,2026-08-07,pfcf_ratio,30.493541891191374
VLTO,2026-08-07,pfcf_ratio,22.93926910986564
VMC,2026-08-07,pfcf_ratio,32.99243690500717
VRSK,2026-08-07,pfcf_ratio,22.39912091262308
VRSN,2026-08-07,pfcf_ratio,24.762273707907323
VRT,2026-08-07,pfcf_ratio,35.9955663287221
VRTX,2026-08-07,pfcf_ratio,33.030223914017014
VTRS,2026-08-07,pfcf_ratio,9.844604362262123
VZ,2026-08-07,pfcf_ratio,10.897599591576151
WAB,2026-08-07,pfcf_ratio,28.916867566470245
WBD,2026-08-07,pfcf_ratio,30.68942334535321
WDAY,2026-08-07,pfcf_ratio,15.210860995962316
WDC,2026-08-07,pfcf_ratio,57.67365748709122
WM,2026-08-07,pfcf_ratio,25.469229521562834
WMB,2026-08-07,pfcf_ratio,-798.5698004696296
WMT,2026-08-07,pfcf_ratio,70.59688606670252
WSM,2026-08-07,pfcf_ratio,26.900296046922872
WST,2026-08-07,pfcf_ratio,57.03191186477455
WTW,2026-08-07,pfcf_ratio,18.968639494902312
WYNN,2026-08-07,pfcf_ratio,13.439374435402602
XOM,2026-08-07,pfcf_ratio,33.65894726060025
XYL,2026-08-07,pfcf_ratio,29.2916502116875
XYZ,2026-08-07,pfcf_ratio,12.307623212188034
YUM,2026-08-07,pfcf_ratio,24.51396166748064
ZBH,2026-08-07,pfcf_ratio,12.03538536631648
ZBRA,2026-08-07,pfcf_ratio,19.86770865106195
ZTS,2026-08-07,pfcf_ratio,13.097258410142489
AAPL,2026-08-07,ev_ebitda,27.357704115885426
ABNB,2026-08-07,ev_ebitda,38.921780982073265
ACN,2026-08-07,ev_ebitda,8.453490958453978
ADBE,2026-08-07,ev_ebitda,10.649265153822721
ADI,2026-08-07,ev_ebitda,32.04620309986081
ADSK,2026-08-07,ev_ebitda,24.994484332416025
AEE,2026-08-07,ev_ebitda,13.228260964929614
AEP,2026-08-07,ev_ebitda,13.285902505420188
AKAM,2026-08-07,ev_ebitda,15.762487501580074
ALB,2026-08-07,ev_ebitda,19.978889399772005
ALLE,2026-08-07,ev_ebitda,15.6013383111778
AMAT,2026-08-07,ev_ebitda,48.62179041322258
AMCR,2026-08-07,ev_ebitda,12.837016775441121
AMD,2026-08-07,ev_ebitda,89.09951475779607
AME,2026-08-07,ev_ebitda,23.79935909045365
AMZN,2026-08-07,ev_ebitda,17.84524951641979
ANET,2026-08-07,ev_ebitda,50.95872386632469
AON,2026-08-07,ev_ebitda,18.12035410153592
AOS,2026-08-07,ev_ebitda,12.197957177909581
APD,2026-08-07,ev_ebitda,88.18145666039125
APH,2026-08-07,ev_ebitda,24.06874801306327
APP,2026-08-07,ev_ebitda,21.60407139034465
APTV,2026-08-07,ev_ebitda,7.696912907756575
ATO,2026-08-07,ev_ebitda,14.673841125554294
AVGO,2026-08-07,ev_ebitda,55.450944432342766
AWK,2026-08-07,ev_ebitda,14.157751075918227
AXON,2026-08-07,ev_ebitda,352.2767992728072
AZO,2026-08-07,ev_ebitda,13.860615394254625
BA,2026-08-07,ev_ebitda,32.818450298001764
BBY,2026-08-07,ev_ebitda,7.065798443806288
BEN,2026-08-07,ev_ebitda,14.659132358506184
BF-B,2026-08-07,ev_ebitda,14.13439477127173
BKNG,2026-08-07,ev_ebitda,16.978738210041605
BLDR,2026-08-07,ev_ebitda,12.173284808174188
BLK,2026-08-07,ev_ebitda,17.283225784097965
BR,2026-08-07,ev_ebitda,15.349773142119167
CAG,2026-08-07,ev_ebitda,-11.518434066037162
CAH,2026-08-07,ev_ebitda,18.015373310275173
CARR,2026-08-07,ev_ebitda,20.473268418468265
CAT,2026-08-07,ev_ebitda,26.625810933100315
CBOE,2026-08-07,ev_ebitda,15.534869297432683
CBRE,2026-08-07,ev_ebitda,17.416269462318997
CCL,2026-08-07,ev_ebitda,8.575986976789517
CDNS,2026-08-07,ev_ebitda,51.53166650653212
CDW,2026-08-07,ev_ebitda,11.405136758880682
CE,2026-08-07,ev_ebitda,107.2381135193007
CEG,2026-08-07,ev_ebitda,13.884057844999395
CF,2026-08-07,ev_ebitda,5.010012288031457
CHD,2026-08-07,ev_ebitda,19.7303922083271
CHRW,2026-08-07,ev_ebitda,20.320788325128117
CHTR,2026-08-07,ev_ebitda,5.21668352142077
CI,2026-08-07,ev_ebitda,7.667988086941093
CIEN,2026-08-07,ev_ebitda,89.90658260632692
CL,2026-08-07,ev_ebitda,21.433629363146036
CMCSA,2026-08-07,ev_ebitda,4.8916611614898615
CME,2026-08-07,ev_ebitda,20.41688847932132
CMG,2026-08-07,ev_ebitda,18.853696213644344
CMI,2026-08-07,ev_ebitda,18.43362863567325
CMS,2026-08-07,ev_ebitda,13.490280968900663
CNC,2026-08-07,ev_ebitda,-5.577105262858442
CNP,2026-08-07,ev_ebitda,13.125679519396064
COHR,2026-08-07,ev_ebitda,0.13468091988568276
COIN,2026-08-07,ev_ebitda,42.8066872628093
COR,2026-08-07,ev_ebitda,17.286963916799273
COST,2026-08-07,ev_ebitda,29.38035686367513
CPAY,2026-08-07,ev_ebitda,12.748008567586451
CPB,2026-08-07,ev_ebitda,8.842655796429039
CPRT,2026-08-07,ev_ebitda,13.485063298385706
CRM,2026-08-07,ev_ebitda,14.940335758254058
CRWD,2026-08-07,ev_ebitda,-311.3633446241861
CSCO,2026-08-07,ev_ebitda,32.58100066764619
CSGP,2026-08-07,ev_ebitda,30.63512834177665
CSX,2026-08-07,ev_ebitda,16.42211967740242
CTAS,2026-08-07,ev_ebitda,27.369808405369973
CTSH,2026-08-07,ev_ebitda,6.694185307574987
CVS,2026-08-07,ev_ebitda,13.289546513046057
D,2026-08-07,ev_ebitda,14.830633729774185
DAL,2026-08-07,ev_ebitda,8.495692549496331
DASH,2026-08-07,ev_ebitda,51.064577461623834
DDOG,2026-08-07,ev_ebitda,1125.7727694085204
DE,2026-08-07,ev_ebitda,12.868822835072852
DECK,2026-08-07,ev_ebitda,8.773143736664258
DELL,2026-08-07,ev_ebitda,23.01257652129447
DG,2026-08-07,ev_ebitda,9.356492876265177
DGX,2026-08-07,ev_ebitda,14.18451244126697
DIS,2026-08-07,ev_ebitda,9.356780157666511
DLTR,2026-08-07,ev_ebitda,11.778208986511386
DOV,2026-08-07,ev_ebitda,16.5676474731122
DPZ,2026-08-07,ev_ebitda,15.236101368810775
DRI,2026-08-07,ev_ebitda,12.125689768072204
DTE,2026-08-07,ev_ebitda,13.426067446876548
DUK,2026-08-07,ev_ebitda,10.830725397214433
DVA,2026-08-07,ev_ebitda,7.593909203682037
EA,2026-08-07,ev_ebitda,29.355153551884058
EBAY,2026-08-07,ev_ebitda,17.925460122699388
ECL,2026-08-07,ev_ebitda,22.27142964163705
ED,2026-08-07,ev_ebitda,12.322573795842738
EFX,2026-08-07,ev_ebitda,13.243673433238486
EIX,2026-08-07,ev_ebitda,7.0975013538063445
EL,2026-08-07,ev_ebitda,29.105602263540824
ELV,2026-08-07,ev_ebitda,15.265395046985358
EME,2026-08-07,ev_ebitda,16.571937637038122
EOG,2026-08-07,ev_ebitda,5.461383453330424
EQT,2026-08-07,ev_ebitda,5.607637672916626
ERIE,2026-08-07,ev_ebitda,14.72936795277092
ES,2026-08-07,ev_ebitda,10.310007203541032
ETN,2026-08-07,ev_ebitda,46.08457844311377
ETR,2026-08-07,ev_ebitda,14.635186343922845
EVRG,2026-08-07,ev_ebitda,11.956889999489013
EXC,2026-08-07,ev_ebitda,10.576240736685564
EXE,2026-08-07,ev_ebitda,3.4611997076910344
EXPE,2026-08-07,ev_ebitda,10.029087293779343
F,2026-08-07,ev_ebitda,21.646364843364406
FANG,2026-08-07,ev_ebitda,10.031280983672888
FAST,2026-08-07,ev_ebitda,30.28775301663086
FCX,2026-08-07,ev_ebitda,11.310363836824697
FDS,2026-08-07,ev_ebitda,12.401755960855262
FDX,2026-08-07,ev_ebitda,8.66912826192026
FE,2026-08-07,ev_ebitda,13.58691631205741
FFIV,2026-08-07,ev_ebitda,23.71947609147152
FICO,2026-08-07,ev_ebitda,21.932382614903524
FIS,2026-08-07,ev_ebitda,9.193345875377767
FISV,2026-08-07,ev_ebitda,7.685225618884114
FLEX,2026-08-07,ev_ebitda,23.60433987801094
FSLR,2026-08-07,ev_ebitda,10.655353386151976
FTNT,2026-08-07,ev_ebitda,44.059254627720755
FTV,2026-08-07,ev_ebitda,18.00336791708388
GD,2026-08-07,ev_ebitda,17.042426045808106
GDDY,2026-08-07,ev_ebitda,10.39934930136825
GEN,2026-08-07,ev_ebitda,9.43951680546307
GEV,2026-08-07,ev_ebitda,84.27781696815957
GIS,2026-08-07,ev_ebitda,22.580744709007632
GLW,2026-08-07,ev_ebitda,38.51138288426646
GM,2026-08-07,ev_ebitda,13.675291240581696
GNRC,2026-08-07,ev_ebitda,21.301512246964613
GOOG,2026-08-07,ev_ebitda,25.33173703938642
GOOGL,2026-08-07,ev_ebitda,25.396330719105013
GPC,2026-08-07,ev_ebitda,15.51471678644626
GPN,2026-08-07,ev_ebitda,10.796670310899506
GWW,2026-08-07,ev_ebitda,20.24866530532012
HAL,2026-08-07,ev_ebitda,8.52390618290604
HAS,2026-08-07,ev_ebitda,11.9951879319286
HD,2026-08-07,ev_ebitda,16.302346930740526
HII,2026-08-07,ev_ebitda,15.128222728269607
HLT,2026-08-07,ev_ebitda,26.80854369958159
HON,2026-08-07,ev_ebitda,10.982192727876734
HPE,2026-08-07,ev_ebitda,18.074308192796185
HPQ,2026-08-07,ev_ebitda,8.241652488930164
HRL,2026-08-07,ev_ebitda,16.243626131932515
HSIC,2026-08-07,ev_ebitda,12.173558474294936
HSY,2026-08-07,ev_ebitda,15.388474617952687
HUBB,2026-08-07,ev_ebitda,19.726242983641217
HUM,2026-08-07,ev_ebitda,17.105066300570147
HWM,2026-08-07,ev_ebitda,42.12244571021265
ICE,2026-08-07,ev_ebitda,14.731054656007696
IEX,2026-08-07,ev_ebitda,19.43422903466052
IFF,2026-08-07,ev_ebitda,15.776274666768508
INTC,2026-08-07,ev_ebitda,44.32986343683954
INTU,2026-08-07,ev_ebitda,14.115570159931346
IR,2026-08-07,ev_ebitda,18.666945817805853
IT,2026-08-07,ev_ebitda,10.10529138471845
ITW,2026-08-07,ev_ebitda,20.054908994032395
IVZ,2026-08-07,ev_ebitda,-41.955719794344475
J,2026-08-07,ev_ebitda,26.690736376934456
JBHT,2026-08-07,ev_ebitda,15.678566372136064
JBL,2026-08-07,ev_ebitda,17.785258385730337
JKHY,2026-08-07,ev_ebitda,16.00773459715912
KDP,2026-08-07,ev_ebitda,15.225104290407595
KEYS,2026-08-07,ev_ebitda,40.02422791215956
KHC,2026-08-07,ev_ebitda,-20.752239434809198
KLAC,2026-08-07,ev_ebitda,367.4004957918502
KMB,2026-08-07,ev_ebitda,12.89868251260358
KMI,2026-08-07,ev_ebitda,12.779394404603742
KO,2026-08-07,ev_ebitda,25.985324576499774
KVUE,2026-08-07,ev_ebitda,13.827139911035344
LDOS,2026-08-07,ev_ebitda,9.654799473078901
LH,2026-08-07,ev_ebitda,14.405822198914679
LHX,2026-08-07,ev_ebitda,11.680948315607424
LII,2026-08-07,ev_ebitda,14.114357001170655
LIN,2026-08-07,ev_ebitda,18.460792011650383
LITE,2026-08-07,ev_ebitda,175.9678043540183
LNT,2026-08-07,ev_ebitda,15.417120472810668
LOW,2026-08-07,ev_ebitda,12.822481065135932
LRCX,2026-08-07,ev_ebitda,49.209063817532765
LULU,2026-08-07,ev_ebitda,5.024403753021274
LUV,2026-08-07,ev_ebitda,8.825450333850728
LVS,2026-08-07,ev_ebitda,9.107125434601004
LYB,2026-08-07,ev_ebitda,11.766569401860075
LYV,2026-08-07,ev_ebitda,28.580779731952276
MA,2026-08-07,ev_ebitda,23.177142961839795
MAR,2026-08-07,ev_ebitda,73.33330960369132
MAS,2026-08-07,ev_ebitda,12.547627860951717
MCD,2026-08-07,ev_ebitda,17.605414039749075
MCHP,2026-08-07,ev_ebitda,34.88224248812683
MCK,2026-08-07,ev_ebitda,14.84262076265767
MCO,2026-08-07,ev_ebitda,21.116287997571085
MDLZ,2026-08-07,ev_ebitda,18.69529978649911
META,2026-08-07,ev_ebitda,14.174885245361727
MGM,2026-08-07,ev_ebitda,6.995109960593612
MKC,2026-08-07,ev_ebitda,12.293583651881523
MLM,2026-08-07,ev_ebitda,18.736357109071115
MMM,2026-08-07,ev_ebitda,17.021784206194912
MNST,2026-08-07,ev_ebitda,30.859739761504457
MO,2026-08-07,ev_ebitda,12.179558316884645
MOS,2026-08-07,ev_ebitda,11.975713705924194
MPC,2026-08-07,ev_ebitda,6.307658172299273
MRSH,2026-08-07,ev_ebitda,17.072997044447913
MRVL,2026-08-07,ev_ebitda,82.53990771270102
MSCI,2026-08-07,ev_ebitda,24.903969720086227
MSFT,2026-08-07,ev_ebitda,19.18093330154852
MSI,2026-08-07,ev_ebitda,23.82957447334445
MU,2026-08-07,ev_ebitda,14.12957243773244
NCLH,2026-08-07,ev_ebitda,8.180003233681715
NDAQ,2026-08-07,ev_ebitda,18.87032881390659
NEE,2026-08-07,ev_ebitda,18.058286503744924
NFLX,2026-08-07,ev_ebitda,21.18890144792783
NI,2026-08-07,ev_ebitda,11.514023065693722
NOC,2026-08-07,ev_ebitda,15.348518593430251
NOW,2026-08-07,ev_ebitda,47.69665342559069
NRG,2026-08-07,ev_ebitda,13.178218387929018
NSC,2026-08-07,ev_ebitda,16.620227178316505
NTAP,2026-08-07,ev_ebitda,20.12240048282551
NVDA,2026-08-07,ev_ebitda,32.50215268799014
NXPI,2026-08-07,ev_ebitda,14.555637119196717
ODFL,2026-08-07,ev_ebitda,24.301842577483704
OKE,2026-08-07,ev_ebitda,11.266874574174299
OMC,2026-08-07,ev_ebitda,28.63440062066673
ON,2026-08-07,ev_ebitda,23.12296072921664
ORCL,2026-08-07,ev_ebitda,17.24426231404682
ORLY,2026-08-07,ev_ebitda,20.13007163561985
OTIS,2026-08-07,ev_ebitda,14.435363951706622
PANW,2026-08-07,ev_ebitda,181.73042699128715
PAYX,2026-08-07,ev_ebitda,15.549906117402053
PEG,2026-08-07,ev_ebitda,16.96987763217838
PEP,2026-08-07,ev_ebitda,12.370155336562553
PG,2026-08-07,ev_ebitda,15.636419017790388
PH,2026-08-07,ev_ebitda,24.955421213184838
PKG,2026-08-07,ev_ebitda,14.560940295792845
PLTR,2026-08-07,ev_ebitda,162.72877762963685
PM,2026-08-07,ev_ebitda,18.30285565148498
PNR,2026-08-07,ev_ebitda,13.39683076195851
PNW,2026-08-07,ev_ebitda,10.715756580049767
POOL,2026-08-07,ev_ebitda,13.892535263933091
PPL,2026-08-07,ev_ebitda,12.832239837133164
PTC,2026-08-07,ev_ebitda,13.943769056003463
PWR,2026-08-07,ev_ebitda,34.63314032377801
PYPL,2026-08-07,ev_ebitda,7.831144863160912
QCOM,2026-08-07,ev_ebitda,15.536762211668927
RCL,2026-08-07,ev_ebitda,15.459817825568777
RL,2026-08-07,ev_ebitda,16.12516168148747
ROK,2026-08-07,ev_ebitda,21.69089198177344
ROL,2026-08-07,ev_ebitda,21.30706374228103
ROP,2026-08-07,ev_ebitda,15.579863188906733
ROST,2026-08-07,ev_ebitda,22.934183642211448
RSG,2026-08-07,ev_ebitda,15.086269927575005
RTX,2026-08-07,ev_ebitda,21.74301836365737
SATS,2026-08-07,ev_ebitda,-3.3441937540787783
SBUX,2026-08-07,ev_ebitda,28.299485390693974
SJM,2026-08-07,ev_ebitda,21.072887611535105
SMCI,2026-08-07,ev_ebitda,14.662990974834909
SNA,2026-08-07,ev_ebitda,14.596775173189567
SNDK,2026-08-07,ev_ebitda,31.799922073214933
SNPS,2026-08-07,ev_ebitda,41.43623970741308
SO,2026-08-07,ev_ebitda,12.823355490815299
SPGI,2026-08-07,ev_ebitda,16.182562252964427
STLD,2026-08-07,ev_ebitda,15.30541406671525
STX,2026-08-07,ev_ebitda,42.79316414187643
STZ,2026-08-07,ev_ebitda,10.22461027319695
SW,2026-08-07,ev_ebitda,8.967755098240454
SWKS,2026-08-07,ev_ebitda,13.201615651697672
SYY,2026-08-07,ev_ebitda,12.892454464491033
T,2026-08-07,ev_ebitda,6.098034188076338
TDG,2026-08-07,ev_ebitda,19.696454236019495
TDY,2026-08-07,ev_ebitda,21.15321044841626
TEL,2026-08-07,ev_ebitda,13.89135376196279
TER,2026-08-07,ev_ebitda,39.816984783499144
TGT,2026-08-07,ev_ebitda,10.109701665123426
TJX,2026-08-07,ev_ebitda,31.57801086067017
TKO,2026-08-07,ev_ebitda,11.625633484682862
TMUS,2026-08-07,ev_ebitda,8.362324849740112
TPR,2026-08-07,ev_ebitda,32.63151791066552
TRGP,2026-08-07,ev_ebitda,13.634438421545692
TRMB,2026-08-07,ev_ebitda,17.792007071944244
TSCO,2026-08-07,ev_ebitda,10.769605555436918
TSLA,2026-08-07,ev_ebitda,131.0497640759458
TSN,2026-08-07,ev_ebitda,10.063216862894038
TT,2026-08-07,ev_ebitda,24.725083295702756
TTWO,2026-08-07,ev_ebitda,488.1027435705197
TXN,2026-08-07,ev_ebitda,28.83111736234215
TYL,2026-08-07,ev_ebitda,25.68245892048673
UAL,2026-08-07,ev_ebitda,7.132713534527895
UBER,2026-08-07,ev_ebitda,21.490005455028207
UHS,2026-08-07,ev_ebitda,5.719224191247413
ULTA,2026-08-07,ev_ebitda,13.10844397671423
UNH,2026-08-07,ev_ebitda,17.923451490820238
UNP,2026-08-07,ev_ebitda,15.928621944942448
UPS,2026-08-07,ev_ebitda,10.739559757792337
URI,2026-08-07,ev_ebitda,18.955847532932307
V,2026-08-07,ev_ebitda,22.79493674321121
VLO,2026-08-07,ev_ebitda,8.659905328246307
VLTO,2026-08-07,ev_ebitda,18.26578373
VMC,2026-08-07,ev_ebitda,17.170872672835635
VRSK,2026-08-07,ev_ebitda,17.94042452835289
VRSN,2026-08-07,ev_ebitda,21.54988195615514
VRT,2026-08-07,ev_ebitda,41.21672661015302
VST,2026-08-07,ev_ebitda,12.082470874332175
VZ,2026-08-07,ev_ebitda,7.074950766241092
WAB,2026-08-07,ev_ebitda,22.097414744593625
WBD,2026-08-07,ev_ebitda,25.126727029416248
WDAY,2026-08-07,ev_ebitda,35.78939059353869
WDC,2026-08-07,ev_ebitda,47.51791097838453
WEC,2026-08-07,ev_ebitda,14.552263151454422
WM,2026-08-07,ev_ebitda,14.988107576192528
WMB,2026-08-07,ev_ebitda,16.325402323855283
WMT,2026-08-07,ev_ebitda,20.433251124252866
WSM,2026-08-07,ev_ebitda,17.45351462003704
WTW,2026-08-07,ev_ebitda,13.835592549397003
WYNN,2026-08-07,ev_ebitda,10.974251065434343
XEL,2026-08-07,ev_ebitda,14.59120910168007
XYL,2026-08-07,ev_ebitda,15.795855887179217
XYZ,2026-08-07,ev_ebitda,30.388902397374142
YUM,2026-08-07,ev_ebitda,16.988755659761903
ZBRA,2026-08-07,ev_ebitda,19.19720953410448
A,2026-08-07,ev_sales,5.829243834048673
AAPL,2026-08-07,ev_sales,9.84307248271829
ABBV,2026-08-07,ev_sales,7.591480292821421
ABNB,2026-08-07,ev_sales,7.589732502469793
ABT,2026-08-07,ev_sales,4.741270379450304
ACN,2026-08-07,ev_sales,1.3885982095690192
ADBE,2026-08-07,ev_sales,4.1624181482657345
ADI,2026-08-07,ev_sales,15.35381265109563
ADM,2026-08-07,ev_sales,1.7433005316198535
ADP,2026-08-07,ev_sales,4.92639540110901
ADSK,2026-08-07,ev_sales,6.9386579657326495
AEE,2026-08-07,ev_sales,5.799932456448738
AEP,2026-08-07,ev_sales,5.29356579095547
AJG,2026-08-07,ev_sales,4.854252202503364
AKAM,2026-08-07,ev_sales,4.600187272281318
ALB,2026-08-07,ev_sales,3.022843587167293
ALLE,2026-08-07,ev_sales,3.7689137205037198
AMAT,2026-08-07,ev_sales,14.721895471037763
AMCR,2026-08-07,ev_sales,1.6065072368364126
AMD,2026-08-07,ev_sales,18.870416537978453
AME,2026-08-07,ev_sales,7.436307246445572
AMGN,2026-08-07,ev_sales,6.920029409740386
AMP,2026-08-07,ev_sales,2.496237209536771
AMT,2026-08-07,ev_sales,10.149552379861914
AMZN,2026-08-07,ev_sales,3.8859797678391863
ANET,2026-08-07,ev_sales,22.429805636213572
AON,2026-08-07,ev_sales,4.993741552474256
AOS,2026-08-07,ev_sales,2.4322820864884753
APD,2026-08-07,ev_sales,6.653039071963625
APH,2026-08-07,ev_sales,7.58716931171902
APO,2026-08-07,ev_sales,2.4107289564993666
APP,2026-08-07,ev_sales,17.154270272439046
APTV,2026-08-07,ev_sales,0.7970261216630173
ARE,2026-08-07,ev_sales,7.355651957061282
ARES,2026-08-07,ev_sales,7.205769646390997
ATO,2026-08-07,ev_sales,7.743107870953033
AVB,2026-08-07,ev_sales,11.568303255458934
AVGO,2026-08-07,ev_sales,27.396653589874777
AVY,2026-08-07,ev_sales,1.788027516987273
AWK,2026-08-07,ev_sales,7.7487710231557
AXON,2026-08-07,ev_sales,14.570941603962785
AZO,2026-08-07,ev_sales,2.9571081456740864
BA,2026-08-07,ev_sales,2.372830344435555
BALL,2026-08-07,ev_sales,1.5970790371255061
BAX,2026-08-07,ev_sales,1.8805592390911072
BBY,2026-08-07,ev_sales,0.39734566499569995
BDX,2026-08-07,ev_sales,2.6363595590421505
BEN,2026-08-07,ev_sales,1.614468208079064
BF-B,2026-08-07,ev_sales,3.9330176896639513
BG,2026-08-07,ev_sales,1.7502022435120674
BIIB,2026-08-07,ev_sales,3.4181239847344376
BKNG,2026-08-07,ev_sales,5.924912894726108
BKR,2026-08-07,ev_sales,2.2377641904371504
BLDR,2026-08-07,ev_sales,0.8701621612195918
BLK,2026-08-07,ev_sales,6.565967053990256
BMY,2026-08-07,ev_sales,3.3696761621762286
BR,2026-08-07,ev_sales,2.952811190657768
BRO,2026-08-07,ev_sales,4.521658992293078
BSX,2026-08-07,ev_sales,3.890519090628215
BX,2026-08-07,ev_sales,7.729401703628376
BXP,2026-08-07,ev_sales,6.735294799093064
CAG,2026-08-07,ev_sales,1.2582717117238866
CAH,2026-08-07,ev_sales,0.2515214806206651
CARR,2026-08-07,ev_sales,2.89078431075583
CASY,2026-08-07,ev_sales,1.8609713040110638
CAT,2026-08-07,ev_sales,5.512290020554202
CBOE,2026-08-07,ev_sales,5.756554119956335
CBRE,2026-08-07,ev_sales,1.1008053242037164
CCI,2026-08-07,ev_sales,11.305423558505167
CCL,2026-08-07,ev_sales,2.3004533188810368
CDNS,2026-08-07,ev_sales,16.976953243064763
CDW,2026-08-07,ev_sales,0.9590828778616535
CE,2026-08-07,ev_sales,1.5789796368677924
CEG,2026-08-07,ev_sales,4.630633876313304
CF,2026-08-07,ev_sales,2.634156867812379
CHD,2026-08-07,ev_sales,4.23361998132154
CHRW,2026-08-07,ev_sales,1.1158988069122653
CHTR,2026-08-07,ev_sales,2.0546996920075005
CI,2026-08-07,ev_sales,0.34434828328469946
CIEN,2026-08-07,ev_sales,10.554884114678181
CL,2026-08-07,ev_sales,3.842491855324052
CLX,2026-08-07,ev_sales,2.0822404348971895
CMCSA,2026-08-07,ev_sales,1.3345593643176012
CME,2026-08-07,ev_sales,14.21398416856156
CMG,2026-08-07,ev_sales,3.336215941568087
CMI,2026-08-07,ev_sales,2.6624346073133
CMS,2026-08-07,ev_sales,4.741695591955308
CNC,2026-08-07,ev_sales,0.13716828818113122
CNP,2026-08-07,ev_sales,5.203414422556649
COHR,2026-08-07,ev_sales,11.420950121329872
COIN,2026-08-07,ev_sales,5.947811612269039
COO,2026-08-07,ev_sales,3.9634292295911133
COP,2026-08-07,ev_sales,2.803019521148956
COR,2026-08-07,ev_sales,0.21193545448175533
COST,2026-08-07,ev_sales,1.380017239012899
CPAY,2026-08-07,ev_sales,6.979539107778606
CPB,2026-08-07,ev_sales,1.3618473723549556
CPRT,2026-08-07,ev_sales,5.440304918386322
CPT,2026-08-07,ev_sales,10.119347919170353
CRH,2026-08-07,ev_sales,2.110444432035877
CRL,2026-08-07,ev_sales,3.7363241798485465
CRM,2026-08-07,ev_sales,4.363600831212496
CRWD,2026-08-07,ev_sales,9.978577260413804
CSCO,2026-08-07,ev_sales,8.117628240622016
CSGP,2026-08-07,ev_sales,3.394808203251301
CSX,2026-08-07,ev_sales,7.480031082389058
CTAS,2026-08-07,ev_sales,7.5441018896964875
CTSH,2026-08-07,ev_sales,1.2302590395216295
CTVA,2026-08-07,ev_sales,2.837280312149113
CVS,2026-08-07,ev_sales,0.4101296859737982
CVX,2026-08-07,ev_sales,1.8858306462045604
D,2026-08-07,ev_sales,5.938514356168921
DAL,2026-08-07,ev_sales,1.0003933953827229
DASH,2026-08-07,ev_sales,5.501387994103581
DD,2026-08-07,ev_sales,2.9793492529965655
DDOG,2026-08-07,ev_sales,22.230090378082675
DE,2026-08-07,ev_sales,4.062781213250338
DECK,2026-08-07,ev_sales,2.106236439334907
DELL,2026-08-07,ev_sales,2.350854166355726
DG,2026-08-07,ev_sales,0.7233957106417347
DGX,2026-08-07,ev_sales,2.7117450255363322
DHI,2026-08-07,ev_sales,1.4117401092090232
DHR,2026-08-07,ev_sales,6.533093561021229
DIS,2026-08-07,ev_sales,2.2494471430317313
DLR,2026-08-07,ev_sales,13.404514213066156
DLTR,2026-08-07,ev_sales,1.3737671895548338
DOC,2026-08-07,ev_sales,7.8284096099879115
DOV,2026-08-07,ev_sales,3.5654652164480907
DOW,2026-08-07,ev_sales,0.8801092683754547
DPZ,2026-08-07,ev_sales,3.2428695593214942
DRI,2026-08-07,ev_sales,1.9677891963280323
DTE,2026-08-07,ev_sales,3.279488712122313
DUK,2026-08-07,ev_sales,5.630525027366689
DVA,2026-08-07,ev_sales,1.5380954665092894
DVN,2026-08-07,ev_sales,2.9377125742423473
DXCM,2026-08-07,ev_sales,6.438201114359455
EBAY,2026-08-07,ev_sales,4.379855096602265
ECL,2026-08-07,ev_sales,5.134495125754045
ED,2026-08-07,ev_sales,3.7664904725563475
EFX,2026-08-07,ev_sales,3.9000455336488478
EIX,2026-08-07,ev_sales,3.388587264742465
EL,2026-08-07,ev_sales,2.42726555652936
ELV,2026-08-07,ev_sales,0.5287512090083685
EME,2026-08-07,ev_sales,1.9027038684126192
EMR,2026-08-07,ev_sales,5.056700499034127
EOG,2026-08-07,ev_sales,2.778988575823281
EQIX,2026-08-07,ev_sales,12.430805949800103
EQR,2026-08-07,ev_sales,11.417701282732615
EQT,2026-08-07,ev_sales,3.9695322589136515
ERIE,2026-08-07,ev_sales,2.812649307510264
ES,2026-08-07,ev_sales,3.898937841838834
ESS,2026-08-07,ev_sales,12.855302093304005
ETN,2026-08-07,ev_sales,6.408097085761865
ETR,2026-08-07,ev_sales,5.958780683897829
EVRG,2026-08-07,ev_sales,5.686325045668362
EW,2026-08-07,ev_sales,7.535542435084379
EXC,2026-08-07,ev_sales,3.801063200290285
EXE,2026-08-07,ev_sales,1.751741562356719
EXPE,2026-08-07,ev_sales,2.177014617656051
EXR,2026-08-07,ev_sales,11.693702553403755
F,2026-08-07,ev_sales,1.0090030541489563
FANG,2026-08-07,ev_sales,3.7082071324277863
FAST,2026-08-07,ev_sales,6.766998456666248
FCX,2026-08-07,ev_sales,4.061646276279843
FDS,2026-08-07,ev_sales,4.56246327665136
FDX,2026-08-07,ev_sales,0.8998613711064188
FE,2026-08-07,ev_sales,3.4599515101355705
FFIV,2026-08-07,ev_sales,6.519004853547483
FICO,2026-08-07,ev_sales,11.476154767231025
FIS,2026-08-07,ev_sales,3.1315093400598313
FISV,2026-08-07,ev_sales,2.571195248031726
FIX,2026-08-07,ev_sales,5.164178908863216
FLEX,2026-08-07,ev_sales,1.6219061569234974
FOX,2026-08-07,ev_sales,1.5998981081396706
FOXA,2026-08-07,ev_sales,1.7842032582039007
FRT,2026-08-07,ev_sales,11.490427651553697
FSLR,2026-08-07,ev_sales,4.7270866531921945
FTNT,2026-08-07,ev_sales,15.225886635902171
FTV,2026-08-07,ev_sales,5.179039398917458
GD,2026-08-07,ev_sales,2.0400361686189785
GDDY,2026-08-07,ev_sales,2.769709731447268
GE,2026-08-07,ev_sales,7.787133776689904
GEHC,2026-08-07,ev_sales,1.9211835589336954
GEN,2026-08-07,ev_sales,4.933091482535
GEV,2026-08-07,ev_sales,6.115886833746253
GILD,2026-08-07,ev_sales,6.122462385997964
GIS,2026-08-07,ev_sales,1.7660547922712027
GLW,2026-08-07,ev_sales,9.10341983747932
GM,2026-08-07,ev_sales,1.1325134864818356
GNRC,2026-08-07,ev_sales,3.0533451128768303
GOOG,2026-08-07,ev_sales,9.852212700199834
GOOGL,2026-08-07,ev_sales,9.877334967602447
GPC,2026-08-07,ev_sales,0.874999863590339
GPN,2026-08-07,ev_sales,3.8644552417295537
GWW,2026-08-07,ev_sales,3.3061896070294514
HAL,2026-08-07,ev_sales,1.4191905659198587
HAS,2026-08-07,ev_sales,3.1078178336463447
HCA,2026-08-07,ev_sales,1.768522251701838
HD,2026-08-07,ev_sales,2.37863250843684
HII,2026-08-07,ev_sales,1.17032894826204
HLT,2026-08-07,ev_sales,6.6715374669283145
HON,2026-08-07,ev_sales,2.640724325427648
HPE,2026-08-07,ev_sales,2.2218996693160027
HPQ,2026-08-07,ev_sales,0.5796156669679712
HRL,2026-08-07,ev_sales,1.2931628895255487
HSIC,2026-08-07,ev_sales,0.9012478594041318
HST,2026-08-07,ev_sales,3.077352177741598
HSY,2026-08-07,ev_sales,3.4059226832321707
HUBB,2026-08-07,ev_sales,4.8084382756942015
HUM,2026-08-07,ev_sales,0.3892275290844024
HWM,2026-08-07,ev_sales,12.927344860938357
IBM,2026-08-07,ev_sales,3.921565159147418
ICE,2026-08-07,ev_sales,7.697979998998212
IDXX,2026-08-07,ev_sales,10.224426723470387
IEX,2026-08-07,ev_sales,5.173354584185424
IFF,2026-08-07,ev_sales,2.691042241214672
INCY,2026-08-07,ev_sales,3.9251401131090726
INTC,2026-08-07,ev_sales,9.562105133959882
INTU,2026-08-07,ev_sales,4.3233782152927125
INVH,2026-08-07,ev_sales,9.29241580470306
IP,2026-08-07,ev_sales,1.2241321100886253
IQV,2026-08-07,ev_sales,3.175339947089947
IR,2026-08-07,ev_sales,4.631833764341113
IRM,2026-08-07,ev_sales,7.018777441701264
IT,2026-08-07,ev_sales,2.0396531515035057
ITW,2026-08-07,ev_sales,5.7136215313619525
IVZ,2026-08-07,ev_sales,2.128025715320536
J,2026-08-07,ev_sales,1.3838295559009721
JBHT,2026-08-07,ev_sales,2.0663490616322258
JBL,2026-08-07,ev_sales,1.1309708815695148
JCI,2026-08-07,ev_sales,4.120584812172062
JKHY,2026-08-07,ev_sales,4.427303020524397
JNJ,2026-08-07,ev_sales,6.500169788935249
KDP,2026-08-07,ev_sales,3.7146235326100685
KEYS,2026-08-07,ev_sales,9.559005812135348
KHC,2026-08-07,ev_sales,1.8126956132815264
KIM,2026-08-07,ev_sales,10.982250292138021
KKR,2026-08-07,ev_sales,5.831780389807339
KLAC,2026-08-07,ev_sales,19.3297725197202
KMB,2026-08-07,ev_sales,2.5195291676711493
KMI,2026-08-07,ev_sales,6.040840062165142
KO,2026-08-07,ev_sales,8.177225851329743
KVUE,2026-08-07,ev_sales,2.8689879475324505
LDOS,2026-08-07,ev_sales,1.2809348791727824
LEN,2026-08-07,ev_sales,0.7117754611835728
LH,2026-08-07,ev_sales,2.2017373501533313
LHX,2026-08-07,ev_sales,1.55958815922961
LII,2026-08-07,ev_sales,3.09571997674883
LIN,2026-08-07,ev_sales,6.875732374109848
LITE,2026-08-07,ev_sales,34.75654068477737
LLY,2026-08-07,ev_sales,13.713746214175814
LMT,2026-08-07,ev_sales,1.975879684801984
LNT,2026-08-07,ev_sales,6.5415480621226525
LOW,2026-08-07,ev_sales,1.8186507604455249
LRCX,2026-08-07,ev_sales,17.81126876933213
LULU,2026-08-07,ev_sales,1.150749302978531
LUV,2026-08-07,ev_sales,0.7648019277073357
LVS,2026-08-07,ev_sales,2.9115717002813617
LYB,2026-08-07,ev_sales,0.9004488702949474
LYV,2026-08-07,ev_sales,1.6201932637381584
MA,2026-08-07,ev_sales,14.309406736979447
MAA,2026-08-07,ev_sales,9.604055289023634
MAR,2026-08-07,ev_sales,3.426255210074338
MAS,2026-08-07,ev_sales,2.3350123991795813
MCD,2026-08-07,ev_sales,8.433795968722158
MCHP,2026-08-07,ev_sales,10.008478961560238
MCK,2026-08-07,ev_sales,0.2622665949161401
MCO,2026-08-07,ev_sales,10.739288626215686
MDLZ,2026-08-07,ev_sales,2.4035047277931
MDT,2026-08-07,ev_sales,3.7047961059538537
META,2026-08-07,ev_sales,7.207917475646857
MGM,2026-08-07,ev_sales,0.8280226308066654
MKC,2026-08-07,ev_sales,2.264703879979149
MLM,2026-08-07,ev_sales,5.789811652631185
MMM,2026-08-07,ev_sales,4.06481288450556
MNST,2026-08-07,ev_sales,9.401590619653678
MO,2026-08-07,ev_sales,5.8200396117986095
MOS,2026-08-07,ev_sales,0.9622302482874615
MPC,2026-08-07,ev_sales,0.7166589232010654
MRK,2026-08-07,ev_sales,5.495709406661294
MRSH,2026-08-07,ev_sales,3.911632736093319
MRVL,2026-08-07,ev_sales,21.903077229929682
MSCI,2026-08-07,ev_sales,14.05239588763898
MSFT,2026-08-07,ev_sales,11.233052881135235
MSI,2026-08-07,ev_sales,7.0051470562781954
MTD,2026-08-07,ev_sales,7.385070084755829
MU,2026-08-07,ev_sales,10.683029855384607
NCLH,2026-08-07,ev_sales,2.2192892620412206
NDAQ,2026-08-07,ev_sales,6.971520175449663
NDSN,2026-08-07,ev_sales,6.573478067657906
NEE,2026-08-07,ev_sales,10.479362568019361
NEM,2026-08-07,ev_sales,4.437679549749486
NFLX,2026-08-07,ev_sales,6.451159001528965
NI,2026-08-07,ev_sales,3.171447908281904
NKE,2026-08-07,ev_sales,1.3393703392387604
NOC,2026-08-07,ev_sales,2.190702947612142
NOW,2026-08-07,ev_sales,8.90669926512354
NRG,2026-08-07,ev_sales,1.484568290821538
NSC,2026-08-07,ev_sales,7.219328344520735
NTAP,2026-08-07,ev_sales,5.4453976180238275
NUE,2026-08-07,ev_sales,1.9491473636709602
NVDA,2026-08-07,ev_sales,21.221902552753352
NWS,2026-08-07,ev_sales,2.004943730615862
NWSA,2026-08-07,ev_sales,1.7569171466548517
NXPI,2026-08-07,ev_sales,5.343413039952438
O,2026-08-07,ev_sales,13.832072954741689
ODFL,2026-08-07,ev_sales,7.879990029456455
OKE,2026-08-07,ev_sales,2.1872035638835543
OMC,2026-08-07,ev_sales,1.4774786825770263
ON,2026-08-07,ev_sales,5.4436593629997745
ORCL,2026-08-07,ev_sales,7.654672692033611
ORLY,2026-08-07,ev_sales,4.516947903476933
OTIS,2026-08-07,ev_sales,2.3824982016732608
PANW,2026-08-07,ev_sales,27.72774713619007
PAYX,2026-08-07,ev_sales,7.28768433373538
PCG,2026-08-07,ev_sales,3.8825449682327666
PEG,2026-08-07,ev_sales,4.869217061166387
PEP,2026-08-07,ev_sales,2.2927883265912654
PFE,2026-08-07,ev_sales,3.350631678912412
PG,2026-08-07,ev_sales,4.115849428131399
PH,2026-08-07,ev_sales,6.793268279931624
PKG,2026-08-07,ev_sales,2.7659784852947658
PLD,2026-08-07,ev_sales,18.56710886774916
PLTR,2026-08-07,ev_sales,70.38510037376902
PM,2026-08-07,ev_sales,7.790060174805266
PNR,2026-08-07,ev_sales,3.135055415203579
PNW,2026-08-07,ev_sales,4.1177588592131364
PODD,2026-08-07,ev_sales,3.2183465918961853
POOL,2026-08-07,ev_sales,1.6325457239215786
PPG,2026-08-07,ev_sales,1.9897484647354382
PPL,2026-08-07,ev_sales,4.823852939094484
PSA,2026-08-07,ev_sales,14.523637087609604
PSX,2026-08-07,ev_sales,0.6315114527035428
PTC,2026-08-07,ev_sales,5.74413677001373
PWR,2026-08-07,ev_sales,3.2273076307049595
PYPL,2026-08-07,ev_sales,1.6201328036995317
Q,2026-08-07,ev_sales,6.118562235014396
QCOM,2026-08-07,ev_sales,4.1573328189884045
RCL,2026-08-07,ev_sales,5.794489039254949
REG,2026-08-07,ev_sales,12.00006325909032
REGN,2026-08-07,ev_sales,5.0609662525829275
RL,2026-08-07,ev_sales,2.8648254978935275
RMD,2026-08-07,ev_sales,5.257483699722037
ROK,2026-08-07,ev_sales,5.697696690186114
ROL,2026-08-07,ev_sales,4.679701398367337
ROP,2026-08-07,ev_sales,6.092484210195283
ROST,2026-08-07,ev_sales,3.309478868327407
RSG,2026-08-07,ev_sales,4.674153376613381
RTX,2026-08-07,ev_sales,3.461442014364064
RVTY,2026-08-07,ev_sales,5.208858596203083
SATS,2026-08-07,ev_sales,3.554283178738802
SBAC,2026-08-07,ev_sales,11.051702994035788
SBUX,2026-08-07,ev_sales,3.428198433420366
SHW,2026-08-07,ev_sales,4.058677853051786
SJM,2026-08-07,ev_sales,2.1354840421726013
SLB,2026-08-07,ev_sales,2.2743702681207565
SMCI,2026-08-07,ev_sales,0.6791111879970407
SNA,2026-08-07,ev_sales,4.345267930886952
SNDK,2026-08-07,ev_sales,13.309463743932039
SNPS,2026-08-07,ev_sales,9.934441805275839
SO,2026-08-07,ev_sales,5.733834171209652
SOLV,2026-08-07,ev_sales,2.2538713677785798
SPG,2026-08-07,ev_sales,14.981551556706945
SPGI,2026-08-07,ev_sales,8.328927145581691
SRE,2026-08-07,ev_sales,7.012814353187834
STE,2026-08-07,ev_sales,4.124275147574124
STLD,2026-08-07,ev_sales,1.9929922900587858
STX,2026-08-07,ev_sales,15.334655785157851
STZ,2026-08-07,ev_sales,3.686378032293219
SW,2026-08-07,ev_sales,1.2072088121458213
SWK,2026-08-07,ev_sales,1.303178550259711
SWKS,2026-08-07,ev_sales,2.528108903978476
SYK,2026-08-07,ev_sales,5.46468313221659
SYY,2026-08-07,ev_sales,0.610782093708282
T,2026-08-07,ev_sales,2.2036294844171205
TDG,2026-08-07,ev_sales,9.894481407461777
TDY,2026-08-07,ev_sales,5.248812902588479
TECH,2026-08-07,ev_sales,9.280221158677945
TEL,2026-08-07,ev_sales,3.462413814181389
TER,2026-08-07,ev_sales,13.217925175138793
TGT,2026-08-07,ev_sales,0.754590101441853
TJX,2026-08-07,ev_sales,2.8626966164886984
TKO,2026-08-07,ev_sales,3.3439163617468055
TMO,2026-08-07,ev_sales,5.506214235254661
TMUS,2026-08-07,ev_sales,2.9632649035276444
TPR,2026-08-07,ev_sales,4.353058122463953
TRGP,2026-08-07,ev_sales,4.470131446296926
TRMB,2026-08-07,ev_sales,4.051052659954972
TSCO,2026-08-07,ev_sales,1.2651257023005165
TSLA,2026-08-07,ev_sales,12.40950293974252
TSN,2026-08-07,ev_sales,0.47575052968003734
TT,2026-08-07,ev_sales,4.8703401145601735
TTWO,2026-08-07,ev_sales,6.9148621955862035
TXN,2026-08-07,ev_sales,13.896085765142653
TYL,2026-08-07,ev_sales,5.411941744328521
UAL,2026-08-07,ev_sales,0.8922979047279896
UBER,2026-08-07,ev_sales,2.897008539531117
UDR,2026-08-07,ev_sales,10.563360601980634
UHS,2026-08-07,ev_sales,0.8591170899170515
ULTA,2026-08-07,ev_sales,1.9491052480144881
UNH,2026-08-07,ev_sales,0.9232084247806045
UNP,2026-08-07,ev_sales,7.951146822103502
UPS,2026-08-07,ev_sales,1.2030504281107528
URI,2026-08-07,ev_sales,22.74092027805012
V,2026-08-07,ev_sales,14.615630066509652
VICI,2026-08-07,ev_sales,11.226884098787973
VLO,2026-08-07,ev_sales,0.6250300042862192
VLTO,2026-08-07,ev_sales,4.493781228764527
VMC,2026-08-07,ev_sales,5.092225213429003
VRSK,2026-08-07,ev_sales,9.412896562163557
VRSN,2026-08-07,ev_sales,14.964670062650036
VRT,2026-08-07,ev_sales,9.197969461469912
VRTX,2026-08-07,ev_sales,9.481658589678403
VST,2026-08-07,ev_sales,3.60622583275454
VTR,2026-08-07,ev_sales,9.377891301921535
VTRS,2026-08-07,ev_sales,2.157987219599423
VZ,2026-08-07,ev_sales,2.422939508965694
WAB,2026-08-07,ev_sales,4.629758848825543
WBD,2026-08-07,ev_sales,2.645907320860307
WDAY,2026-08-07,ev_sales,4.834146425816927
WDC,2026-08-07,ev_sales,14.18637810987518
WEC,2026-08-07,ev_sales,5.497543965032947
WELL,2026-08-07,ev_sales,15.603282136285486
WM,2026-08-07,ev_sales,4.391847784335684
WMB,2026-08-07,ev_sales,7.398324052279178
WMT,2026-08-07,ev_sales,1.275819107093074
WSM,2026-08-07,ev_sales,3.6488624112689174
WST,2026-08-07,ev_sales,7.419845585463509
WTW,2026-08-07,ev_sales,3.726899930073648
WY,2026-08-07,ev_sales,3.3997827670753065
WYNN,2026-08-07,ev_sales,2.6699667416423583
XEL,2026-08-07,ev_sales,5.710298033771894
XOM,2026-08-07,ev_sales,1.9662581958234353
XYL,2026-08-07,ev_sales,3.2644076488297173
XYZ,2026-08-07,ev_sales,1.8796234229072448
YUM,2026-08-07,ev_sales,5.726546851605136
ZBH,2026-08-07,ev_sales,2.9849794818249125
ZBRA,2026-08-07,ev_sales,3.5196525774858904
ZTS,2026-08-07,ev_sales,3.982899073015656
A,2026-08-07,pe_to_revenue_growth,3.1814937034573862
AAPL,2026-08-07,pe_to_revenue_growth,2.4995211549702945
ABBV,2026-08-07,pe_to_revenue_growth,6.619606771227314
ABNB,2026-08-07,pe_to_revenue_growth,2.839958361072728
ABT,2026-08-07,pe_to_revenue_growth,4.5297198679689314
ACN,2026-08-07,pe_to_revenue_growth,2.0422707554246857
ADBE,2026-08-07,pe_to_revenue_growth,1.2799771040962973
ADI,2026-08-07,pe_to_revenue_growth,1.93959957499815
ADP,2026-08-07,pe_to_revenue_growth,3.6628913367875513
ADSK,2026-08-07,pe_to_revenue_growth,1.9623931565983923
AEE,2026-08-07,pe_to_revenue_growth,5.168401897346161
AEP,2026-08-07,pe_to_revenue_growth,2.278127460177181
AES,2026-08-07,pe_to_revenue_growth,0.6614542291802565
AFL,2026-08-07,pe_to_revenue_growth,0.9558648466505563
AIZ,2026-08-07,pe_to_revenue_growth,1.4623557670934
AJG,2026-08-07,pe_to_revenue_growth,1.5443923236061936
AKAM,2026-08-07,pe_to_revenue_growth,6.22073728388867
ALB,2026-08-07,pe_to_revenue_growth,4.2894205840835395
ALGN,2026-08-07,pe_to_revenue_growth,6.710165694558067
ALL,2026-08-07,pe_to_revenue_growth,0.8935977031191213
ALLE,2026-08-07,pe_to_revenue_growth,2.088678801160464
AMAT,2026-08-07,pe_to_revenue_growth,15.177844389024276
AMCR,2026-08-07,pe_to_revenue_growth,0.5028632953854141
AMD,2026-08-07,pe_to_revenue_growth,3.1207452399728735
AME,2026-08-07,pe_to_revenue_growth,2.9105014949738752
AMGN,2026-08-07,pe_to_revenue_growth,2.7905114724234674
AMP,2026-08-07,pe_to_revenue_growth,1.4237163585471904
AMT,2026-08-07,pe_to_revenue_growth,4.393470701495567
AMZN,2026-08-07,pe_to_revenue_growth,1.4025442232534784
ANET,2026-08-07,pe_to_revenue_growth,1.8331653822590954
AON,2026-08-07,pe_to_revenue_growth,3.970036146011985
APH,2026-08-07,pe_to_revenue_growth,0.7793770959370717
APO,2026-08-07,pe_to_revenue_growth,2.5856881821482194
APP,2026-08-07,pe_to_revenue_growth,0.4366466124523477
APTV,2026-08-07,pe_to_revenue_growth,8.905161062379122
ARES,2026-08-07,pe_to_revenue_growth,4.067518304522916
ATO,2026-08-07,pe_to_revenue_growth,3.1987817493109922
AVGO,2026-08-07,pe_to_revenue_growth,5.280221930981863
AVY,2026-08-07,pe_to_revenue_growth,3.29685523871956
AWK,2026-08-07,pe_to_revenue_growth,3.447758875739644
AXON,2026-08-07,pe_to_revenue_growth,6.743989756765113
AXP,2026-08-07,pe_to_revenue_growth,1.8951812238020183
AZO,2026-08-07,pe_to_revenue_growth,3.6497639714910504
BA,2026-08-07,pe_to_revenue_growth,3.0634511068245787
BAC,2026-08-07,pe_to_revenue_growth,1.4045903584328525
BALL,2026-08-07,pe_to_revenue_growth,1.1468348400782153
BDX,2026-08-07,pe_to_revenue_growth,2.9645223855531606
BEN,2026-08-07,pe_to_revenue_growth,2.705969999113183
BG,2026-08-07,pe_to_revenue_growth,1.7842109496230139
BKNG,2026-08-07,pe_to_revenue_growth,1.762929275068341
BLK,2026-08-07,pe_to_revenue_growth,1.077181577033549
BMY,2026-08-07,pe_to_revenue_growth,4.575614295048446
BNY,2026-08-07,pe_to_revenue_growth,1.6356572816994883
BR,2026-08-07,pe_to_revenue_growth,2.0297028840250992
BRO,2026-08-07,pe_to_revenue_growth,0.5772192333713453
BSX,2026-08-07,pe_to_revenue_growth,1.4595822376613004
BX,2026-08-07,pe_to_revenue_growth,2.3284363448185705
C,2026-08-07,pe_to_revenue_growth,3.167067525981171
CAH,2026-08-07,pe_to_revenue_growth,3.3820623216524783
CASY,2026-08-07,pe_to_revenue_growth,4.2847525576825545
CAT,2026-08-07,pe_to_revenue_growth,1.9609015143909685
CB,2026-08-07,pe_to_revenue_growth,1.4932868886714366
CBOE,2026-08-07,pe_to_revenue_growth,1.9040541512627691
CBRE,2026-08-07,pe_to_revenue_growth,2.2361012669608487
CCL,2026-08-07,pe_to_revenue_growth,2.52995415194125
CDNS,2026-08-07,pe_to_revenue_growth,5.860338207555748
CDW,2026-08-07,pe_to_revenue_growth,2.1735550134792043
CEG,2026-08-07,pe_to_revenue_growth,1.3624361134476435
CF,2026-08-07,pe_to_revenue_growth,0.42129400589916777
CFG,2026-08-07,pe_to_revenue_growth,1.3216751275488248
CHD,2026-08-07,pe_to_revenue_growth,12.245510218899241
CIEN,2026-08-07,pe_to_revenue_growth,4.4939859159077225
CINF,2026-08-07,pe_to_revenue_growth,0.4244467114968046
CL,2026-08-07,pe_to_revenue_growth,7.018607302487558
CME,2026-08-07,pe_to_revenue_growth,4.378508446450543
CMG,2026-08-07,pe_to_revenue_growth,4.05975007318463
CMI,2026-08-07,pe_to_revenue_growth,11.210429223611493
CMS,2026-08-07,pe_to_revenue_growth,2.1076348197126005
CNP,2026-08-07,pe_to_revenue_growth,5.060414826239909
COF,2026-08-07,pe_to_revenue_growth,0.8811340876496608
COHR,2026-08-07,pe_to_revenue_growth,8.778028633142123
COO,2026-08-07,pe_to_revenue_growth,10.062827571462693
COP,2026-08-07,pe_to_revenue_growth,1.6694510358007173
COR,2026-08-07,pe_to_revenue_growth,4.6876147173845455
COST,2026-08-07,pe_to_revenue_growth,5.139805655509378
CPAY,2026-08-07,pe_to_revenue_growth,1.245559862429069
CRH,2026-08-07,pe_to_revenue_growth,2.780467934744459
CRM,2026-08-07,pe_to_revenue_growth,1.8895484170892138
CSCO,2026-08-07,pe_to_revenue_growth,4.378595570300267
CSGP,2026-08-07,pe_to_revenue_growth,7.662381748246029
CSX,2026-08-07,pe_to_revenue_growth,11.524049105649091
CTAS,2026-08-07,pe_to_revenue_growth,4.850437538959964
CTSH,2026-08-07,pe_to_revenue_growth,1.8873309113193364
CTVA,2026-08-07,pe_to_revenue_growth,13.785391611590212
CVS,2026-08-07,pe_to_revenue_growth,3.415734178588106
CVX,2026-08-07,pe_to_revenue_growth,1.6036521233786833
D,2026-08-07,pe_to_revenue_growth,1.0636648510585378
DAL,2026-08-07,pe_to_revenue_growth,1.4805548263254567
DASH,2026-08-07,pe_to_revenue_growth,3.3884875126984886
DDOG,2026-08-07,pe_to_revenue_growth,15.658842631008064
DE,2026-08-07,pe_to_revenue_growth,8.792497777033411
DECK,2026-08-07,pe_to_revenue_growth,1.6907348278050218
DELL,2026-08-07,pe_to_revenue_growth,0.9108141890776547
DG,2026-08-07,pe_to_revenue_growth,3.8025965294231456
DGX,2026-08-07,pe_to_revenue_growth,2.5504116318140397
DHR,2026-08-07,pe_to_revenue_growth,7.899251524599702
DIS,2026-08-07,pe_to_revenue_growth,4.656200935030481
DLR,2026-08-07,pe_to_revenue_growth,3.917484275696404
DLTR,2026-08-07,pe_to_revenue_growth,2.1419475683069438
DOC,2026-08-07,pe_to_revenue_growth,10.95112391011761
DOV,2026-08-07,pe_to_revenue_growth,3.3480640823442163
DPZ,2026-08-07,pe_to_revenue_growth,3.7953088245737496
DRI,2026-08-07,pe_to_revenue_growth,2.2021582099712567
DTE,2026-08-07,pe_to_revenue_growth,1.103232423310981
DUK,2026-08-07,pe_to_revenue_growth,3.2648001334833276
DVA,2026-08-07,pe_to_revenue_growth,1.5649676222022701
DVN,2026-08-07,pe_to_revenue_growth,0.7405763024147815
DXCM,2026-08-07,pe_to_revenue_growth,2.119525709346557
EBAY,2026-08-07,pe_to_revenue_growth,1.562307205606776
ECL,2026-08-07,pe_to_revenue_growth,5.3294065989897135
ED,2026-08-07,pe_to_revenue_growth,2.2863112740268936
EFX,2026-08-07,pe_to_revenue_growth,3.0132871461018618
EIX,2026-08-07,pe_to_revenue_growth,0.5666475422671335
ELV,2026-08-07,pe_to_revenue_growth,2.753584592880069
EME,2026-08-07,pe_to_revenue_growth,1.3467177130652421
EMR,2026-08-07,pe_to_revenue_growth,7.165961542531148
EOG,2026-08-07,pe_to_revenue_growth,0.5459172884187719
EQIX,2026-08-07,pe_to_revenue_growth,7.002738864839875
EQR,2026-08-07,pe_to_revenue_growth,6.7761305403249015
EQT,2026-08-07,pe_to_revenue_growth,0.3706947437327613
ES,2026-08-07,pe_to_revenue_growth,2.4341163498634044
ESS,2026-08-07,pe_to_revenue_growth,9.40812339821367
ETN,2026-08-07,pe_to_revenue_growth,2.9422497649678667
ETR,2026-08-07,pe_to_revenue_growth,2.450909453526349
EW,2026-08-07,pe_to_revenue_growth,3.5250651567185387
EXC,2026-08-07,pe_to_revenue_growth,3.680874107105572
EXE,2026-08-07,pe_to_revenue_growth,0.041467242359168335
EXPD,2026-08-07,pe_to_revenue_growth,3.7851745156730847
EXPE,2026-08-07,pe_to_revenue_growth,1.5457938886217417
EXR,2026-08-07,pe_to_revenue_growth,8.244142813137543
FANG,2026-08-07,pe_to_revenue_growth,1.8234709431576168
FAST,2026-08-07,pe_to_revenue_growth,3.505422928519908
FDS,2026-08-07,pe_to_revenue_growth,2.7219794418186143
FDX,2026-08-07,pe_to_revenue_growth,2.2146182060696225
FE,2026-08-07,pe_to_revenue_growth,2.2856585422490543
FFIV,2026-08-07,pe_to_revenue_growth,3.3812660627948916
FICO,2026-08-07,pe_to_revenue_growth,1.1851776105339886
FIS,2026-08-07,pe_to_revenue_growth,0.357420254238729
FITB,2026-08-07,pe_to_revenue_growth,0.9348684079116973
FIX,2026-08-07,pe_to_revenue_growth,0.9054853626069487
FLEX,2026-08-07,pe_to_revenue_growth,4.281453542977538
FOX,2026-08-07,pe_to_revenue_growth,2.927708067193076
FOXA,2026-08-07,pe_to_revenue_growth,3.2973668783813843
FRT,2026-08-07,pe_to_revenue_growth,2.7302355269493246
FSLR,2026-08-07,pe_to_revenue_growth,0.652525982403826
FTNT,2026-08-07,pe_to_revenue_growth,2.965571170080386
FTV,2026-08-07,pe_to_revenue_growth,10.898970527812867
GD,2026-08-07,pe_to_revenue_growth,2.630436804374108
GDDY,2026-08-07,pe_to_revenue_growth,1.766804903886984
GE,2026-08-07,pe_to_revenue_growth,1.5843012957770173
GEHC,2026-08-07,pe_to_revenue_growth,2.859652940182916
GEN,2026-08-07,pe_to_revenue_growth,0.6862485143474758
GEV,2026-08-07,pe_to_revenue_growth,2.158135876127922
GL,2026-08-07,pe_to_revenue_growth,2.2828396956050665
GLW,2026-08-07,pe_to_revenue_growth,3.9814322191055664
GOOG,2026-08-07,pe_to_revenue_growth,0.8880927233908746
GOOGL,2026-08-07,pe_to_revenue_growth,0.8903803263638301
GRMN,2026-08-07,pe_to_revenue_growth,2.204509913659129
GS,2026-08-07,pe_to_revenue_growth,0.8494565840791449
GWW,2026-08-07,pe_to_revenue_growth,4.144245701601145
HAS,2026-08-07,pe_to_revenue_growth,0.9847654833341074
HBAN,2026-08-07,pe_to_revenue_growth,0.8977314978759334
HCA,2026-08-07,pe_to_revenue_growth,2.054414173328372
HD,2026-08-07,pe_to_revenue_growth,11.263264761497032
HIG,2026-08-07,pe_to_revenue_growth,1.8736155820373928
HII,2026-08-07,pe_to_revenue_growth,1.383246120992701
HLT,2026-08-07,pe_to_revenue_growth,5.26387986721653
HON,2026-08-07,pe_to_revenue_growth,1.8922825268980705
HOOD,2026-08-07,pe_to_revenue_growth,1.0677360244388814
HPE,2026-08-07,pe_to_revenue_growth,2.1623980362343733
HPQ,2026-08-07,pe_to_revenue_growth,1.8840594346943214
HRL,2026-08-07,pe_to_revenue_growth,11.964519551778759
HSIC,2026-08-07,pe_to_revenue_growth,3.6661137777113564
HST,2026-08-07,pe_to_revenue_growth,3.1738762446479285
HSY,2026-08-07,pe_to_revenue_growth,5.451108259137305
HUBB,2026-08-07,pe_to_revenue_growth,4.235995727697185
HUM,2026-08-07,pe_to_revenue_growth,2.9090674296511088
HWM,2026-08-07,pe_to_revenue_growth,3.3834986019841353
IBKR,2026-08-07,pe_to_revenue_growth,1.6394096615755278
IBM,2026-08-07,pe_to_revenue_growth,2.6518702073850267
ICE,2026-08-07,pe_to_revenue_growth,3.040079157976289
IDXX,2026-08-07,pe_to_revenue_growth,3.1994393229210503
IEX,2026-08-07,pe_to_revenue_growth,4.5804938938691695
INCY,2026-08-07,pe_to_revenue_growth,0.8127181763526982
INTU,2026-08-07,pe_to_revenue_growth,1.2994182109559902
INVH,2026-08-07,pe_to_revenue_growth,4.062646486892245
IQV,2026-08-07,pe_to_revenue_growth,3.958698853315095
IR,2026-08-07,pe_to_revenue_growth,4.548341440744047
IRM,2026-08-07,pe_to_revenue_growth,4.982600971576561
ISRG,2026-08-07,pe_to_revenue_growth,2.080137974938936
ITW,2026-08-07,pe_to_revenue_growth,6.191221397723821
J,2026-08-07,pe_to_revenue_growth,2.5510545527013173
JBHT,2026-08-07,pe_to_revenue_growth,7.124742042836625
JBL,2026-08-07,pe_to_revenue_growth,2.3824696412214164
JCI,2026-08-07,pe_to_revenue_growth,5.224281174647207
JKHY,2026-08-07,pe_to_revenue_growth,2.5581568324044732
JNJ,2026-08-07,pe_to_revenue_growth,3.7014803883332803
JPM,2026-08-07,pe_to_revenue_growth,1.0968127831635957
KDP,2026-08-07,pe_to_revenue_growth,2.437832939487036
KEY,2026-08-07,pe_to_revenue_growth,0.23675431514998174
KEYS,2026-08-07,pe_to_revenue_growth,2.907357318475777
KIM,2026-08-07,pe_to_revenue_growth,6.468308977550264
KKR,2026-08-07,pe_to_revenue_growth,0.9445175758298066
KLAC,2026-08-07,pe_to_revenue_growth,4.612529365947767
KMI,2026-08-07,pe_to_revenue_growth,1.4512443285135628
KO,2026-08-07,pe_to_revenue_growth,5.368188912449731
L,2026-08-07,pe_to_revenue_growth,2.746975148537208
LDOS,2026-08-07,pe_to_revenue_growth,3.5663353156354525
LH,2026-08-07,pe_to_revenue_growth,4.070261243408529
LHX,2026-08-07,pe_to_revenue_growth,5.396909734702135
LIN,2026-08-07,pe_to_revenue_growth,4.731258824133503
LITE,2026-08-07,pe_to_revenue_growth,2.8283442441876634
LLY,2026-08-07,pe_to_revenue_growth,0.7976421420733806
LMT,2026-08-07,pe_to_revenue_growth,2.9973105961341733
LNT,2026-08-07,pe_to_revenue_growth,2.6275785804972394
LOW,2026-08-07,pe_to_revenue_growth,3.006919582822176
LRCX,2026-08-07,pe_to_revenue_growth,2.186170652778339
LULU,2026-08-07,pe_to_revenue_growth,2.381333477423883
LUV,2026-08-07,pe_to_revenue_growth,2.9260034346107924
LVS,2026-08-07,pe_to_revenue_growth,0.9591380952485792
MA,2026-08-07,pe_to_revenue_growth,1.906562992467618
MAR,2026-08-07,pe_to_revenue_growth,7.691268253914619
MCD,2026-08-07,pe_to_revenue_growth,3.5156293070997005
MCHP,2026-08-07,pe_to_revenue_growth,4.675694310419954
MCK,2026-08-07,pe_to_revenue_growth,2.5990838598409427
MCO,2026-08-07,pe_to_revenue_growth,2.537056073460604
MDLZ,2026-08-07,pe_to_revenue_growth,3.9699784088663845
MDT,2026-08-07,pe_to_revenue_growth,2.7484089827535034
MET,2026-08-07,pe_to_revenue_growth,1.2128693732034883
META,2026-08-07,pe_to_revenue_growth,0.8192805977309747
MGM,2026-08-07,pe_to_revenue_growth,8.423123729436263
MKC,2026-08-07,pe_to_revenue_growth,0.9235139152391362
MLM,2026-08-07,pe_to_revenue_growth,0.9044765369447086
MMM,2026-08-07,pe_to_revenue_growth,13.580905719098618
MNST,2026-08-07,pe_to_revenue_growth,2.0682065409697112
MPC,2026-08-07,pe_to_revenue_growth,0.6751602398190675
MPWR,2026-08-07,pe_to_revenue_growth,2.9755374288663807
MRK,2026-08-07,pe_to_revenue_growth,12.321996267784474
MRSH,2026-08-07,pe_to_revenue_growth,2.7883974347996956
MRVL,2026-08-07,pe_to_revenue_growth,2.2488345129990757
MS,2026-08-07,pe_to_revenue_growth,0.9310198003207195
MSCI,2026-08-07,pe_to_revenue_growth,2.5941628524802023
MSFT,2026-08-07,pe_to_revenue_growth,1.5643437171004004
MSI,2026-08-07,pe_to_revenue_growth,3.587742354343075
MTB,2026-08-07,pe_to_revenue_growth,2.1054836089897977
MTD,2026-08-07,pe_to_revenue_growth,4.588462530048766
MU,2026-08-07,pe_to_revenue_growth,0.11840726064978523
NCLH,2026-08-07,pe_to_revenue_growth,1.8962374971265625
NDAQ,2026-08-07,pe_to_revenue_growth,3.57910437063948
NDSN,2026-08-07,pe_to_revenue_growth,4.4803898492136645
NEE,2026-08-07,pe_to_revenue_growth,2.599320784846636
NEM,2026-08-07,pe_to_revenue_growth,0.5532648268353264
NFLX,2026-08-07,pe_to_revenue_growth,1.448032641043063
NI,2026-08-07,pe_to_revenue_growth,1.3420995666734017
NOC,2026-08-07,pe_to_revenue_growth,3.0619673716680684
NOW,2026-08-07,pe_to_revenue_growth,3.463867244543144
NRG,2026-08-07,pe_to_revenue_growth,2.424818295159634
NSC,2026-08-07,pe_to_revenue_growth,9.669106008811287
NTAP,2026-08-07,pe_to_revenue_growth,5.582255440159144
NTRS,2026-08-07,pe_to_revenue_growth,1.0135910285552348
NUE,2026-08-07,pe_to_revenue_growth,2.1803992249882564
NVDA,2026-08-07,pe_to_revenue_growth,0.480597057663638
NWS,2026-08-07,pe_to_revenue_growth,4.662426485359711
NWSA,2026-08-07,pe_to_revenue_growth,4.089007371533843
NXPI,2026-08-07,pe_to_revenue_growth,9.61845952549837
O,2026-08-07,pe_to_revenue_growth,4.251492010387544
OKE,2026-08-07,pe_to_revenue_growth,0.3680096577648315
OMC,2026-08-07,pe_to_revenue_growth,15.651320085592927
ORCL,2026-08-07,pe_to_revenue_growth,1.4241336042143367
ORLY,2026-08-07,pe_to_revenue_growth,3.8176074067748913
OTIS,2026-08-07,pe_to_revenue_growth,3.5623484784994104
PANW,2026-08-07,pe_to_revenue_growth,17.640415694832555
PAYX,2026-08-07,pe_to_revenue_growth,1.4820968914480084
PCG,2026-08-07,pe_to_revenue_growth,2.3059440486993283
PEG,2026-08-07,pe_to_revenue_growth,1.4817103374430498
PEP,2026-08-07,pe_to_revenue_growth,3.2390608215560404
PG,2026-08-07,pe_to_revenue_growth,6.736233749817631
PGR,2026-08-07,pe_to_revenue_growth,1.0212260749553241
PH,2026-08-07,pe_to_revenue_growth,6.59720387235513
PKG,2026-08-07,pe_to_revenue_growth,3.1892542475616206
PLD,2026-08-07,pe_to_revenue_growth,5.349765432341792
PLTR,2026-08-07,pe_to_revenue_growth,1.8284383291832658
PM,2026-08-07,pe_to_revenue_growth,3.0420537188524275
PNC,2026-08-07,pe_to_revenue_growth,1.0487922571692874
PNR,2026-08-07,pe_to_revenue_growth,5.501766557579204
PNW,2026-08-07,pe_to_revenue_growth,3.4773409726873084
PODD,2026-08-07,pe_to_revenue_growth,0.8842691784759514
PPG,2026-08-07,pe_to_revenue_growth,6.01294468980022
PPL,2026-08-07,pe_to_revenue_growth,2.639364659642794
PRU,2026-08-07,pe_to_revenue_growth,1.1553035329262478
PSA,2026-08-07,pe_to_revenue_growth,9.516959945218238
PSX,2026-08-07,pe_to_revenue_growth,0.8021369223072946
PTC,2026-08-07,pe_to_revenue_growth,0.7070077583264581
PWR,2026-08-07,pe_to_revenue_growth,2.9128643328087898
PYPL,2026-08-07,pe_to_revenue_growth,1.8506976746478296
RCL,2026-08-07,pe_to_revenue_growth,1.9945025038478135
RDDT,2026-08-07,pe_to_revenue_growth,0.5541772927745304
REG,2026-08-07,pe_to_revenue_growth,3.3222113182502566
REGN,2026-08-07,pe_to_revenue_growth,2.0612902380365608
RF,2026-08-07,pe_to_revenue_growth,2.729804186463151
RJF,2026-08-07,pe_to_revenue_growth,1.446768595382646
RL,2026-08-07,pe_to_revenue_growth,1.6925639447457148
RMD,2026-08-07,pe_to_revenue_growth,1.952993771374933
ROK,2026-08-07,pe_to_revenue_growth,3.6264803061045634
ROL,2026-08-07,pe_to_revenue_growth,3.417680853598416
ROP,2026-08-07,pe_to_revenue_growth,1.475135307837428
ROST,2026-08-07,pe_to_revenue_growth,2.9837192165886877
RSG,2026-08-07,pe_to_revenue_growth,9.363369795667301
RTX,2026-08-07,pe_to_revenue_growth,3.316409516646956
RVTY,2026-08-07,pe_to_revenue_growth,11.150673986239601
SBAC,2026-08-07,pe_to_revenue_growth,3.6441587010091854
SBUX,2026-08-07,pe_to_revenue_growth,13.660793233257218
SCHW,2026-08-07,pe_to_revenue_growth,0.9418395926154204
SHW,2026-08-07,pe_to_revenue_growth,5.855648574164324
SMCI,2026-08-07,pe_to_revenue_growth,0.3060275513427769
SNA,2026-08-07,pe_to_revenue_growth,5.019510135559797
SNPS,2026-08-07,pe_to_revenue_growth,2.581628433282904
SO,2026-08-07,pe_to_revenue_growth,2.8816612868207567
SOFI,2026-08-07,pe_to_revenue_growth,0.952736038974333
SPG,2026-08-07,pe_to_revenue_growth,1.407252906752716
SPGI,2026-08-07,pe_to_revenue_growth,2.95888847680774
SRE,2026-08-07,pe_to_revenue_growth,9.205211557484285
STE,2026-08-07,pe_to_revenue_growth,3.4247982213497536
STLD,2026-08-07,pe_to_revenue_growth,1.184101184855199
STT,2026-08-07,pe_to_revenue_growth,1.223187828736369
STX,2026-08-07,pe_to_revenue_growth,1.7221718588592367
SYF,2026-08-07,pe_to_revenue_growth,2.544071706439483
SYK,2026-08-07,pe_to_revenue_growth,4.127194108423719
SYY,2026-08-07,pe_to_revenue_growth,6.7558722399946545
T,2026-08-07,pe_to_revenue_growth,2.925203728396619
TDG,2026-08-07,pe_to_revenue_growth,1.9989021012810941
TDY,2026-08-07,pe_to_revenue_growth,4.19301329552464
TEL,2026-08-07,pe_to_revenue_growth,1.2690270015550054
TER,2026-08-07,pe_to_revenue_growth,0.8994153131936707
TFC,2026-08-07,pe_to_revenue_growth,2.875703120937376
TJX,2026-08-07,pe_to_revenue_growth,3.8904135096021046
TKO,2026-08-07,pe_to_revenue_growth,12.199400804076067
TMO,2026-08-07,pe_to_revenue_growth,4.310716869178204
TMUS,2026-08-07,pe_to_revenue_growth,1.8726889302912388
TPL,2026-08-07,pe_to_revenue_growth,2.1385110730803842
TPR,2026-08-07,pe_to_revenue_growth,3.6146387448683552
TRMB,2026-08-07,pe_to_revenue_growth,9.432321730373824
TROW,2026-08-07,pe_to_revenue_growth,1.576297685656105
TRV,2026-08-07,pe_to_revenue_growth,4.149848184077145
TSCO,2026-08-07,pe_to_revenue_growth,2.408796199051737
TSLA,2026-08-07,pe_to_revenue_growth,25.925136036848798
TSN,2026-08-07,pe_to_revenue_growth,12.588101627141645
TT,2026-08-07,pe_to_revenue_growth,5.167231119241511
TTD,2026-08-07,pe_to_revenue_growth,1.370324128716143
TXN,2026-08-07,pe_to_revenue_growth,2.597095522510215
TXT,2026-08-07,pe_to_revenue_growth,1.8886918471744145
TYL,2026-08-07,pe_to_revenue_growth,4.857980275463667
UAL,2026-08-07,pe_to_revenue_growth,1.425810941266034
UBER,2026-08-07,pe_to_revenue_growth,0.9556276659861656
UDR,2026-08-07,pe_to_revenue_growth,12.030244528713457
UHS,2026-08-07,pe_to_revenue_growth,0.6736763165153371
ULTA,2026-08-07,pe_to_revenue_growth,1.8382151890478808
UNH,2026-08-07,pe_to_revenue_growth,3.1980861225578523
UNP,2026-08-07,pe_to_revenue_growth,5.712987319054914
URI,2026-08-07,pe_to_revenue_growth,14.321646178918744
USB,2026-08-07,pe_to_revenue_growth,1.8236302799725141
VEEV,2026-08-07,pe_to_revenue_growth,2.47119352957934
VICI,2026-08-07,pe_to_revenue_growth,2.408584919100234
VLO,2026-08-07,pe_to_revenue_growth,0.963884051752809
VLTO,2026-08-07,pe_to_revenue_growth,4.239081103573839
VMC,2026-08-07,pe_to_revenue_growth,4.524252461657374
VRSK,2026-08-07,pe_to_revenue_growth,4.889823939054313
VRSN,2026-08-07,pe_to_revenue_growth,4.559780979194588
VRT,2026-08-07,pe_to_revenue_growth,2.367892053114166
VRTX,2026-08-07,pe_to_revenue_growth,2.8025794295204887
VST,2026-08-07,pe_to_revenue_growth,1.373684622191169
VTR,2026-08-07,pe_to_revenue_growth,8.181515428232967
WAB,2026-08-07,pe_to_revenue_growth,2.9210478533678796
WDAY,2026-08-07,pe_to_revenue_growth,4.008022621142591
WDC,2026-08-07,pe_to_revenue_growth,0.8030264953055166
WEC,2026-08-07,pe_to_revenue_growth,2.349980098527248
WELL,2026-08-07,pe_to_revenue_growth,3.2486665631953673
WFC,2026-08-07,pe_to_revenue_growth,1.9052787222649887
WM,2026-08-07,pe_to_revenue_growth,4.479088053262556
WMB,2026-08-07,pe_to_revenue_growth,2.7733522369982984
WMT,2026-08-07,pe_to_revenue_growth,6.724063557532095
WRB,2026-08-07,pe_to_revenue_growth,3.4141345789797346
WST,2026-08-07,pe_to_revenue_growth,3.6084726154332896
WTW,2026-08-07,pe_to_revenue_growth,6.826326570090607
WYNN,2026-08-07,pe_to_revenue_growth,3.700526941672438
XEL,2026-08-07,pe_to_revenue_growth,4.619794438879626
XYL,2026-08-07,pe_to_revenue_growth,6.170083050388454
XYZ,2026-08-07,pe_to_revenue_growth,26.408650628929642
YUM,2026-08-07,pe_to_revenue_growth,1.8306919344489048
ZBH,2026-08-07,pe_to_revenue_growth,2.665487015193824
ZBRA,2026-08-07,pe_to_revenue_growth,2.65966633840909
A,2026-08-07,dividend_yield,0.0069446362004694185
AAPL,2026-08-07,dividend_yield,0.0033662477558348293
ABBV,2026-08-07,dividend_yield,0.027882103200522534
ABT,2026-08-07,dividend_yield,0.02275800960686471
ACGL,2026-08-07,dividend_yield,0.050625221485344
ACN,2026-08-07,dividend_yield,0.036552476042921896
ADI,2026-08-07,dividend_yield,0.010438707857243618
ADM,2026-08-07,dividend_yield,0.026814188089814513
ADP,2026-08-07,dividend_yield,0.024563480319621186
AEE,2026-08-07,dividend_yield,0.02679636597228595
AEP,2026-08-07,dividend_yield,0.013627669748167037
AES,2026-08-07,dividend_yield,0.047845003399048264
AFL,2026-08-07,dividend_yield,0.019079685746352413
AIG,2026-08-07,dividend_yield,0.02328801611278953
AIZ,2026-08-07,dividend_yield,0.011780418478819218
AJG,2026-08-07,dividend_yield,0.010860820595333871
ALB,2026-08-07,dividend_yield,0.01252803340808909
ALL,2026-08-07,dividend_yield,0.015452815792777743
ALLE,2026-08-07,dividend_yield,0.012473838770926777
AMAT,2026-08-07,dividend_yield,0.0035503178556823673
AMGN,2026-08-07,dividend_yield,0.018177809353487347
AMP,2026-08-07,dividend_yield,0.00959927552637537
AMT,2026-08-07,dividend_yield,0.039499288431936334
AON,2026-08-07,dividend_yield,0.008539244186046513
AOS,2026-08-07,dividend_yield,0.022250078345346286
APD,2026-08-07,dividend_yield,0.02387347060578932
APH,2026-08-07,dividend_yield,0.0054326045331077166
APO,2026-08-07,dividend_yield,0.015907673112913287
APTV,2026-08-07,dividend_yield,0.0
ARE,2026-08-07,dividend_yield,0.0700553598389532
ARES,2026-08-07,dividend_yield,0.03589920607525027
AVB,2026-08-07,dividend_yield,0.03773383217530732
AVGO,2026-08-07,dividend_yield,0.005834607693212563
AVY,2026-08-07,dividend_yield,0.021507797984347727
AXP,2026-08-07,dividend_yield,0.010402433111473531
BAC,2026-08-07,dividend_yield,0.017745385407589322
BALL,2026-08-07,dividend_yield,0.012646221941195069
BAX,2026-08-07,dividend_yield,0.007239819004524887
BBY,2026-08-07,dividend_yield,0.04662261380323054
BEN,2026-08-07,dividend_yield,0.03870586497266953
BF-B,2026-08-07,dividend_yield,0.09774040987913821
BG,2026-08-07,dividend_yield,0.025699862322166128
BLK,2026-08-07,dividend_yield,0.0191607117836626
BMY,2026-08-07,dividend_yield,0.038960031043849444
BNY,2026-08-07,dividend_yield,0.013407114624505929
BR,2026-08-07,dividend_yield,0.02346146904890814
BRO,2026-08-07,dividend_yield,0.009115131117655308
BX,2026-08-07,dividend_yield,0.03454432824399665
C,2026-08-07,dividend_yield,0.01719346351947234
CAG,2026-08-07,dividend_yield,0.09327053117567506
CASY,2026-08-07,dividend_yield,0.002001054447852761
CB,2026-08-07,dividend_yield,0.011064533607094987
CBOE,2026-08-07,dividend_yield,0.01003606711619884
CCI,2026-08-07,dividend_yield,0.05629472568248079
CDW,2026-08-07,dividend_yield,0.01840468349798756
CFG,2026-08-07,dividend_yield,0.024776324845147964
CHD,2026-08-07,dividend_yield,0.011753278290432248
CHRW,2026-08-07,dividend_yield,0.016821365144254936
CI,2026-08-07,dividend_yield,0.021792369121561666
CINF,2026-08-07,dividend_yield,0.02041506880216558
CL,2026-08-07,dividend_yield,0.022495982860203538
CLX,2026-08-07,dividend_yield,0.04694524632057167
CMCSA,2026-08-07,dividend_yield,0.051856216853270486
CMI,2026-08-07,dividend_yield,0.012424482442653248
CMS,2026-08-07,dividend_yield,0.03132038288288287
CNP,2026-08-07,dividend_yield,0.02183781131149552
COF,2026-08-07,dividend_yield,0.012876523338698551
COO,2026-08-07,dividend_yield,0.0008099352051835853
COP,2026-08-07,dividend_yield,0.02799932122857628
COR,2026-08-07,dividend_yield,0.007277794982966864
COST,2026-08-07,dividend_yield,0.00569145328132949
CPB,2026-08-07,dividend_yield,0.06729939603106126
CPT,2026-08-07,dividend_yield,0.037789916718903915
CRH,2026-08-07,dividend_yield,0.01515302562057621
CRM,2026-08-07,dividend_yield,0.008831223187192634
CSCO,2026-08-07,dividend_yield,0.013624540687832873
CSX,2026-08-07,dividend_yield,0.01071641198650526
CTAS,2026-08-07,dividend_yield,0.008601937907850505
CTSH,2026-08-07,dividend_yield,0.021827631009094847
CTVA,2026-08-07,dividend_yield,0.009378663540445486
CVS,2026-08-07,dividend_yield,0.02785923753665689
CVX,2026-08-07,dividend_yield,0.0373661670235546
D,2026-08-07,dividend_yield,0.039576076484102864
DE,2026-08-07,dividend_yield,0.010418341425769318
DELL,2026-08-07,dividend_yield,0.004896083133493205
DG,2026-08-07,dividend_yield,0.018625207165969538
DGX,2026-08-07,dividend_yield,0.013916250995514945
DHI,2026-08-07,dividend_yield,0.011641056342712697
DIS,2026-08-07,dividend_yield,0.03348235517930182
DOC,2026-08-07,dividend_yield,0.057276995305164315
DOV,2026-08-07,dividend_yield,0.009822672428041839
DOW,2026-08-07,dividend_yield,0.05887300252312868
DPZ,2026-08-07,dividend_yield,0.02128752425522201
DRI,2026-08-07,dividend_yield,0.02796029637914162
DUK,2026-08-07,dividend_yield,0.03395531352606711
DVN,2026-08-07,dividend_yield,0.02411873840445269
ECL,2026-08-07,dividend_yield,0.009988130302897085
EFX,2026-08-07,dividend_yield,0.011722421896599392
EG,2026-08-07,dividend_yield,0.021418149204181895
EIX,2026-08-07,dividend_yield,0.04987932421560741
EL,2026-08-07,dividend_yield,0.015828151498021477
ELV,2026-08-07,dividend_yield,0.017394832264117453
EME,2026-08-07,dividend_yield,0.0015793613912958966
EMR,2026-08-07,dividend_yield,0.013814939667937367
EOG,2026-08-07,dividend_yield,0.022609723658933056
EQIX,2026-08-07,dividend_yield,0.018873980254175988
EQR,2026-08-07,dividend_yield,0.041672890216579536
EQT,2026-08-07,dividend_yield,0.012633107454017427
ESS,2026-08-07,dividend_yield,0.035963200446055194
ETN,2026-08-07,dividend_yield,0.009531232602160116
ETR,2026-08-07,dividend_yield,0.02311169097432552
EVRG,2026-08-07,dividend_yield,0.032615200478755234
EXC,2026-08-07,dividend_yield,0.035460216701324286
EXR,2026-08-07,dividend_yield,0.04341708542713568
F,2026-08-07,dividend_yield,0.0427807486631016
FANG,2026-08-07,dividend_yield,0.022105038883562373
FAST,2026-08-07,dividend_yield,0.017805302883684922
FCX,2026-08-07,dividend_yield,0.008634957185003957
FDS,2026-08-07,dividend_yield,0.015824581322736307
FDX,2026-08-07,dividend_yield,0.018273471959672338
FE,2026-08-07,dividend_yield,0.0379386658235852
FICO,2026-08-07,dividend_yield,0.0001170863072442274
FIS,2026-08-07,dividend_yield,0.05825698848954663
FITB,2026-08-07,dividend_yield,0.028067713358477325
FIX,2026-08-07,dividend_yield,0.0015305912202932845
FRT,2026-08-07,dividend_yield,0.037896691424713025
FSLR,2026-08-07,dividend_yield,0.0
GE,2026-08-07,dividend_yield,0.004479222881813275
GEHC,2026-08-07,dividend_yield,0.0019636720667648502
GEN,2026-08-07,dividend_yield,0.01712622024319233
GILD,2026-08-07,dividend_yield,0.02413612173000525
GIS,2026-08-07,dividend_yield,0.06670311645708038
GL,2026-08-07,dividend_yield,0.00652439853201033
GM,2026-08-07,dividend_yield,0.007535106747345586
GOOG,2026-08-07,dividend_yield,0.0024060235507246375
GOOGL,2026-08-07,dividend_yield,0.002399841892769417
GPC,2026-08-07,dividend_yield,0.031000000000000003
GPN,2026-08-07,dividend_yield,0.011797322007904206
GS,2026-08-07,dividend_yield,0.016371025211378825
GWW,2026-08-07,dividend_yield,0.007235799645625345
HAS,2026-08-07,dividend_yield,0.03014967158393453
HBAN,2026-08-07,dividend_yield,0.03541845187089403
HCA,2026-08-07,dividend_yield,0.007115456756658639
HD,2026-08-07,dividend_yield,0.026069395997796948
HIG,2026-08-07,dividend_yield,0.016180778351234486
HII,2026-08-07,dividend_yield,0.01697942520470414
HLT,2026-08-07,dividend_yield,0.0018864365214110545
HON,2026-08-07,dividend_yield,0.02401337247227658
HPE,2026-08-07,dividend_yield,0.010227165614101233
HRL,2026-08-07,dividend_yield,0.04655344655344655
HST,2026-08-07,dividend_yield,0.07144385026737968
HUBB,2026-08-07,dividend_yield,0.01060843641713611
HUM,2026-08-07,dividend_yield,0.009225116291190535
HWM,2026-08-07,dividend_yield,0.0016858372113442795
IBM,2026-08-07,dividend_yield,0.028570822100995513
ICE,2026-08-07,dividend_yield,0.013275804845668768
IFF,2026-08-07,dividend_yield,0.01880582980724025
INTC,2026-08-07,dividend_yield,0.0038596664852293535
INTU,2026-08-07,dividend_yield,0.01426309884266019
INVH,2026-08-07,dividend_yield,0.039099720716280595
IP,2026-08-07,dividend_yield,0.04425307977514652
IRM,2026-08-07,dividend_yield,0.027941419824590433
ITW,2026-08-07,dividend_yield,0.021735461878564916
IVZ,2026-08-07,dividend_yield,0.02668561503237012
J,2026-08-07,dividend_yield,0.009298509503623684
JBL,2026-08-07,dividend_yield,0.0009321836401771149
JCI,2026-08-07,dividend_yield,0.010252056941360848
JKHY,2026-08-07,dividend_yield,0.01508537681345487
JNJ,2026-08-07,dividend_yield,0.020379589296826386
JPM,2026-08-07,dividend_yield,0.01675413722476094
KDP,2026-08-07,dividend_yield,0.030569862103339427
KEY,2026-08-07,dividend_yield,0.03605187953396351
KHC,2026-08-07,dividend_yield,0.06337888690829867
KIM,2026-08-07,dividend_yield,0.042100960555896176
KKR,2026-08-07,dividend_yield,0.012637389241272454
KMB,2026-08-07,dividend_yield,0.04650353811367735
KMI,2026-08-07,dividend_yield,0.03824339653216658
KO,2026-08-07,dividend_yield,0.02366591992647481
KVUE,2026-08-07,dividend_yield,0.043262965858743806
L,2026-08-07,dividend_yield,0.0021667533368001386
LDOS,2026-08-07,dividend_yield,0.012320478238681926
LEN,2026-08-07,dividend_yield,0.01704981387286522
LH,2026-08-07,dividend_yield,0.009027505681372934
LHX,2026-08-07,dividend_yield,0.01708924772433997
LII,2026-08-07,dividend_yield,0.00701195219123506
LIN,2026-08-07,dividend_yield,0.01267530768287198
LMT,2026-08-07,dividend_yield,0.023262551552540988
LOW,2026-08-07,dividend_yield,0.021565279899362026
LRCX,2026-08-07,dividend_yield,0.0032639079642585926
LUV,2026-08-07,dividend_yield,0.015314261405934275
LVS,2026-08-07,dividend_yield,0.024048972452995192
LYB,2026-08-07,dividend_yield,0.06824581745900282
MA,2026-08-07,dividend_yield,0.005996121203494476
MAS,2026-08-07,dividend_yield,0.016168671581942826
MCD,2026-08-07,dividend_yield,0.0268355909306656
MCHP,2026-08-07,dividend_yield,0.021401693320790217
MCK,2026-08-07,dividend_yield,0.0037047913795829846
MCO,2026-08-07,dividend_yield,0.008305577806821536
MDLZ,2026-08-07,dividend_yield,0.03140443169137574
MDT,2026-08-07,dividend_yield,0.032900834105653386
MET,2026-08-07,dividend_yield,0.023517361466762268
META,2026-08-07,dividend_yield,0.0035561570541201393
MGM,2026-08-07,dividend_yield,0.0002249212775528565
MKC,2026-08-07,dividend_yield,0.035130796109169894
MLM,2026-08-07,dividend_yield,0.006063373207926217
MMM,2026-08-07,dividend_yield,0.016498224528817263
MO,2026-08-07,dividend_yield,0.0619339760444055
MOS,2026-08-07,dividend_yield,0.03739130434782609
MPC,2026-08-07,dividend_yield,0.013100144068080544
MPWR,2026-08-07,dividend_yield,0.005127337277254282
MRK,2026-08-07,dividend_yield,0.02581247084434769
MRSH,2026-08-07,dividend_yield,0.018779342723004695
MRVL,2026-08-07,dividend_yield,0.001107317523299806
MS,2026-08-07,dividend_yield,0.01858045336306206
MSCI,2026-08-07,dividend_yield,0.013712535394368957
MSFT,2026-08-07,dividend_yield,0.007288965427475796
MSI,2026-08-07,dividend_yield,0.010013471513582891
MTB,2026-08-07,dividend_yield,0.023962618315427935
MU,2026-08-07,dividend_yield,0.0005679927480521865
NDAQ,2026-08-07,dividend_yield,0.011804384485666106
NDSN,2026-08-07,dividend_yield,0.01042957621799102
NEE,2026-08-07,dividend_yield,0.027465905187322264
NI,2026-08-07,dividend_yield,0.027553998832457672
NKE,2026-08-07,dividend_yield,0.039084042680733726
NOC,2026-08-07,dividend_yield,0.016470134739719307
NRG,2026-08-07,dividend_yield,0.025957251781175784
NSC,2026-08-07,dividend_yield,0.016036587176669732
NTAP,2026-08-07,dividend_yield,0.010927526333762379
NTRS,2026-08-07,dividend_yield,0.017271623262717584
NUE,2026-08-07,dividend_yield,0.008163565492388027
NVDA,2026-08-07,dividend_yield,0.0001799370220422852
NXPI,2026-08-07,dividend_yield,0.0170062893081761
O,2026-08-07,dividend_yield,0.051725790987535956
ODFL,2026-08-07,dividend_yield,0.00532262582874218
OKE,2026-08-07,dividend_yield,0.04832029452369996
OMC,2026-08-07,dividend_yield,0.035178236397748586
ORCL,2026-08-07,dividend_yield,0.013803575125957625
OTIS,2026-08-07,dividend_yield,0.023019634394041977
OXY,2026-08-07,dividend_yield,0.01783803068141277
PAYX,2026-08-07,dividend_yield,0.03711616605923505
PCAR,2026-08-07,dividend_yield,0.020723037361972473
PEG,2026-08-07,dividend_yield,0.03438925996957873
PEP,2026-08-07,dividend_yield,0.04136082325849165
PFE,2026-08-07,dividend_yield,0.06479563006215859
PFG,2026-08-07,dividend_yield,0.02752858399296394
PG,2026-08-07,dividend_yield,0.029266767454645404
PGR,2026-08-07,dividend_yield,0.0647974845523263
PH,2026-08-07,dividend_yield,0.006661577961279579
PKG,2026-08-07,dividend_yield,0.020474221979564774
PLD,2026-08-07,dividend_yield,0.029373835793093567
PM,2026-08-07,dividend_yield,0.03106016586551159
PNC,2026-08-07,dividend_yield,0.026939228270343077
POOL,2026-08-07,dividend_yield,0.024077819512664935
PPG,2026-08-07,dividend_yield,0.023524487233151942
PPL,2026-08-07,dividend_yield,0.0311704834605598
PRU,2026-08-07,dividend_yield,0.045074577938042946
PSA,2026-08-07,dividend_yield,0.03667257502597641
PSX,2026-08-07,dividend_yield,0.024207972949795407
PWR,2026-08-07,dividend_yield,0.0006383089266761177
QCOM,2026-08-07,dividend_yield,0.02154473984276541
RCL,2026-08-07,dividend_yield,0.013225249334847753
REG,2026-08-07,dividend_yield,0.03796645429723053
REGN,2026-08-07,dividend_yield,0.0046547314578005115
RF,2026-08-07,dividend_yield,0.033668536435073726
RJF,2026-08-07,dividend_yield,0.011934249043008332
RL,2026-08-07,dividend_yield,0.009383630429324628
RMD,2026-08-07,dividend_yield,0.011128358208955224
ROK,2026-08-07,dividend_yield,0.012343162567377813
ROL,2026-08-07,dividend_yield,0.019060995184590687
ROP,2026-08-07,dividend_yield,0.008915155764800162
ROST,2026-08-07,dividend_yield,0.006509803921568628
RSG,2026-08-07,dividend_yield,0.011737089201877934
RTX,2026-08-07,dividend_yield,0.012665049851791968
RVTY,2026-08-07,dividend_yield,0.002449479485609308
SBUX,2026-08-07,dividend_yield,0.023301700648313443
SCHW,2026-08-07,dividend_yield,0.010522395008846263
SJM,2026-08-07,dividend_yield,0.03661479570608305
SNA,2026-08-07,dividend_yield,0.022841138193715062
SO,2026-08-07,dividend_yield,0.03186907838070628
SOFI,2026-08-07,dividend_yield,0.0
SPG,2026-08-07,dividend_yield,0.03901228999887249
SPGI,2026-08-07,dividend_yield,0.009497261828407913
SRE,2026-08-07,dividend_yield,0.03064000946409559
STE,2026-08-07,dividend_yield,0.010381937117535345
STLD,2026-08-07,dividend_yield,0.007915465898174831
STT,2026-08-07,dividend_yield,0.018112719333710683
STX,2026-08-07,dividend_yield,0.003605371709531143
SW,2026-08-07,dividend_yield,0.036544850498338874
SWK,2026-08-07,dividend_yield,0.03192461176018078
SWKS,2026-08-07,dividend_yield,0.040910400460962254
SYF,2026-08-07,dividend_yield,0.015313935681470138
SYK,2026-08-07,dividend_yield,0.010296467246582636
SYY,2026-08-07,dividend_yield,0.025772580837608874
T,2026-08-07,dividend_yield,0.04657016991818754
TAP,2026-08-07,dividend_yield,0.043233298838680004
TECH,2026-08-07,dividend_yield,0.004433361041839844
TEL,2026-08-07,dividend_yield,0.013800136056374947
TER,2026-08-07,dividend_yield,0.0013170025023047545
TFC,2026-08-07,dividend_yield,0.039615274735739454
TGT,2026-08-07,dividend_yield,0.03066267693238745
TJX,2026-08-07,dividend_yield,0.010830659096519377
TKO,2026-08-07,dividend_yield,0.02061085006407518
TMO,2026-08-07,dividend_yield,0.0030682166842805033
TMUS,2026-08-07,dividend_yield,0.023067789902188048
TPR,2026-08-07,dividend_yield,0.00953494094488189
TRGP,2026-08-07,dividend_yield,0.016469038208168644
TROW,2026-08-07,dividend_yield,0.04510552411039446
TSCO,2026-08-07,dividend_yield,0.027381219396389753
TT,2026-08-07,dividend_yield,0.008488823395114257
TXN,2026-08-07,dividend_yield,0.019745625746609513
TXT,2026-08-07,dividend_yield,0.0008993311224776573
UDR,2026-08-07,dividend_yield,0.04495699765441751
UHS,2026-08-07,dividend_yield,0.004620538292711102
ULTA,2026-08-07,dividend_yield,0.001781118364220894
UNH,2026-08-07,dividend_yield,0.02159573948307031
UNP,2026-08-07,dividend_yield,0.018780301097218684
UPS,2026-08-07,dividend_yield,0.06273009801577814
URI,2026-08-07,dividend_yield,0.0062807781661668
USB,2026-08-07,dividend_yield,0.03251270027354435
V,2026-08-07,dividend_yield,0.005327985839152249
VICI,2026-08-07,dividend_yield,0.06750421901368836
VLO,2026-08-07,dividend_yield,0.015619757451311436
VMC,2026-08-07,dividend_yield,0.007000879507475814
VRSK,2026-08-07,dividend_yield,0.00959941884599419
VRSN,2026-08-07,dividend_yield,0.010820991353480011
VST,2026-08-07,dividend_yield,0.00641802146424397
VTR,2026-08-07,dividend_yield,0.021554046772281496
VTRS,2026-08-07,dividend_yield,0.02904689863842663
VZ,2026-08-07,dividend_yield,0.05960123680562959
WAB,2026-08-07,dividend_yield,0.0038169239682377403
WEC,2026-08-07,dividend_yield,0.03420625724217845
WFC,2026-08-07,dividend_yield,0.02066115702479339
WM,2026-08-07,dividend_yield,0.015549093848005412
WMB,2026-08-07,dividend_yield,0.0290738902283364
WMT,2026-08-07,dividend_yield,0.008890884598114055
WRB,2026-08-07,dividend_yield,0.02607543749564247
WSM,2026-08-07,dividend_yield,0.010968994575551954
WST,2026-08-07,dividend_yield,0.002457210642264023
WTW,2026-08-07,dividend_yield,0.010899498507116558
WY,2026-08-07,dividend_yield,0.03269118505545826
WYNN,2026-08-07,dividend_yield,0.009752291788570313
XEL,2026-08-07,dividend_yield,0.029864195147068284
XOM,2026-08-07,dividend_yield,0.026474442988204457
XYL,2026-08-07,dividend_yield,0.0137833686220783
YUM,2026-08-07,dividend_yield,0.01936082747646201
ZBH,2026-08-07,dividend_yield,0.009989594172736732
ACGL,2026-08-07,p_tbv,1.4271310225009535
AFL,2026-08-07,p_tbv,2.1721100555921997
AIG,2026-08-07,p_tbv,1.132734030664802
AIZ,2026-08-07,p_tbv,4.203976487787656
ALL,2026-08-07,p_tbv,2.225998332324068
AXP,2026-08-07,p_tbv,8.03479871054699
BAC,2026-08-07,p_tbv,1.901760709160372
BNY,2026-08-07,p_tbv,3.8409217575537893
C,2026-08-07,p_tbv,1.3082603846930272
CB,2026-08-07,p_tbv,2.532637623189374
CFG,2026-08-07,p_tbv,1.7034177836775595
COF,2026-08-07,p_tbv,1.5927312288828663
FITB,2026-08-07,p_tbv,2.1100438455414015
GL,2026-08-07,p_tbv,2.520720656840711
GS,2026-08-07,p_tbv,2.620088505159099
HBAN,2026-08-07,p_tbv,1.5371767006749826
HIG,2026-08-07,p_tbv,2.1843323869956652
HOOD,2026-08-07,p_tbv,9.380715789473685
JPM,2026-08-07,p_tbv,2.9574226765914746
KEY,2026-08-07,p_tbv,1.4304491420274552
L,2026-08-07,p_tbv,1.2659333583941605
MET,2026-08-07,p_tbv,3.477710918737783
MS,2026-08-07,p_tbv,3.410668386680642
MTB,2026-08-07,p_tbv,1.8628291088753144
NTRS,2026-08-07,p_tbv,2.6707460297490546
PFG,2026-08-07,p_tbv,2.3802663148338272
PGR,2026-08-07,p_tbv,4.917110537226077
PNC,2026-08-07,p_tbv,1.98685328756584
PRU,2026-08-07,p_tbv,1.3428894985326019
RF,2026-08-07,p_tbv,2.0498427822285192
RJF,2026-08-07,p_tbv,3.091850736702859
SCHW,2026-08-07,p_tbv,5.056469625750759
SOFI,2026-08-07,p_tbv,2.4459379227375795
STT,2026-08-07,p_tbv,2.527455159028122
SYF,2026-08-07,p_tbv,1.6413067479335652
TFC,2026-08-07,p_tbv,1.3655840536712796
TRV,2026-08-07,p_tbv,2.761406686435429
USB,2026-08-07,p_tbv,1.8387373574449242
WFC,2026-08-07,p_tbv,1.697197150961624
WRB,2026-08-07,p_tbv,2.759129323376731
AXP,2026-08-07,p_ppnr,11.606631955508334
BAC,2026-08-07,p_ppnr,8.97667723746034
BNY,2026-08-07,p_ppnr,13.52602968403303
C,2026-08-07,p_ppnr,8.398855165653142
CFG,2026-08-07,p_ppnr,9.340199526312576
COF,2026-08-07,p_ppnr,5.210137668424136
FITB,2026-08-07,p_ppnr,14.104583478438865
GS,2026-08-07,p_ppnr,12.128774258709136
HBAN,2026-08-07,p_ppnr,11.11482134793526
IBKR,2026-08-07,p_ppnr,7.340719526620613
JPM,2026-08-07,p_ppnr,9.816204841304213
KEY,2026-08-07,p_ppnr,8.215443421495957
MS,2026-08-07,p_ppnr,12.837910549675657
MTB,2026-08-07,p_ppnr,8.188125873194945
NTRS,2026-08-07,p_ppnr,11.354674106312599
PNC,2026-08-07,p_ppnr,9.975790412044374
RF,2026-08-07,p_ppnr,8.325779159178555
RJF,2026-08-07,p_ppnr,11.607042915095107
SOFI,2026-08-07,p_ppnr,30.45969733055484
STT,2026-08-07,p_ppnr,11.565717411785066
SYF,2026-08-07,p_ppnr,1.8272815181251345
TFC,2026-08-07,p_ppnr,7.434107904605934
USB,2026-08-07,p_ppnr,7.99421524938232
WFC,2026-08-07,p_ppnr,8.435014957010853
AFL,2026-08-07,p_core_earnings,13.058571971402715
AIG,2026-08-07,p_core_earnings,10.014166000057061
AIZ,2026-08-07,p_core_earnings,11.650217795611562
ALL,2026-08-07,p_core_earnings,5.573197069139511
CB,2026-08-07,p_core_earnings,11.889308072372792
CINF,2026-08-07,p_core_earnings,38.93380105779685
EG,2026-08-07,p_core_earnings,23.33072079382456
GL,2026-08-07,p_core_earnings,11.759049273150135
HIG,2026-08-07,p_core_earnings,8.939021371753467
MET,2026-08-07,p_core_earnings,18.314239411764706
PFG,2026-08-07,p_core_earnings,15.126886026036166
PGR,2026-08-07,p_core_earnings,11.700222774712918
PRU,2026-08-07,p_core_earnings,5.575009932459277
TRV,2026-08-07,p_core_earnings,9.802032455661415
A,2026-08-07,ev_ebitda_band_elevated,1.0
AAPL,2026-08-07,ev_ebitda_band_elevated,0.0
ABBV,2026-08-07,ev_ebitda_band_elevated,0.0
ABNB,2026-08-07,ev_ebitda_band_elevated,1.0
ABT,2026-08-07,ev_ebitda_band_elevated,0.0
ACN,2026-08-07,ev_ebitda_band_elevated,0.0
ADBE,2026-08-07,ev_ebitda_band_elevated,0.0
ADI,2026-08-07,ev_ebitda_band_elevated,0.0
ADSK,2026-08-07,ev_ebitda_band_elevated,1.0
AEE,2026-08-07,ev_ebitda_band_elevated,0.0
AEP,2026-08-07,ev_ebitda_band_elevated,0.0
AKAM,2026-08-07,ev_ebitda_band_elevated,0.0
ALB,2026-08-07,ev_ebitda_band_elevated,0.0
ALLE,2026-08-07,ev_ebitda_band_elevated,0.0
AMAT,2026-08-07,ev_ebitda_band_elevated,0.0
AMCR,2026-08-07,ev_ebitda_band_elevated,0.0
AMD,2026-08-07,ev_ebitda_band_elevated,1.0
AME,2026-08-07,ev_ebitda_band_elevated,0.0
AMGN,2026-08-07,ev_ebitda_band_elevated,0.0
AMT,2026-08-07,ev_ebitda_band_elevated,0.0
AMZN,2026-08-07,ev_ebitda_band_elevated,0.0
AON,2026-08-07,ev_ebitda_band_elevated,0.0
AOS,2026-08-07,ev_ebitda_band_elevated,0.0
APD,2026-08-07,ev_ebitda_band_elevated,0.0
APH,2026-08-07,ev_ebitda_band_elevated,0.0
APP,2026-08-07,ev_ebitda_band_elevated,0.0
APTV,2026-08-07,ev_ebitda_band_elevated,0.0
ATO,2026-08-07,ev_ebitda_band_elevated,0.0
AVB,2026-08-07,ev_ebitda_band_elevated,0.0
AVGO,2026-08-07,ev_ebitda_band_elevated,0.0
AWK,2026-08-07,ev_ebitda_band_elevated,1.0
AXON,2026-08-07,ev_ebitda_band_elevated,1.0
AZO,2026-08-07,ev_ebitda_band_elevated,0.0
BA,2026-08-07,ev_ebitda_band_elevated,1.0
BAX,2026-08-07,ev_ebitda_band_elevated,0.0
BBY,2026-08-07,ev_ebitda_band_elevated,0.0
BDX,2026-08-07,ev_ebitda_band_elevated,0.0
BEN,2026-08-07,ev_ebitda_band_elevated,0.0
BF-B,2026-08-07,ev_ebitda_band_elevated,0.0
BKNG,2026-08-07,ev_ebitda_band_elevated,0.0
BLDR,2026-08-07,ev_ebitda_band_elevated,0.0
BLK,2026-08-07,ev_ebitda_band_elevated,0.0
BR,2026-08-07,ev_ebitda_band_elevated,0.0
BSX,2026-08-07,ev_ebitda_band_elevated,0.0
CAG,2026-08-07,ev_ebitda_band_elevated,0.0
CAH,2026-08-07,ev_ebitda_band_elevated,0.0
CARR,2026-08-07,ev_ebitda_band_elevated,0.0
CBOE,2026-08-07,ev_ebitda_band_elevated,0.0
CBRE,2026-08-07,ev_ebitda_band_elevated,0.0
CCI,2026-08-07,ev_ebitda_band_elevated,0.0
CCL,2026-08-07,ev_ebitda_band_elevated,0.0
CDNS,2026-08-07,ev_ebitda_band_elevated,1.0
CDW,2026-08-07,ev_ebitda_band_elevated,0.0
CE,2026-08-07,ev_ebitda_band_elevated,0.0
CEG,2026-08-07,ev_ebitda_band_elevated,0.0
CHD,2026-08-07,ev_ebitda_band_elevated,1.0
CHRW,2026-08-07,ev_ebitda_band_elevated,0.0
CHTR,2026-08-07,ev_ebitda_band_elevated,0.0
CI,2026-08-07,ev_ebitda_band_elevated,0.0
CIEN,2026-08-07,ev_ebitda_band_elevated,0.0
CL,2026-08-07,ev_ebitda_band_elevated,0.0
CMCSA,2026-08-07,ev_ebitda_band_elevated,0.0
CME,2026-08-07,ev_ebitda_band_elevated,0.0
CMG,2026-08-07,ev_ebitda_band_elevated,1.0
CMI,2026-08-07,ev_ebitda_band_elevated,0.0
CMS,2026-08-07,ev_ebitda_band_elevated,0.0
CNC,2026-08-07,ev_ebitda_band_elevated,0.0
CNP,2026-08-07,ev_ebitda_band_elevated,0.0
COHR,2026-08-07,ev_ebitda_band_elevated,0.0
COIN,2026-08-07,ev_ebitda_band_elevated,0.0
COO,2026-08-07,ev_ebitda_band_elevated,0.0
COR,2026-08-07,ev_ebitda_band_elevated,0.0
COST,2026-08-07,ev_ebitda_band_elevated,1.0
CPAY,2026-08-07,ev_ebitda_band_elevated,0.0
CPB,2026-08-07,ev_ebitda_band_elevated,0.0
CPRT,2026-08-07,ev_ebitda_band_elevated,0.0
CRH,2026-08-07,ev_ebitda_band_elevated,0.0
CRL,2026-08-07,ev_ebitda_band_elevated,0.0
CRM,2026-08-07,ev_ebitda_band_elevated,0.0
CRWD,2026-08-07,ev_ebitda_band_elevated,1.0
CSCO,2026-08-07,ev_ebitda_band_elevated,0.0
CSGP,2026-08-07,ev_ebitda_band_elevated,1.0
CTAS,2026-08-07,ev_ebitda_band_elevated,1.0
CTSH,2026-08-07,ev_ebitda_band_elevated,0.0
CVS,2026-08-07,ev_ebitda_band_elevated,0.0
D,2026-08-07,ev_ebitda_band_elevated,0.0
DASH,2026-08-07,ev_ebitda_band_elevated,1.0
DDOG,2026-08-07,ev_ebitda_band_elevated,1.0
DE,2026-08-07,ev_ebitda_band_elevated,0.0
DELL,2026-08-07,ev_ebitda_band_elevated,0.0
DG,2026-08-07,ev_ebitda_band_elevated,0.0
DGX,2026-08-07,ev_ebitda_band_elevated,0.0
DIS,2026-08-07,ev_ebitda_band_elevated,0.0
DLR,2026-08-07,ev_ebitda_band_elevated,0.0
DLTR,2026-08-07,ev_ebitda_band_elevated,0.0
DOV,2026-08-07,ev_ebitda_band_elevated,0.0
DPZ,2026-08-07,ev_ebitda_band_elevated,0.0
DRI,2026-08-07,ev_ebitda_band_elevated,0.0
DTE,2026-08-07,ev_ebitda_band_elevated,0.0
DUK,2026-08-07,ev_ebitda_band_elevated,0.0
DVA,2026-08-07,ev_ebitda_band_elevated,0.0
DXCM,2026-08-07,ev_ebitda_band_elevated,1.0
EBAY,2026-08-07,ev_ebitda_band_elevated,0.0
ECL,2026-08-07,ev_ebitda_band_elevated,1.0
ED,2026-08-07,ev_ebitda_band_elevated,0.0
EFX,2026-08-07,ev_ebitda_band_elevated,0.0
EIX,2026-08-07,ev_ebitda_band_elevated,0.0
EL,2026-08-07,ev_ebitda_band_elevated,1.0
ELV,2026-08-07,ev_ebitda_band_elevated,0.0
EME,2026-08-07,ev_ebitda_band_elevated,0.0
EOG,2026-08-07,ev_ebitda_band_elevated,0.0
EQIX,2026-08-07,ev_ebitda_band_elevated,1.0
EQR,2026-08-07,ev_ebitda_band_elevated,0.0
EQT,2026-08-07,ev_ebitda_band_elevated,0.0
ES,2026-08-07,ev_ebitda_band_elevated,0.0
ESS,2026-08-07,ev_ebitda_band_elevated,0.0
ETR,2026-08-07,ev_ebitda_band_elevated,0.0
EVRG,2026-08-07,ev_ebitda_band_elevated,0.0
EW,2026-08-07,ev_ebitda_band_elevated,1.0
EXC,2026-08-07,ev_ebitda_band_elevated,0.0
EXE,2026-08-07,ev_ebitda_band_elevated,0.0
EXPE,2026-08-07,ev_ebitda_band_elevated,0.0
EXR,2026-08-07,ev_ebitda_band_elevated,0.0
FANG,2026-08-07,ev_ebitda_band_elevated,0.0
FAST,2026-08-07,ev_ebitda_band_elevated,0.0
FCX,2026-08-07,ev_ebitda_band_elevated,0.0
FDS,2026-08-07,ev_ebitda_band_elevated,0.0
FDX,2026-08-07,ev_ebitda_band_elevated,0.0
FE,2026-08-07,ev_ebitda_band_elevated,0.0
FFIV,2026-08-07,ev_ebitda_band_elevated,0.0
FICO,2026-08-07,ev_ebitda_band_elevated,1.0
FIS,2026-08-07,ev_ebitda_band_elevated,0.0
FISV,2026-08-07,ev_ebitda_band_elevated,0.0
FIX,2026-08-07,ev_ebitda_band_elevated,0.0
FLEX,2026-08-07,ev_ebitda_band_elevated,0.0
FRT,2026-08-07,ev_ebitda_band_elevated,0.0
FSLR,2026-08-07,ev_ebitda_band_elevated,0.0
FTNT,2026-08-07,ev_ebitda_band_elevated,1.0
FTV,2026-08-07,ev_ebitda_band_elevated,0.0
GD,2026-08-07,ev_ebitda_band_elevated,0.0
GDDY,2026-08-07,ev_ebitda_band_elevated,0.0
GEHC,2026-08-07,ev_ebitda_band_elevated,0.0
GEN,2026-08-07,ev_ebitda_band_elevated,0.0
GEV,2026-08-07,ev_ebitda_band_elevated,1.0
GILD,2026-08-07,ev_ebitda_band_elevated,0.0
GIS,2026-08-07,ev_ebitda_band_elevated,0.0
GLW,2026-08-07,ev_ebitda_band_elevated,0.0
GNRC,2026-08-07,ev_ebitda_band_elevated,0.0
GOOG,2026-08-07,ev_ebitda_band_elevated,0.0
GOOGL,2026-08-07,ev_ebitda_band_elevated,0.0
GPN,2026-08-07,ev_ebitda_band_elevated,0.0
GWW,2026-08-07,ev_ebitda_band_elevated,0.0
HAL,2026-08-07,ev_ebitda_band_elevated,0.0
HAS,2026-08-07,ev_ebitda_band_elevated,0.0
HD,2026-08-07,ev_ebitda_band_elevated,0.0
HII,2026-08-07,ev_ebitda_band_elevated,0.0
HLT,2026-08-07,ev_ebitda_band_elevated,1.0
HON,2026-08-07,ev_ebitda_band_elevated,0.0
HPE,2026-08-07,ev_ebitda_band_elevated,0.0
HPQ,2026-08-07,ev_ebitda_band_elevated,0.0
HRL,2026-08-07,ev_ebitda_band_elevated,0.0
HST,2026-08-07,ev_ebitda_band_elevated,0.0
HSY,2026-08-07,ev_ebitda_band_elevated,0.0
HUBB,2026-08-07,ev_ebitda_band_elevated,0.0
HUM,2026-08-07,ev_ebitda_band_elevated,0.0
HWM,2026-08-07,ev_ebitda_band_elevated,0.0
ICE,2026-08-07,ev_ebitda_band_elevated,0.0
IDXX,2026-08-07,ev_ebitda_band_elevated,1.0
IEX,2026-08-07,ev_ebitda_band_elevated,0.0
IFF,2026-08-07,ev_ebitda_band_elevated,1.0
INTC,2026-08-07,ev_ebitda_band_elevated,0.0
INTU,2026-08-07,ev_ebitda_band_elevated,0.0
IQV,2026-08-07,ev_ebitda_band_elevated,0.0
IR,2026-08-07,ev_ebitda_band_elevated,0.0
IRM,2026-08-07,ev_ebitda_band_elevated,0.0
IT,2026-08-07,ev_ebitda_band_elevated,0.0
ITW,2026-08-07,ev_ebitda_band_elevated,0.0
IVZ,2026-08-07,ev_ebitda_band_elevated,0.0
J,2026-08-07,ev_ebitda_band_elevated,0.0
JBHT,2026-08-07,ev_ebitda_band_elevated,0.0
JBL,2026-08-07,ev_ebitda_band_elevated,0.0
JKHY,2026-08-07,ev_ebitda_band_elevated,0.0
KDP,2026-08-07,ev_ebitda_band_elevated,0.0
KEYS,2026-08-07,ev_ebitda_band_elevated,0.0
KHC,2026-08-07,ev_ebitda_band_elevated,0.0
KIM,2026-08-07,ev_ebitda_band_elevated,0.0
KMB,2026-08-07,ev_ebitda_band_elevated,0.0
KMI,2026-08-07,ev_ebitda_band_elevated,1.0
KO,2026-08-07,ev_ebitda_band_elevated,1.0
KVUE,2026-08-07,ev_ebitda_band_elevated,0.0
LDOS,2026-08-07,ev_ebitda_band_elevated,0.0
LH,2026-08-07,ev_ebitda_band_elevated,0.0
LHX,2026-08-07,ev_ebitda_band_elevated,0.0
LII,2026-08-07,ev_ebitda_band_elevated,0.0
LIN,2026-08-07,ev_ebitda_band_elevated,1.0
LITE,2026-08-07,ev_ebitda_band_elevated,0.0
LNT,2026-08-07,ev_ebitda_band_elevated,0.0
LOW,2026-08-07,ev_ebitda_band_elevated,0.0
LRCX,2026-08-07,ev_ebitda_band_elevated,0.0
LVS,2026-08-07,ev_ebitda_band_elevated,0.0
LYB,2026-08-07,ev_ebitda_band_elevated,0.0
LYV,2026-08-07,ev_ebitda_band_elevated,0.0
MA,2026-08-07,ev_ebitda_band_elevated,1.0
MAS,2026-08-07,ev_ebitda_band_elevated,0.0
MCD,2026-08-07,ev_ebitda_band_elevated,1.0
MCHP,2026-08-07,ev_ebitda_band_elevated,0.0
MCK,2026-08-07,ev_ebitda_band_elevated,0.0
MCO,2026-08-07,ev_ebitda_band_elevated,1.0
MDLZ,2026-08-07,ev_ebitda_band_elevated,0.0
MDT,2026-08-07,ev_ebitda_band_elevated,0.0
META,2026-08-07,ev_ebitda_band_elevated,0.0
MGM,2026-08-07,ev_ebitda_band_elevated,0.0
MKC,2026-08-07,ev_ebitda_band_elevated,0.0
MLM,2026-08-07,ev_ebitda_band_elevated,0.0
MMM,2026-08-07,ev_ebitda_band_elevated,0.0
MNST,2026-08-07,ev_ebitda_band_elevated,1.0
MO,2026-08-07,ev_ebitda_band_elevated,0.0
MOS,2026-08-07,ev_ebitda_band_elevated,0.0
MPC,2026-08-07,ev_ebitda_band_elevated,0.0
MRSH,2026-08-07,ev_ebitda_band_elevated,0.0
MRVL,2026-08-07,ev_ebitda_band_elevated,1.0
MSCI,2026-08-07,ev_ebitda_band_elevated,1.0
MSFT,2026-08-07,ev_ebitda_band_elevated,0.0
MSI,2026-08-07,ev_ebitda_band_elevated,0.0
MU,2026-08-07,ev_ebitda_band_elevated,0.0
NCLH,2026-08-07,ev_ebitda_band_elevated,0.0
NDAQ,2026-08-07,ev_ebitda_band_elevated,0.0
NDSN,2026-08-07,ev_ebitda_band_elevated,0.0
NEE,2026-08-07,ev_ebitda_band_elevated,0.0
NFLX,2026-08-07,ev_ebitda_band_elevated,0.0
NI,2026-08-07,ev_ebitda_band_elevated,0.0
NOC,2026-08-07,ev_ebitda_band_elevated,0.0
NOW,2026-08-07,ev_ebitda_band_elevated,1.0
NRG,2026-08-07,ev_ebitda_band_elevated,0.0
NTAP,2026-08-07,ev_ebitda_band_elevated,0.0
NVDA,2026-08-07,ev_ebitda_band_elevated,1.0
NXPI,2026-08-07,ev_ebitda_band_elevated,0.0
ODFL,2026-08-07,ev_ebitda_band_elevated,0.0
OKE,2026-08-07,ev_ebitda_band_elevated,0.0
OMC,2026-08-07,ev_ebitda_band_elevated,0.0
ON,2026-08-07,ev_ebitda_band_elevated,0.0
ORCL,2026-08-07,ev_ebitda_band_elevated,0.0
ORLY,2026-08-07,ev_ebitda_band_elevated,0.0
OTIS,2026-08-07,ev_ebitda_band_elevated,0.0
PANW,2026-08-07,ev_ebitda_band_elevated,1.0
PAYX,2026-08-07,ev_ebitda_band_elevated,0.0
PEG,2026-08-07,ev_ebitda_band_elevated,0.0
PEP,2026-08-07,ev_ebitda_band_elevated,0.0
PG,2026-08-07,ev_ebitda_band_elevated,0.0
PH,2026-08-07,ev_ebitda_band_elevated,0.0
PKG,2026-08-07,ev_ebitda_band_elevated,0.0
PLD,2026-08-07,ev_ebitda_band_elevated,0.0
PM,2026-08-07,ev_ebitda_band_elevated,0.0
PNR,2026-08-07,ev_ebitda_band_elevated,0.0
PNW,2026-08-07,ev_ebitda_band_elevated,0.0
PODD,2026-08-07,ev_ebitda_band_elevated,1.0
PPG,2026-08-07,ev_ebitda_band_elevated,0.0
PPL,2026-08-07,ev_ebitda_band_elevated,0.0
PTC,2026-08-07,ev_ebitda_band_elevated,0.0
PWR,2026-08-07,ev_ebitda_band_elevated,0.0
PYPL,2026-08-07,ev_ebitda_band_elevated,0.0
QCOM,2026-08-07,ev_ebitda_band_elevated,0.0
RCL,2026-08-07,ev_ebitda_band_elevated,0.0
REGN,2026-08-07,ev_ebitda_band_elevated,0.0
RL,2026-08-07,ev_ebitda_band_elevated,0.0
RMD,2026-08-07,ev_ebitda_band_elevated,0.0
ROK,2026-08-07,ev_ebitda_band_elevated,1.0
ROL,2026-08-07,ev_ebitda_band_elevated,1.0
ROP,2026-08-07,ev_ebitda_band_elevated,0.0
ROST,2026-08-07,ev_ebitda_band_elevated,0.0
RSG,2026-08-07,ev_ebitda_band_elevated,0.0
RTX,2026-08-07,ev_ebitda_band_elevated,0.0
RVTY,2026-08-07,ev_ebitda_band_elevated,0.0
SBAC,2026-08-07,ev_ebitda_band_elevated,1.0
SBUX,2026-08-07,ev_ebitda_band_elevated,1.0
SJM,2026-08-07,ev_ebitda_band_elevated,0.0
SMCI,2026-08-07,ev_ebitda_band_elevated,0.0
SNA,2026-08-07,ev_ebitda_band_elevated,0.0
SNDK,2026-08-07,ev_ebitda_band_elevated,1.0
SNPS,2026-08-07,ev_ebitda_band_elevated,1.0
SO,2026-08-07,ev_ebitda_band_elevated,0.0
SOLV,2026-08-07,ev_ebitda_band_elevated,0.0
SPG,2026-08-07,ev_ebitda_band_elevated,0.0
SPGI,2026-08-07,ev_ebitda_band_elevated,0.0
STE,2026-08-07,ev_ebitda_band_elevated,0.0
STLD,2026-08-07,ev_ebitda_band_elevated,0.0
STX,2026-08-07,ev_ebitda_band_elevated,0.0
STZ,2026-08-07,ev_ebitda_band_elevated,0.0
SW,2026-08-07,ev_ebitda_band_elevated,0.0
SWKS,2026-08-07,ev_ebitda_band_elevated,0.0
SYK,2026-08-07,ev_ebitda_band_elevated,1.0
SYY,2026-08-07,ev_ebitda_band_elevated,0.0
T,2026-08-07,ev_ebitda_band_elevated,0.0
TAP,2026-08-07,ev_ebitda_band_elevated,0.0
TDG,2026-08-07,ev_ebitda_band_elevated,0.0
TDY,2026-08-07,ev_ebitda_band_elevated,0.0
TECH,2026-08-07,ev_ebitda_band_elevated,1.0
TEL,2026-08-07,ev_ebitda_band_elevated,0.0
TER,2026-08-07,ev_ebitda_band_elevated,0.0
TKO,2026-08-07,ev_ebitda_band_elevated,0.0
TMO,2026-08-07,ev_ebitda_band_elevated,1.0
TMUS,2026-08-07,ev_ebitda_band_elevated,1.0
TPR,2026-08-07,ev_ebitda_band_elevated,0.0
TRGP,2026-08-07,ev_ebitda_band_elevated,0.0
TRMB,2026-08-07,ev_ebitda_band_elevated,1.0
TSCO,2026-08-07,ev_ebitda_band_elevated,0.0
TSLA,2026-08-07,ev_ebitda_band_elevated,1.0
TSN,2026-08-07,ev_ebitda_band_elevated,0.0
TT,2026-08-07,ev_ebitda_band_elevated,0.0
TTWO,2026-08-07,ev_ebitda_band_elevated,1.0
TXN,2026-08-07,ev_ebitda_band_elevated,0.0
TYL,2026-08-07,ev_ebitda_band_elevated,1.0
UBER,2026-08-07,ev_ebitda_band_elevated,1.0
UDR,2026-08-07,ev_ebitda_band_elevated,0.0
UHS,2026-08-07,ev_ebitda_band_elevated,0.0
UNH,2026-08-07,ev_ebitda_band_elevated,0.0
UPS,2026-08-07,ev_ebitda_band_elevated,0.0
URI,2026-08-07,ev_ebitda_band_elevated,0.0
V,2026-08-07,ev_ebitda_band_elevated,0.0
VLO,2026-08-07,ev_ebitda_band_elevated,0.0
VLTO,2026-08-07,ev_ebitda_band_elevated,0.0
VMC,2026-08-07,ev_ebitda_band_elevated,1.0
VRSK,2026-08-07,ev_ebitda_band_elevated,1.0
VRT,2026-08-07,ev_ebitda_band_elevated,0.0
VST,2026-08-07,ev_ebitda_band_elevated,0.0
VTRS,2026-08-07,ev_ebitda_band_elevated,0.0
VZ,2026-08-07,ev_ebitda_band_elevated,0.0
WAB,2026-08-07,ev_ebitda_band_elevated,0.0
WAT,2026-08-07,ev_ebitda_band_elevated,1.0
WBD,2026-08-07,ev_ebitda_band_elevated,0.0
WDAY,2026-08-07,ev_ebitda_band_elevated,1.0
WDC,2026-08-07,ev_ebitda_band_elevated,0.0
WEC,2026-08-07,ev_ebitda_band_elevated,0.0
WM,2026-08-07,ev_ebitda_band_elevated,0.0
WMB,2026-08-07,ev_ebitda_band_elevated,1.0
WMT,2026-08-07,ev_ebitda_band_elevated,0.0
WSM,2026-08-07,ev_ebitda_band_elevated,0.0
WST,2026-08-07,ev_ebitda_band_elevated,1.0
WTW,2026-08-07,ev_ebitda_band_elevated,0.0
WY,2026-08-07,ev_ebitda_band_elevated,0.0
WYNN,2026-08-07,ev_ebitda_band_elevated,0.0
XEL,2026-08-07,ev_ebitda_band_elevated,0.0
XYL,2026-08-07,ev_ebitda_band_elevated,0.0
XYZ,2026-08-07,ev_ebitda_band_elevated,1.0
YUM,2026-08-07,ev_ebitda_band_elevated,1.0
ZBH,2026-08-07,ev_ebitda_band_elevated,0.0
ZBRA,2026-08-07,ev_ebitda_band_elevated,0.0
AFL,2026-08-07,p_core_earnings_band_elevated,0.0
AIG,2026-08-07,p_core_earnings_band_elevated,0.0
AIZ,2026-08-07,p_core_earnings_band_elevated,0.0
ALL,2026-08-07,p_core_earnings_band_elevated,0.0
CB,2026-08-07,p_core_earnings_band_elevated,1.0
CINF,2026-08-07,p_core_earnings_band_elevated,1.0
EG,2026-08-07,p_core_earnings_band_elevated,0.0
GL,2026-08-07,p_core_earnings_band_elevated,0.0
HIG,2026-08-07,p_core_earnings_band_elevated,0.0
MET,2026-08-07,p_core_earnings_band_elevated,0.0
PFG,2026-08-07,p_core_earnings_band_elevated,0.0
PGR,2026-08-07,p_core_earnings_band_elevated,1.0
PRU,2026-08-07,p_core_earnings_band_elevated,0.0
TRV,2026-08-07,p_core_earnings_band_elevated,0.0
A,2026-08-07,p_ffo_band_elevated,1.0
AAPL,2026-08-07,p_ffo_band_elevated,0.0
ABBV,2026-08-07,p_ffo_band_elevated,0.0
ABNB,2026-08-07,p_ffo_band_elevated,0.0
ABT,2026-08-07,p_ffo_band_elevated,0.0
ACGL,2026-08-07,p_ffo_band_elevated,0.0
ACN,2026-08-07,p_ffo_band_elevated,0.0
ADBE,2026-08-07,p_ffo_band_elevated,0.0
ADI,2026-08-07,p_ffo_band_elevated,0.0
ADM,2026-08-07,p_ffo_band_elevated,0.0
ADP,2026-08-07,p_ffo_band_elevated,0.0
ADSK,2026-08-07,p_ffo_band_elevated,1.0
AEE,2026-08-07,p_ffo_band_elevated,0.0
AEP,2026-08-07,p_ffo_band_elevated,0.0
AES,2026-08-07,p_ffo_band_elevated,0.0
AIG,2026-08-07,p_ffo_band_elevated,0.0
AIZ,2026-08-07,p_ffo_band_elevated,0.0
AJG,2026-08-07,p_ffo_band_elevated,0.0
AKAM,2026-08-07,p_ffo_band_elevated,0.0
ALB,2026-08-07,p_ffo_band_elevated,0.0
ALGN,2026-08-07,p_ffo_band_elevated,0.0
ALL,2026-08-07,p_ffo_band_elevated,0.0
ALLE,2026-08-07,p_ffo_band_elevated,0.0
AMAT,2026-08-07,p_ffo_band_elevated,0.0
AMCR,2026-08-07,p_ffo_band_elevated,0.0
AMD,2026-08-07,p_ffo_band_elevated,1.0
AME,2026-08-07,p_ffo_band_elevated,0.0
AMGN,2026-08-07,p_ffo_band_elevated,0.0
AMT,2026-08-07,p_ffo_band_elevated,0.0
AMZN,2026-08-07,p_ffo_band_elevated,0.0
ANET,2026-08-07,p_ffo_band_elevated,1.0
AON,2026-08-07,p_ffo_band_elevated,0.0
AOS,2026-08-07,p_ffo_band_elevated,0.0
APD,2026-08-07,p_ffo_band_elevated,0.0
APH,2026-08-07,p_ffo_band_elevated,0.0
APP,2026-08-07,p_ffo_band_elevated,0.0
APTV,2026-08-07,p_ffo_band_elevated,0.0
ARE,2026-08-07,p_ffo_band_elevated,0.0
ATO,2026-08-07,p_ffo_band_elevated,0.0
AVB,2026-08-07,p_ffo_band_elevated,0.0
AVGO,2026-08-07,p_ffo_band_elevated,0.0
AVY,2026-08-07,p_ffo_band_elevated,1.0
AWK,2026-08-07,p_ffo_band_elevated,1.0
AXON,2026-08-07,p_ffo_band_elevated,1.0
AXP,2026-08-07,p_ffo_band_elevated,0.0
AZO,2026-08-07,p_ffo_band_elevated,0.0
BA,2026-08-07,p_ffo_band_elevated,1.0
BAC,2026-08-07,p_ffo_band_elevated,0.0
BALL,2026-08-07,p_ffo_band_elevated,0.0
BAX,2026-08-07,p_ffo_band_elevated,0.0
BBY,2026-08-07,p_ffo_band_elevated,0.0
BDX,2026-08-07,p_ffo_band_elevated,0.0
BEN,2026-08-07,p_ffo_band_elevated,0.0
BF-B,2026-08-07,p_ffo_band_elevated,0.0
BG,2026-08-07,p_ffo_band_elevated,0.0
BIIB,2026-08-07,p_ffo_band_elevated,0.0
BKNG,2026-08-07,p_ffo_band_elevated,0.0
BLDR,2026-08-07,p_ffo_band_elevated,0.0
BLK,2026-08-07,p_ffo_band_elevated,0.0
BMY,2026-08-07,p_ffo_band_elevated,0.0
BNY,2026-08-07,p_ffo_band_elevated,0.0
BR,2026-08-07,p_ffo_band_elevated,0.0
BRO,2026-08-07,p_ffo_band_elevated,0.0
BSX,2026-08-07,p_ffo_band_elevated,0.0
BXP,2026-08-07,p_ffo_band_elevated,0.0
C,2026-08-07,p_ffo_band_elevated,0.0
CAG,2026-08-07,p_ffo_band_elevated,0.0
CAH,2026-08-07,p_ffo_band_elevated,0.0
CARR,2026-08-07,p_ffo_band_elevated,0.0
CASY,2026-08-07,p_ffo_band_elevated,0.0
CAT,2026-08-07,p_ffo_band_elevated,0.0
CB,2026-08-07,p_ffo_band_elevated,0.0
CBOE,2026-08-07,p_ffo_band_elevated,0.0
CBRE,2026-08-07,p_ffo_band_elevated,0.0
CCI,2026-08-07,p_ffo_band_elevated,0.0
CCL,2026-08-07,p_ffo_band_elevated,0.0
CDNS,2026-08-07,p_ffo_band_elevated,1.0
CDW,2026-08-07,p_ffo_band_elevated,0.0
CE,2026-08-07,p_ffo_band_elevated,0.0
CEG,2026-08-07,p_ffo_band_elevated,0.0
CF,2026-08-07,p_ffo_band_elevated,0.0
CFG,2026-08-07,p_ffo_band_elevated,0.0
CHD,2026-08-07,p_ffo_band_elevated,1.0
CHRW,2026-08-07,p_ffo_band_elevated,0.0
CHTR,2026-08-07,p_ffo_band_elevated,0.0
CI,2026-08-07,p_ffo_band_elevated,0.0
CIEN,2026-08-07,p_ffo_band_elevated,0.0
CINF,2026-08-07,p_ffo_band_elevated,0.0
CL,2026-08-07,p_ffo_band_elevated,1.0
CLX,2026-08-07,p_ffo_band_elevated,0.0
CMCSA,2026-08-07,p_ffo_band_elevated,0.0
CME,2026-08-07,p_ffo_band_elevated,0.0
CMG,2026-08-07,p_ffo_band_elevated,1.0
CMI,2026-08-07,p_ffo_band_elevated,0.0
CMS,2026-08-07,p_ffo_band_elevated,0.0
CNC,2026-08-07,p_ffo_band_elevated,0.0
CNP,2026-08-07,p_ffo_band_elevated,0.0
COF,2026-08-07,p_ffo_band_elevated,0.0
COHR,2026-08-07,p_ffo_band_elevated,0.0
COIN,2026-08-07,p_ffo_band_elevated,0.0
COO,2026-08-07,p_ffo_band_elevated,0.0
COP,2026-08-07,p_ffo_band_elevated,0.0
COR,2026-08-07,p_ffo_band_elevated,0.0
COST,2026-08-07,p_ffo_band_elevated,1.0
CPAY,2026-08-07,p_ffo_band_elevated,0.0
CPB,2026-08-07,p_ffo_band_elevated,0.0
CPRT,2026-08-07,p_ffo_band_elevated,0.0
CPT,2026-08-07,p_ffo_band_elevated,0.0
CRH,2026-08-07,p_ffo_band_elevated,0.0
CRL,2026-08-07,p_ffo_band_elevated,0.0
CRM,2026-08-07,p_ffo_band_elevated,0.0
CRWD,2026-08-07,p_ffo_band_elevated,1.0
CSCO,2026-08-07,p_ffo_band_elevated,0.0
CSGP,2026-08-07,p_ffo_band_elevated,1.0
CTAS,2026-08-07,p_ffo_band_elevated,1.0
CTSH,2026-08-07,p_ffo_band_elevated,0.0
CTVA,2026-08-07,p_ffo_band_elevated,0.0
CVS,2026-08-07,p_ffo_band_elevated,0.0
CVX,2026-08-07,p_ffo_band_elevated,0.0
D,2026-08-07,p_ffo_band_elevated,0.0
DASH,2026-08-07,p_ffo_band_elevated,1.0
DD,2026-08-07,p_ffo_band_elevated,0.0
DDOG,2026-08-07,p_ffo_band_elevated,1.0
DE,2026-08-07,p_ffo_band_elevated,0.0
DECK,2026-08-07,p_ffo_band_elevated,0.0
DELL,2026-08-07,p_ffo_band_elevated,0.0
DG,2026-08-07,p_ffo_band_elevated,0.0
DGX,2026-08-07,p_ffo_band_elevated,0.0
DHR,2026-08-07,p_ffo_band_elevated,0.0
DIS,2026-08-07,p_ffo_band_elevated,0.0
DLR,2026-08-07,p_ffo_band_elevated,0.0
DLTR,2026-08-07,p_ffo_band_elevated,0.0
DOC,2026-08-07,p_ffo_band_elevated,0.0
DOV,2026-08-07,p_ffo_band_elevated,0.0
DOW,2026-08-07,p_ffo_band_elevated,0.0
DPZ,2026-08-07,p_ffo_band_elevated,1.0
DRI,2026-08-07,p_ffo_band_elevated,0.0
DTE,2026-08-07,p_ffo_band_elevated,0.0
DUK,2026-08-07,p_ffo_band_elevated,0.0
DVA,2026-08-07,p_ffo_band_elevated,0.0
DVN,2026-08-07,p_ffo_band_elevated,0.0
DXCM,2026-08-07,p_ffo_band_elevated,1.0
EA,2026-08-07,p_ffo_band_elevated,1.0
EBAY,2026-08-07,p_ffo_band_elevated,0.0
ECL,2026-08-07,p_ffo_band_elevated,1.0
ED,2026-08-07,p_ffo_band_elevated,0.0
EFX,2026-08-07,p_ffo_band_elevated,0.0
EIX,2026-08-07,p_ffo_band_elevated,0.0
EL,2026-08-07,p_ffo_band_elevated,1.0
ELV,2026-08-07,p_ffo_band_elevated,0.0
EME,2026-08-07,p_ffo_band_elevated,0.0
EMR,2026-08-07,p_ffo_band_elevated,0.0
EOG,2026-08-07,p_ffo_band_elevated,0.0
EQIX,2026-08-07,p_ffo_band_elevated,1.0
EQR,2026-08-07,p_ffo_band_elevated,0.0
EQT,2026-08-07,p_ffo_band_elevated,0.0
ERIE,2026-08-07,p_ffo_band_elevated,0.0
ES,2026-08-07,p_ffo_band_elevated,0.0
ESS,2026-08-07,p_ffo_band_elevated,0.0
ETN,2026-08-07,p_ffo_band_elevated,0.0
ETR,2026-08-07,p_ffo_band_elevated,0.0
EVRG,2026-08-07,p_ffo_band_elevated,0.0
EW,2026-08-07,p_ffo_band_elevated,0.0
EXC,2026-08-07,p_ffo_band_elevated,0.0
EXE,2026-08-07,p_ffo_band_elevated,0.0
EXPD,2026-08-07,p_ffo_band_elevated,0.0
EXPE,2026-08-07,p_ffo_band_elevated,0.0
EXR,2026-08-07,p_ffo_band_elevated,0.0
F,2026-08-07,p_ffo_band_elevated,0.0
FANG,2026-08-07,p_ffo_band_elevated,0.0
FAST,2026-08-07,p_ffo_band_elevated,0.0
FCX,2026-08-07,p_ffo_band_elevated,0.0
FDS,2026-08-07,p_ffo_band_elevated,0.0
FDX,2026-08-07,p_ffo_band_elevated,0.0
FE,2026-08-07,p_ffo_band_elevated,0.0
FFIV,2026-08-07,p_ffo_band_elevated,0.0
FICO,2026-08-07,p_ffo_band_elevated,1.0
FIS,2026-08-07,p_ffo_band_elevated,0.0
FISV,2026-08-07,p_ffo_band_elevated,0.0
FITB,2026-08-07,p_ffo_band_elevated,0.0
FIX,2026-08-07,p_ffo_band_elevated,0.0
FLEX,2026-08-07,p_ffo_band_elevated,0.0
FOX,2026-08-07,p_ffo_band_elevated,0.0
FOXA,2026-08-07,p_ffo_band_elevated,0.0
FRT,2026-08-07,p_ffo_band_elevated,0.0
FSLR,2026-08-07,p_ffo_band_elevated,0.0
FTNT,2026-08-07,p_ffo_band_elevated,1.0
FTV,2026-08-07,p_ffo_band_elevated,0.0
GD,2026-08-07,p_ffo_band_elevated,0.0
GDDY,2026-08-07,p_ffo_band_elevated,0.0
GE,2026-08-07,p_ffo_band_elevated,0.0
GEHC,2026-08-07,p_ffo_band_elevated,0.0
GEN,2026-08-07,p_ffo_band_elevated,0.0
GEV,2026-08-07,p_ffo_band_elevated,1.0
GILD,2026-08-07,p_ffo_band_elevated,0.0
GIS,2026-08-07,p_ffo_band_elevated,0.0
GLW,2026-08-07,p_ffo_band_elevated,0.0
GM,2026-08-07,p_ffo_band_elevated,0.0
GNRC,2026-08-07,p_ffo_band_elevated,0.0
GOOG,2026-08-07,p_ffo_band_elevated,0.0
GOOGL,2026-08-07,p_ffo_band_elevated,0.0
GPC,2026-08-07,p_ffo_band_elevated,0.0
GPN,2026-08-07,p_ffo_band_elevated,0.0
GRMN,2026-08-07,p_ffo_band_elevated,0.0
GS,2026-08-07,p_ffo_band_elevated,0.0
GWW,2026-08-07,p_ffo_band_elevated,0.0
HAL,2026-08-07,p_ffo_band_elevated,0.0
HAS,2026-08-07,p_ffo_band_elevated,0.0
HBAN,2026-08-07,p_ffo_band_elevated,0.0
HCA,2026-08-07,p_ffo_band_elevated,0.0
HD,2026-08-07,p_ffo_band_elevated,0.0
HIG,2026-08-07,p_ffo_band_elevated,0.0
HII,2026-08-07,p_ffo_band_elevated,0.0
HLT,2026-08-07,p_ffo_band_elevated,1.0
HON,2026-08-07,p_ffo_band_elevated,0.0
HOOD,2026-08-07,p_ffo_band_elevated,1.0
HPE,2026-08-07,p_ffo_band_elevated,0.0
HPQ,2026-08-07,p_ffo_band_elevated,0.0
HRL,2026-08-07,p_ffo_band_elevated,0.0
HSIC,2026-08-07,p_ffo_band_elevated,0.0
HST,2026-08-07,p_ffo_band_elevated,0.0
HSY,2026-08-07,p_ffo_band_elevated,0.0
HUBB,2026-08-07,p_ffo_band_elevated,0.0
HUM,2026-08-07,p_ffo_band_elevated,0.0
HWM,2026-08-07,p_ffo_band_elevated,0.0
IBKR,2026-08-07,p_ffo_band_elevated,1.0
IBM,2026-08-07,p_ffo_band_elevated,0.0
ICE,2026-08-07,p_ffo_band_elevated,0.0
IDXX,2026-08-07,p_ffo_band_elevated,1.0
IEX,2026-08-07,p_ffo_band_elevated,0.0
IFF,2026-08-07,p_ffo_band_elevated,0.0
INCY,2026-08-07,p_ffo_band_elevated,0.0
INTC,2026-08-07,p_ffo_band_elevated,0.0
INTU,2026-08-07,p_ffo_band_elevated,0.0
INVH,2026-08-07,p_ffo_band_elevated,0.0
IP,2026-08-07,p_ffo_band_elevated,0.0
IQV,2026-08-07,p_ffo_band_elevated,0.0
IR,2026-08-07,p_ffo_band_elevated,0.0
IRM,2026-08-07,p_ffo_band_elevated,0.0
ISRG,2026-08-07,p_ffo_band_elevated,1.0
IT,2026-08-07,p_ffo_band_elevated,0.0
ITW,2026-08-07,p_ffo_band_elevated,0.0
IVZ,2026-08-07,p_ffo_band_elevated,0.0
J,2026-08-07,p_ffo_band_elevated,0.0
JBHT,2026-08-07,p_ffo_band_elevated,0.0
JBL,2026-08-07,p_ffo_band_elevated,0.0
JCI,2026-08-07,p_ffo_band_elevated,0.0
JKHY,2026-08-07,p_ffo_band_elevated,0.0
JNJ,2026-08-07,p_ffo_band_elevated,0.0
JPM,2026-08-07,p_ffo_band_elevated,0.0
KDP,2026-08-07,p_ffo_band_elevated,0.0
KEY,2026-08-07,p_ffo_band_elevated,0.0
KEYS,2026-08-07,p_ffo_band_elevated,0.0
KHC,2026-08-07,p_ffo_band_elevated,0.0
KIM,2026-08-07,p_ffo_band_elevated,0.0
KLAC,2026-08-07,p_ffo_band_elevated,0.0
KMB,2026-08-07,p_ffo_band_elevated,0.0
KMI,2026-08-07,p_ffo_band_elevated,0.0
KO,2026-08-07,p_ffo_band_elevated,1.0
KVUE,2026-08-07,p_ffo_band_elevated,0.0
L,2026-08-07,p_ffo_band_elevated,0.0
LDOS,2026-08-07,p_ffo_band_elevated,0.0
LH,2026-08-07,p_ffo_band_elevated,0.0
LHX,2026-08-07,p_ffo_band_elevated,0.0
LII,2026-08-07,p_ffo_band_elevated,0.0
LIN,2026-08-07,p_ffo_band_elevated,1.0
LITE,2026-08-07,p_ffo_band_elevated,0.0
LLY,2026-08-07,p_ffo_band_elevated,1.0
LNT,2026-08-07,p_ffo_band_elevated,0.0
LOW,2026-08-07,p_ffo_band_elevated,0.0
LRCX,2026-08-07,p_ffo_band_elevated,0.0
LULU,2026-08-07,p_ffo_band_elevated,0.0
LVS,2026-08-07,p_ffo_band_elevated,0.0
LYV,2026-08-07,p_ffo_band_elevated,1.0
MA,2026-08-07,p_ffo_band_elevated,1.0
MAA,2026-08-07,p_ffo_band_elevated,0.0
MAS,2026-08-07,p_ffo_band_elevated,0.0
MCD,2026-08-07,p_ffo_band_elevated,1.0
MCHP,2026-08-07,p_ffo_band_elevated,0.0
MCK,2026-08-07,p_ffo_band_elevated,0.0
MCO,2026-08-07,p_ffo_band_elevated,1.0
MDLZ,2026-08-07,p_ffo_band_elevated,0.0
MDT,2026-08-07,p_ffo_band_elevated,0.0
META,2026-08-07,p_ffo_band_elevated,0.0
MGM,2026-08-07,p_ffo_band_elevated,0.0
MKC,2026-08-07,p_ffo_band_elevated,0.0
MLM,2026-08-07,p_ffo_band_elevated,0.0
MMM,2026-08-07,p_ffo_band_elevated,0.0
MNST,2026-08-07,p_ffo_band_elevated,1.0
MO,2026-08-07,p_ffo_band_elevated,0.0
MOS,2026-08-07,p_ffo_band_elevated,0.0
MPC,2026-08-07,p_ffo_band_elevated,0.0
MPWR,2026-08-07,p_ffo_band_elevated,0.0
MRK,2026-08-07,p_ffo_band_elevated,0.0
MRSH,2026-08-07,p_ffo_band_elevated,0.0
MRVL,2026-08-07,p_ffo_band_elevated,0.0
MS,2026-08-07,p_ffo_band_elevated,0.0
MSCI,2026-08-07,p_ffo_band_elevated,1.0
MSFT,2026-08-07,p_ffo_band_elevated,0.0
MSI,2026-08-07,p_ffo_band_elevated,1.0
MTB,2026-08-07,p_ffo_band_elevated,0.0
MTD,2026-08-07,p_ffo_band_elevated,1.0
MU,2026-08-07,p_ffo_band_elevated,0.0
NCLH,2026-08-07,p_ffo_band_elevated,0.0
NDAQ,2026-08-07,p_ffo_band_elevated,0.0
NDSN,2026-08-07,p_ffo_band_elevated,0.0
NEE,2026-08-07,p_ffo_band_elevated,0.0
NEM,2026-08-07,p_ffo_band_elevated,0.0
NFLX,2026-08-07,p_ffo_band_elevated,0.0
NI,2026-08-07,p_ffo_band_elevated,0.0
NKE,2026-08-07,p_ffo_band_elevated,1.0
NOC,2026-08-07,p_ffo_band_elevated,0.0
NOW,2026-08-07,p_ffo_band_elevated,1.0
NRG,2026-08-07,p_ffo_band_elevated,0.0
NTAP,2026-08-07,p_ffo_band_elevated,0.0
NTRS,2026-08-07,p_ffo_band_elevated,0.0
NUE,2026-08-07,p_ffo_band_elevated,0.0
NVDA,2026-08-07,p_ffo_band_elevated,1.0
NWS,2026-08-07,p_ffo_band_elevated,0.0
NWSA,2026-08-07,p_ffo_band_elevated,0.0
NXPI,2026-08-07,p_ffo_band_elevated,0.0
O,2026-08-07,p_ffo_band_elevated,0.0
ODFL,2026-08-07,p_ffo_band_elevated,0.0
OKE,2026-08-07,p_ffo_band_elevated,0.0
OMC,2026-08-07,p_ffo_band_elevated,0.0
ON,2026-08-07,p_ffo_band_elevated,0.0
ORCL,2026-08-07,p_ffo_band_elevated,0.0
ORLY,2026-08-07,p_ffo_band_elevated,1.0
OTIS,2026-08-07,p_ffo_band_elevated,0.0
OXY,2026-08-07,p_ffo_band_elevated,0.0
PANW,2026-08-07,p_ffo_band_elevated,1.0
PAYX,2026-08-07,p_ffo_band_elevated,0.0
PCAR,2026-08-07,p_ffo_band_elevated,0.0
PEG,2026-08-07,p_ffo_band_elevated,0.0
PEP,2026-08-07,p_ffo_band_elevated,0.0
PFE,2026-08-07,p_ffo_band_elevated,0.0
PG,2026-08-07,p_ffo_band_elevated,1.0
PGR,2026-08-07,p_ffo_band_elevated,1.0
PH,2026-08-07,p_ffo_band_elevated,0.0
PKG,2026-08-07,p_ffo_band_elevated,0.0
PLD,2026-08-07,p_ffo_band_elevated,0.0
PLTR,2026-08-07,p_ffo_band_elevated,1.0
PM,2026-08-07,p_ffo_band_elevated,0.0
PNC,2026-08-07,p_ffo_band_elevated,0.0
PNR,2026-08-07,p_ffo_band_elevated,0.0
PNW,2026-08-07,p_ffo_band_elevated,0.0
PODD,2026-08-07,p_ffo_band_elevated,1.0
POOL,2026-08-07,p_ffo_band_elevated,0.0
PPG,2026-08-07,p_ffo_band_elevated,0.0
PPL,2026-08-07,p_ffo_band_elevated,0.0
PSA,2026-08-07,p_ffo_band_elevated,0.0
PSX,2026-08-07,p_ffo_band_elevated,0.0
PTC,2026-08-07,p_ffo_band_elevated,0.0
PWR,2026-08-07,p_ffo_band_elevated,0.0
PYPL,2026-08-07,p_ffo_band_elevated,0.0
QCOM,2026-08-07,p_ffo_band_elevated,0.0
RCL,2026-08-07,p_ffo_band_elevated,0.0
RDDT,2026-08-07,p_ffo_band_elevated,1.0
REG,2026-08-07,p_ffo_band_elevated,0.0
REGN,2026-08-07,p_ffo_band_elevated,0.0
RF,2026-08-07,p_ffo_band_elevated,0.0
RJF,2026-08-07,p_ffo_band_elevated,0.0
RL,2026-08-07,p_ffo_band_elevated,0.0
RMD,2026-08-07,p_ffo_band_elevated,0.0
ROK,2026-08-07,p_ffo_band_elevated,0.0
ROL,2026-08-07,p_ffo_band_elevated,1.0
ROP,2026-08-07,p_ffo_band_elevated,0.0
ROST,2026-08-07,p_ffo_band_elevated,0.0
RSG,2026-08-07,p_ffo_band_elevated,0.0
RTX,2026-08-07,p_ffo_band_elevated,0.0
RVTY,2026-08-07,p_ffo_band_elevated,0.0
SBAC,2026-08-07,p_ffo_band_elevated,0.0
SBUX,2026-08-07,p_ffo_band_elevated,1.0
SCHW,2026-08-07,p_ffo_band_elevated,0.0
SHW,2026-08-07,p_ffo_band_elevated,1.0
SJM,2026-08-07,p_ffo_band_elevated,0.0
SLB,2026-08-07,p_ffo_band_elevated,0.0
SMCI,2026-08-07,p_ffo_band_elevated,0.0
SNA,2026-08-07,p_ffo_band_elevated,0.0
SNDK,2026-08-07,p_ffo_band_elevated,1.0
SNPS,2026-08-07,p_ffo_band_elevated,1.0
SO,2026-08-07,p_ffo_band_elevated,0.0
SOFI,2026-08-07,p_ffo_band_elevated,1.0
SOLV,2026-08-07,p_ffo_band_elevated,0.0
SPG,2026-08-07,p_ffo_band_elevated,0.0
SPGI,2026-08-07,p_ffo_band_elevated,0.0
SRE,2026-08-07,p_ffo_band_elevated,0.0
STE,2026-08-07,p_ffo_band_elevated,0.0
STLD,2026-08-07,p_ffo_band_elevated,0.0
STT,2026-08-07,p_ffo_band_elevated,0.0
STX,2026-08-07,p_ffo_band_elevated,0.0
STZ,2026-08-07,p_ffo_band_elevated,0.0
SW,2026-08-07,p_ffo_band_elevated,0.0
SWK,2026-08-07,p_ffo_band_elevated,0.0
SWKS,2026-08-07,p_ffo_band_elevated,0.0
SYF,2026-08-07,p_ffo_band_elevated,0.0
SYK,2026-08-07,p_ffo_band_elevated,1.0
SYY,2026-08-07,p_ffo_band_elevated,0.0
T,2026-08-07,p_ffo_band_elevated,0.0
TAP,2026-08-07,p_ffo_band_elevated,0.0
TDG,2026-08-07,p_ffo_band_elevated,1.0
TDY,2026-08-07,p_ffo_band_elevated,0.0
TECH,2026-08-07,p_ffo_band_elevated,1.0
TEL,2026-08-07,p_ffo_band_elevated,0.0
TER,2026-08-07,p_ffo_band_elevated,0.0
TFC,2026-08-07,p_ffo_band_elevated,0.0
TGT,2026-08-07,p_ffo_band_elevated,0.0
TJX,2026-08-07,p_ffo_band_elevated,0.0
TKO,2026-08-07,p_ffo_band_elevated,1.0
TMO,2026-08-07,p_ffo_band_elevated,0.0
TMUS,2026-08-07,p_ffo_band_elevated,1.0
TPL,2026-08-07,p_ffo_band_elevated,1.0
TPR,2026-08-07,p_ffo_band_elevated,0.0
TRGP,2026-08-07,p_ffo_band_elevated,0.0
TRMB,2026-08-07,p_ffo_band_elevated,0.0
TRV,2026-08-07,p_ffo_band_elevated,0.0
TSCO,2026-08-07,p_ffo_band_elevated,0.0
TSLA,2026-08-07,p_ffo_band_elevated,1.0
TSN,2026-08-07,p_ffo_band_elevated,0.0
TT,2026-08-07,p_ffo_band_elevated,0.0
TTD,2026-08-07,p_ffo_band_elevated,0.0
TTWO,2026-08-07,p_ffo_band_elevated,1.0
TXN,2026-08-07,p_ffo_band_elevated,0.0
TXT,2026-08-07,p_ffo_band_elevated,0.0
TYL,2026-08-07,p_ffo_band_elevated,1.0
UBER,2026-08-07,p_ffo_band_elevated,0.0
UDR,2026-08-07,p_ffo_band_elevated,0.0
UHS,2026-08-07,p_ffo_band_elevated,0.0
ULTA,2026-08-07,p_ffo_band_elevated,0.0
UNH,2026-08-07,p_ffo_band_elevated,0.0
UPS,2026-08-07,p_ffo_band_elevated,0.0
URI,2026-08-07,p_ffo_band_elevated,0.0
USB,2026-08-07,p_ffo_band_elevated,0.0
V,2026-08-07,p_ffo_band_elevated,0.0
VEEV,2026-08-07,p_ffo_band_elevated,1.0
VICI,2026-08-07,p_ffo_band_elevated,0.0
VLO,2026-08-07,p_ffo_band_elevated,0.0
VLTO,2026-08-07,p_ffo_band_elevated,0.0
VMC,2026-08-07,p_ffo_band_elevated,1.0
VRSK,2026-08-07,p_ffo_band_elevated,0.0
VRSN,2026-08-07,p_ffo_band_elevated,0.0
VRT,2026-08-07,p_ffo_band_elevated,0.0
VRTX,2026-08-07,p_ffo_band_elevated,1.0
VST,2026-08-07,p_ffo_band_elevated,0.0
VTR,2026-08-07,p_ffo_band_elevated,0.0
VZ,2026-08-07,p_ffo_band_elevated,0.0
WAB,2026-08-07,p_ffo_band_elevated,0.0
WAT,2026-08-07,p_ffo_band_elevated,1.0
WBD,2026-08-07,p_ffo_band_elevated,0.0
WDAY,2026-08-07,p_ffo_band_elevated,1.0
WDC,2026-08-07,p_ffo_band_elevated,0.0
WEC,2026-08-07,p_ffo_band_elevated,0.0
WELL,2026-08-07,p_ffo_band_elevated,1.0
WFC,2026-08-07,p_ffo_band_elevated,0.0
WM,2026-08-07,p_ffo_band_elevated,0.0
WMB,2026-08-07,p_ffo_band_elevated,0.0
WMT,2026-08-07,p_ffo_band_elevated,0.0
WRB,2026-08-07,p_ffo_band_elevated,1.0
WSM,2026-08-07,p_ffo_band_elevated,0.0
WST,2026-08-07,p_ffo_band_elevated,1.0
WTW,2026-08-07,p_ffo_band_elevated,0.0
WY,2026-08-07,p_ffo_band_elevated,0.0
WYNN,2026-08-07,p_ffo_band_elevated,0.0
XEL,2026-08-07,p_ffo_band_elevated,0.0
XOM,2026-08-07,p_ffo_band_elevated,0.0
XYL,2026-08-07,p_ffo_band_elevated,0.0
XYZ,2026-08-07,p_ffo_band_elevated,0.0
YUM,2026-08-07,p_ffo_band_elevated,1.0
ZBH,2026-08-07,p_ffo_band_elevated,0.0
ZBRA,2026-08-07,p_ffo_band_elevated,0.0
ZTS,2026-08-07,p_ffo_band_elevated,0.0
AXP,2026-08-07,p_ppnr_band_elevated,0.0
BAC,2026-08-07,p_ppnr_band_elevated,0.0
BNY,2026-08-07,p_ppnr_band_elevated,0.0
C,2026-08-07,p_ppnr_band_elevated,0.0
CFG,2026-08-07,p_ppnr_band_elevated,0.0
COF,2026-08-07,p_ppnr_band_elevated,0.0
FITB,2026-08-07,p_ppnr_band_elevated,0.0
GS,2026-08-07,p_ppnr_band_elevated,0.0
HBAN,2026-08-07,p_ppnr_band_elevated,0.0
IBKR,2026-08-07,p_ppnr_band_elevated,0.0
JPM,2026-08-07,p_ppnr_band_elevated,0.0
KEY,2026-08-07,p_ppnr_band_elevated,0.0
MS,2026-08-07,p_ppnr_band_elevated,0.0
MTB,2026-08-07,p_ppnr_band_elevated,0.0
NTRS,2026-08-07,p_ppnr_band_elevated,0.0
PNC,2026-08-07,p_ppnr_band_elevated,0.0
RF,2026-08-07,p_ppnr_band_elevated,0.0
RJF,2026-08-07,p_ppnr_band_elevated,1.0
SOFI,2026-08-07,p_ppnr_band_elevated,1.0
STT,2026-08-07,p_ppnr_band_elevated,0.0
SYF,2026-08-07,p_ppnr_band_elevated,0.0
TFC,2026-08-07,p_ppnr_band_elevated,0.0
USB,2026-08-07,p_ppnr_band_elevated,0.0
WFC,2026-08-07,p_ppnr_band_elevated,0.0
A,2026-08-07,p_tbv_band_elevated,1.0
ABNB,2026-08-07,p_tbv_band_elevated,0.0
ABT,2026-08-07,p_tbv_band_elevated,0.0
ACGL,2026-08-07,p_tbv_band_elevated,0.0
ACN,2026-08-07,p_tbv_band_elevated,0.0
ADBE,2026-08-07,p_tbv_band_elevated,1.0
ADI,2026-08-07,p_tbv_band_elevated,0.0
ADM,2026-08-07,p_tbv_band_elevated,0.0
ADP,2026-08-07,p_tbv_band_elevated,0.0
AEE,2026-08-07,p_tbv_band_elevated,0.0
AEP,2026-08-07,p_tbv_band_elevated,0.0
AES,2026-08-07,p_tbv_band_elevated,0.0
AFL,2026-08-07,p_tbv_band_elevated,0.0
AIG,2026-08-07,p_tbv_band_elevated,0.0
AIZ,2026-08-07,p_tbv_band_elevated,1.0
AJG,2026-08-07,p_tbv_band_elevated,0.0
AKAM,2026-08-07,p_tbv_band_elevated,0.0
ALB,2026-08-07,p_tbv_band_elevated,0.0
ALGN,2026-08-07,p_tbv_band_elevated,0.0
ALL,2026-08-07,p_tbv_band_elevated,0.0
ALLE,2026-08-07,p_tbv_band_elevated,1.0
AMAT,2026-08-07,p_tbv_band_elevated,0.0
AMD,2026-08-07,p_tbv_band_elevated,0.0
AME,2026-08-07,p_tbv_band_elevated,0.0
AMP,2026-08-07,p_tbv_band_elevated,0.0
AMZN,2026-08-07,p_tbv_band_elevated,0.0
ANET,2026-08-07,p_tbv_band_elevated,0.0
AOS,2026-08-07,p_tbv_band_elevated,0.0
APD,2026-08-07,p_tbv_band_elevated,0.0
APH,2026-08-07,p_tbv_band_elevated,1.0
APP,2026-08-07,p_tbv_band_elevated,1.0
APTV,2026-08-07,p_tbv_band_elevated,0.0
ATO,2026-08-07,p_tbv_band_elevated,0.0
AVY,2026-08-07,p_tbv_band_elevated,1.0
AWK,2026-08-07,p_tbv_band_elevated,0.0
AXON,2026-08-07,p_tbv_band_elevated,0.0
AXP,2026-08-07,p_tbv_band_elevated,1.0
BAC,2026-08-07,p_tbv_band_elevated,0.0
BALL,2026-08-07,p_tbv_band_elevated,1.0
BAX,2026-08-07,p_tbv_band_elevated,0.0
BBY,2026-08-07,p_tbv_band_elevated,0.0
BDX,2026-08-07,p_tbv_band_elevated,1.0
BEN,2026-08-07,p_tbv_band_elevated,0.0
BF-B,2026-08-07,p_tbv_band_elevated,0.0
BG,2026-08-07,p_tbv_band_elevated,0.0
BIIB,2026-08-07,p_tbv_band_elevated,0.0
BKNG,2026-08-07,p_tbv_band_elevated,1.0
BLDR,2026-08-07,p_tbv_band_elevated,0.0
BLK,2026-08-07,p_tbv_band_elevated,0.0
BMY,2026-08-07,p_tbv_band_elevated,0.0
BNY,2026-08-07,p_tbv_band_elevated,0.0
BRO,2026-08-07,p_tbv_band_elevated,0.0
BSX,2026-08-07,p_tbv_band_elevated,0.0
C,2026-08-07,p_tbv_band_elevated,0.0
CARR,2026-08-07,p_tbv_band_elevated,1.0
CASY,2026-08-07,p_tbv_band_elevated,0.0
CB,2026-08-07,p_tbv_band_elevated,0.0
CBOE,2026-08-07,p_tbv_band_elevated,0.0
CBRE,2026-08-07,p_tbv_band_elevated,0.0
CCL,2026-08-07,p_tbv_band_elevated,0.0
CDNS,2026-08-07,p_tbv_band_elevated,1.0
CE,2026-08-07,p_tbv_band_elevated,0.0
CEG,2026-08-07,p_tbv_band_elevated,0.0
CF,2026-08-07,p_tbv_band_elevated,0.0
CFG,2026-08-07,p_tbv_band_elevated,0.0
CHD,2026-08-07,p_tbv_band_elevated,0.0
CHRW,2026-08-07,p_tbv_band_elevated,0.0
CI,2026-08-07,p_tbv_band_elevated,1.0
CIEN,2026-08-07,p_tbv_band_elevated,0.0
CME,2026-08-07,p_tbv_band_elevated,0.0
CMG,2026-08-07,p_tbv_band_elevated,1.0
CMI,2026-08-07,p_tbv_band_elevated,0.0
CNC,2026-08-07,p_tbv_band_elevated,0.0
CNP,2026-08-07,p_tbv_band_elevated,1.0
COF,2026-08-07,p_tbv_band_elevated,0.0
COHR,2026-08-07,p_tbv_band_elevated,0.0
COIN,2026-08-07,p_tbv_band_elevated,0.0
COO,2026-08-07,p_tbv_band_elevated,0.0
COST,2026-08-07,p_tbv_band_elevated,0.0
CPRT,2026-08-07,p_tbv_band_elevated,0.0
CRH,2026-08-07,p_tbv_band_elevated,0.0
CRL,2026-08-07,p_tbv_band_elevated,1.0
CRM,2026-08-07,p_tbv_band_elevated,0.0
CRWD,2026-08-07,p_tbv_band_elevated,0.0
CSCO,2026-08-07,p_tbv_band_elevated,1.0
CSGP,2026-08-07,p_tbv_band_elevated,0.0
CTAS,2026-08-07,p_tbv_band_elevated,1.0
CTSH,2026-08-07,p_tbv_band_elevated,0.0
CTVA,2026-08-07,p_tbv_band_elevated,0.0
CVX,2026-08-07,p_tbv_band_elevated,0.0
D,2026-08-07,p_tbv_band_elevated,0.0
DASH,2026-08-07,p_tbv_band_elevated,0.0
DD,2026-08-07,p_tbv_band_elevated,0.0
DDOG,2026-08-07,p_tbv_band_elevated,0.0
DE,2026-08-07,p_tbv_band_elevated,0.0
DECK,2026-08-07,p_tbv_band_elevated,0.0
DG,2026-08-07,p_tbv_band_elevated,0.0
DHR,2026-08-07,p_tbv_band_elevated,1.0
DIS,2026-08-07,p_tbv_band_elevated,1.0
DLR,2026-08-07,p_tbv_band_elevated,0.0
DLTR,2026-08-07,p_tbv_band_elevated,0.0
DOC,2026-08-07,p_tbv_band_elevated,0.0
DOV,2026-08-07,p_tbv_band_elevated,0.0
DOW,2026-08-07,p_tbv_band_elevated,0.0
DRI,2026-08-07,p_tbv_band_elevated,0.0
DTE,2026-08-07,p_tbv_band_elevated,0.0
DUK,2026-08-07,p_tbv_band_elevated,0.0
DVN,2026-08-07,p_tbv_band_elevated,0.0
DXCM,2026-08-07,p_tbv_band_elevated,0.0
EA,2026-08-07,p_tbv_band_elevated,1.0
EBAY,2026-08-07,p_tbv_band_elevated,0.0
ECL,2026-08-07,p_tbv_band_elevated,1.0
ED,2026-08-07,p_tbv_band_elevated,0.0
EL,2026-08-07,p_tbv_band_elevated,0.0
ELV,2026-08-07,p_tbv_band_elevated,1.0
EME,2026-08-07,p_tbv_band_elevated,0.0
EMR,2026-08-07,p_tbv_band_elevated,0.0
EQIX,2026-08-07,p_tbv_band_elevated,1.0
EQT,2026-08-07,p_tbv_band_elevated,0.0
ES,2026-08-07,p_tbv_band_elevated,0.0
ETN,2026-08-07,p_tbv_band_elevated,0.0
ETR,2026-08-07,p_tbv_band_elevated,0.0
EVRG,2026-08-07,p_tbv_band_elevated,0.0
EW,2026-08-07,p_tbv_band_elevated,0.0
EXC,2026-08-07,p_tbv_band_elevated,0.0
EXPD,2026-08-07,p_tbv_band_elevated,0.0
EXR,2026-08-07,p_tbv_band_elevated,0.0
FDS,2026-08-07,p_tbv_band_elevated,0.0
FDX,2026-08-07,p_tbv_band_elevated,0.0
FE,2026-08-07,p_tbv_band_elevated,1.0
FFIV,2026-08-07,p_tbv_band_elevated,0.0
FIS,2026-08-07,p_tbv_band_elevated,0.0
FITB,2026-08-07,p_tbv_band_elevated,0.0
FIX,2026-08-07,p_tbv_band_elevated,0.0
FLEX,2026-08-07,p_tbv_band_elevated,0.0
FOX,2026-08-07,p_tbv_band_elevated,0.0
FOXA,2026-08-07,p_tbv_band_elevated,0.0
FSLR,2026-08-07,p_tbv_band_elevated,0.0
FTNT,2026-08-07,p_tbv_band_elevated,1.0
FTV,2026-08-07,p_tbv_band_elevated,0.0
GD,2026-08-07,p_tbv_band_elevated,0.0
GE,2026-08-07,p_tbv_band_elevated,0.0
GEV,2026-08-07,p_tbv_band_elevated,0.0
GILD,2026-08-07,p_tbv_band_elevated,0.0
GL,2026-08-07,p_tbv_band_elevated,0.0
GLW,2026-08-07,p_tbv_band_elevated,0.0
GNRC,2026-08-07,p_tbv_band_elevated,0.0
GOOG,2026-08-07,p_tbv_band_elevated,0.0
GOOGL,2026-08-07,p_tbv_band_elevated,0.0
GPC,2026-08-07,p_tbv_band_elevated,1.0
GPN,2026-08-07,p_tbv_band_elevated,0.0
GRMN,2026-08-07,p_tbv_band_elevated,0.0
GS,2026-08-07,p_tbv_band_elevated,0.0
GWW,2026-08-07,p_tbv_band_elevated,0.0
HAL,2026-08-07,p_tbv_band_elevated,0.0
HBAN,2026-08-07,p_tbv_band_elevated,0.0
HIG,2026-08-07,p_tbv_band_elevated,0.0
HII,2026-08-07,p_tbv_band_elevated,0.0
HON,2026-08-07,p_tbv_band_elevated,1.0
HOOD,2026-08-07,p_tbv_band_elevated,0.0
HPE,2026-08-07,p_tbv_band_elevated,0.0
HRL,2026-08-07,p_tbv_band_elevated,0.0
HSIC,2026-08-07,p_tbv_band_elevated,1.0
HSY,2026-08-07,p_tbv_band_elevated,1.0
HUBB,2026-08-07,p_tbv_band_elevated,0.0
HUM,2026-08-07,p_tbv_band_elevated,0.0
HWM,2026-08-07,p_tbv_band_elevated,1.0
ICE,2026-08-07,p_tbv_band_elevated,1.0
IDXX,2026-08-07,p_tbv_band_elevated,1.0
IEX,2026-08-07,p_tbv_band_elevated,0.0
IFF,2026-08-07,p_tbv_band_elevated,0.0
INCY,2026-08-07,p_tbv_band_elevated,0.0
INTC,2026-08-07,p_tbv_band_elevated,0.0
INTU,2026-08-07,p_tbv_band_elevated,0.0
INVH,2026-08-07,p_tbv_band_elevated,0.0
IP,2026-08-07,p_tbv_band_elevated,0.0
IR,2026-08-07,p_tbv_band_elevated,0.0
ISRG,2026-08-07,p_tbv_band_elevated,0.0
IVZ,2026-08-07,p_tbv_band_elevated,0.0
J,2026-08-07,p_tbv_band_elevated,0.0
JBHT,2026-08-07,p_tbv_band_elevated,0.0
JBL,2026-08-07,p_tbv_band_elevated,0.0
JCI,2026-08-07,p_tbv_band_elevated,1.0
JKHY,2026-08-07,p_tbv_band_elevated,0.0
JNJ,2026-08-07,p_tbv_band_elevated,0.0
JPM,2026-08-07,p_tbv_band_elevated,0.0
KDP,2026-08-07,p_tbv_band_elevated,0.0
KEY,2026-08-07,p_tbv_band_elevated,0.0
KEYS,2026-08-07,p_tbv_band_elevated,0.0
KHC,2026-08-07,p_tbv_band_elevated,0.0
KLAC,2026-08-07,p_tbv_band_elevated,1.0
KMI,2026-08-07,p_tbv_band_elevated,0.0
KO,2026-08-07,p_tbv_band_elevated,1.0
KR,2026-08-07,p_tbv_band_elevated,0.0
KVUE,2026-08-07,p_tbv_band_elevated,1.0
L,2026-08-07,p_tbv_band_elevated,0.0
LH,2026-08-07,p_tbv_band_elevated,1.0
LHX,2026-08-07,p_tbv_band_elevated,1.0
LII,2026-08-07,p_tbv_band_elevated,0.0
LIN,2026-08-07,p_tbv_band_elevated,1.0
LITE,2026-08-07,p_tbv_band_elevated,0.0
LLY,2026-08-07,p_tbv_band_elevated,1.0
LMT,2026-08-07,p_tbv_band_elevated,1.0
LRCX,2026-08-07,p_tbv_band_elevated,0.0
LULU,2026-08-07,p_tbv_band_elevated,0.0
LVS,2026-08-07,p_tbv_band_elevated,0.0
LYB,2026-08-07,p_tbv_band_elevated,0.0
MCHP,2026-08-07,p_tbv_band_elevated,1.0
MDLZ,2026-08-07,p_tbv_band_elevated,1.0
MDT,2026-08-07,p_tbv_band_elevated,0.0
MET,2026-08-07,p_tbv_band_elevated,0.0
META,2026-08-07,p_tbv_band_elevated,0.0
MGM,2026-08-07,p_tbv_band_elevated,0.0
MKC,2026-08-07,p_tbv_band_elevated,1.0
MLM,2026-08-07,p_tbv_band_elevated,0.0
MMM,2026-08-07,p_tbv_band_elevated,0.0
MNST,2026-08-07,p_tbv_band_elevated,0.0
MOS,2026-08-07,p_tbv_band_elevated,0.0
MPC,2026-08-07,p_tbv_band_elevated,0.0
MPWR,2026-08-07,p_tbv_band_elevated,0.0
MRK,2026-08-07,p_tbv_band_elevated,0.0
MRVL,2026-08-07,p_tbv_band_elevated,0.0
MS,2026-08-07,p_tbv_band_elevated,0.0
MSFT,2026-08-07,p_tbv_band_elevated,0.0
MTB,2026-08-07,p_tbv_band_elevated,0.0
MU,2026-08-07,p_tbv_band_elevated,0.0
NCLH,2026-08-07,p_tbv_band_elevated,0.0
NDSN,2026-08-07,p_tbv_band_elevated,0.0
NEE,2026-08-07,p_tbv_band_elevated,0.0
NEM,2026-08-07,p_tbv_band_elevated,0.0
NI,2026-08-07,p_tbv_band_elevated,0.0
NKE,2026-08-07,p_tbv_band_elevated,0.0
NOC,2026-08-07,p_tbv_band_elevated,1.0
NOW,2026-08-07,p_tbv_band_elevated,0.0
NRG,2026-08-07,p_tbv_band_elevated,0.0
NTRS,2026-08-07,p_tbv_band_elevated,0.0
NUE,2026-08-07,p_tbv_band_elevated,0.0
NVDA,2026-08-07,p_tbv_band_elevated,1.0
NWS,2026-08-07,p_tbv_band_elevated,0.0
NWSA,2026-08-07,p_tbv_band_elevated,0.0
NXPI,2026-08-07,p_tbv_band_elevated,1.0
O,2026-08-07,p_tbv_band_elevated,0.0
OKE,2026-08-07,p_tbv_band_elevated,0.0
ON,2026-08-07,p_tbv_band_elevated,0.0
OXY,2026-08-07,p_tbv_band_elevated,0.0
PANW,2026-08-07,p_tbv_band_elevated,1.0
PAYX,2026-08-07,p_tbv_band_elevated,0.0
PEP,2026-08-07,p_tbv_band_elevated,1.0
PFE,2026-08-07,p_tbv_band_elevated,0.0
PFG,2026-08-07,p_tbv_band_elevated,0.0
PG,2026-08-07,p_tbv_band_elevated,1.0
PGR,2026-08-07,p_tbv_band_elevated,1.0
PH,2026-08-07,p_tbv_band_elevated,0.0
PKG,2026-08-07,p_tbv_band_elevated,0.0
PLTR,2026-08-07,p_tbv_band_elevated,0.0
PNC,2026-08-07,p_tbv_band_elevated,0.0
PNR,2026-08-07,p_tbv_band_elevated,1.0
PODD,2026-08-07,p_tbv_band_elevated,0.0
POOL,2026-08-07,p_tbv_band_elevated,1.0
PPG,2026-08-07,p_tbv_band_elevated,1.0
PPL,2026-08-07,p_tbv_band_elevated,0.0
PRU,2026-08-07,p_tbv_band_elevated,0.0
PSA,2026-08-07,p_tbv_band_elevated,1.0
PSKY,2026-08-07,p_tbv_band_elevated,0.0
PSX,2026-08-07,p_tbv_band_elevated,0.0
PTC,2026-08-07,p_tbv_band_elevated,1.0
PWR,2026-08-07,p_tbv_band_elevated,0.0
PYPL,2026-08-07,p_tbv_band_elevated,0.0
QCOM,2026-08-07,p_tbv_band_elevated,0.0
RCL,2026-08-07,p_tbv_band_elevated,0.0
RDDT,2026-08-07,p_tbv_band_elevated,0.0
REG,2026-08-07,p_tbv_band_elevated,0.0
RF,2026-08-07,p_tbv_band_elevated,0.0
RJF,2026-08-07,p_tbv_band_elevated,1.0
RL,2026-08-07,p_tbv_band_elevated,0.0
RMD,2026-08-07,p_tbv_band_elevated,0.0
ROK,2026-08-07,p_tbv_band_elevated,1.0
ROL,2026-08-07,p_tbv_band_elevated,1.0
ROP,2026-08-07,p_tbv_band_elevated,1.0
RTX,2026-08-07,p_tbv_band_elevated,0.0
RVTY,2026-08-07,p_tbv_band_elevated,0.0
SCHW,2026-08-07,p_tbv_band_elevated,1.0
SJM,2026-08-07,p_tbv_band_elevated,0.0
SLB,2026-08-07,p_tbv_band_elevated,1.0
SNA,2026-08-07,p_tbv_band_elevated,0.0
SNDK,2026-08-07,p_tbv_band_elevated,0.0
SNPS,2026-08-07,p_tbv_band_elevated,0.0
SO,2026-08-07,p_tbv_band_elevated,0.0
SOFI,2026-08-07,p_tbv_band_elevated,0.0
SPG,2026-08-07,p_tbv_band_elevated,1.0
SPGI,2026-08-07,p_tbv_band_elevated,1.0
SRE,2026-08-07,p_tbv_band_elevated,0.0
STE,2026-08-07,p_tbv_band_elevated,0.0
STLD,2026-08-07,p_tbv_band_elevated,0.0
STT,2026-08-07,p_tbv_band_elevated,0.0
STX,2026-08-07,p_tbv_band_elevated,1.0
STZ,2026-08-07,p_tbv_band_elevated,0.0
SW,2026-08-07,p_tbv_band_elevated,0.0
SWK,2026-08-07,p_tbv_band_elevated,0.0
SWKS,2026-08-07,p_tbv_band_elevated,0.0
SYF,2026-08-07,p_tbv_band_elevated,0.0
SYK,2026-08-07,p_tbv_band_elevated,1.0
TAP,2026-08-07,p_tbv_band_elevated,0.0
TDY,2026-08-07,p_tbv_band_elevated,0.0
TECH,2026-08-07,p_tbv_band_elevated,0.0
TEL,2026-08-07,p_tbv_band_elevated,0.0
TER,2026-08-07,p_tbv_band_elevated,0.0
TFC,2026-08-07,p_tbv_band_elevated,0.0
TGT,2026-08-07,p_tbv_band_elevated,0.0
TJX,2026-08-07,p_tbv_band_elevated,1.0
TMO,2026-08-07,p_tbv_band_elevated,1.0
TPR,2026-08-07,p_tbv_band_elevated,0.0
TRGP,2026-08-07,p_tbv_band_elevated,1.0
TRMB,2026-08-07,p_tbv_band_elevated,1.0
TROW,2026-08-07,p_tbv_band_elevated,0.0
TRV,2026-08-07,p_tbv_band_elevated,0.0
TSCO,2026-08-07,p_tbv_band_elevated,0.0
TSLA,2026-08-07,p_tbv_band_elevated,0.0
TSN,2026-08-07,p_tbv_band_elevated,0.0
TT,2026-08-07,p_tbv_band_elevated,1.0
TTWO,2026-08-07,p_tbv_band_elevated,1.0
TXN,2026-08-07,p_tbv_band_elevated,0.0
TYL,2026-08-07,p_tbv_band_elevated,0.0
UBER,2026-08-07,p_tbv_band_elevated,0.0
UHS,2026-08-07,p_tbv_band_elevated,0.0
ULTA,2026-08-07,p_tbv_band_elevated,0.0
UPS,2026-08-07,p_tbv_band_elevated,0.0
URI,2026-08-07,p_tbv_band_elevated,0.0
USB,2026-08-07,p_tbv_band_elevated,0.0
V,2026-08-07,p_tbv_band_elevated,0.0
VEEV,2026-08-07,p_tbv_band_elevated,0.0
VLO,2026-08-07,p_tbv_band_elevated,0.0
VLTO,2026-08-07,p_tbv_band_elevated,1.0
VMC,2026-08-07,p_tbv_band_elevated,1.0
VRSK,2026-08-07,p_tbv_band_elevated,1.0
VRT,2026-08-07,p_tbv_band_elevated,0.0
VRTX,2026-08-07,p_tbv_band_elevated,0.0
VST,2026-08-07,p_tbv_band_elevated,0.0
VTR,2026-08-07,p_tbv_band_elevated,0.0
VTRS,2026-08-07,p_tbv_band_elevated,0.0
WAB,2026-08-07,p_tbv_band_elevated,0.0
WAT,2026-08-07,p_tbv_band_elevated,1.0
WBD,2026-08-07,p_tbv_band_elevated,0.0
WDAY,2026-08-07,p_tbv_band_elevated,0.0
WDC,2026-08-07,p_tbv_band_elevated,0.0
WEC,2026-08-07,p_tbv_band_elevated,0.0
WELL,2026-08-07,p_tbv_band_elevated,0.0
WFC,2026-08-07,p_tbv_band_elevated,0.0
WMB,2026-08-07,p_tbv_band_elevated,0.0
WMT,2026-08-07,p_tbv_band_elevated,0.0
WRB,2026-08-07,p_tbv_band_elevated,0.0
WSM,2026-08-07,p_tbv_band_elevated,0.0
WST,2026-08-07,p_tbv_band_elevated,0.0
WTW,2026-08-07,p_tbv_band_elevated,0.0
XYL,2026-08-07,p_tbv_band_elevated,0.0
XYZ,2026-08-07,p_tbv_band_elevated,0.0
ZBH,2026-08-07,p_tbv_band_elevated,0.0
ZTS,2026-08-07,p_tbv_band_elevated,1.0
A,2026-08-07,pe_ratio_band_elevated,0.0
AAPL,2026-08-07,pe_ratio_band_elevated,0.0
ABBV,2026-08-07,pe_ratio_band_elevated,0.0
ABNB,2026-08-07,pe_ratio_band_elevated,0.0
ABT,2026-08-07,pe_ratio_band_elevated,0.0
ACGL,2026-08-07,pe_ratio_band_elevated,0.0
ACN,2026-08-07,pe_ratio_band_elevated,0.0
ADBE,2026-08-07,pe_ratio_band_elevated,0.0
ADI,2026-08-07,pe_ratio_band_elevated,0.0
ADM,2026-08-07,pe_ratio_band_elevated,0.0
ADP,2026-08-07,pe_ratio_band_elevated,0.0
ADSK,2026-08-07,pe_ratio_band_elevated,1.0
AEE,2026-08-07,pe_ratio_band_elevated,0.0
AEP,2026-08-07,pe_ratio_band_elevated,0.0
AES,2026-08-07,pe_ratio_band_elevated,0.0
AFL,2026-08-07,pe_ratio_band_elevated,0.0
AIG,2026-08-07,pe_ratio_band_elevated,0.0
AIZ,2026-08-07,pe_ratio_band_elevated,0.0
AJG,2026-08-07,pe_ratio_band_elevated,1.0
AKAM,2026-08-07,pe_ratio_band_elevated,0.0
ALB,2026-08-07,pe_ratio_band_elevated,0.0
ALGN,2026-08-07,pe_ratio_band_elevated,0.0
ALL,2026-08-07,pe_ratio_band_elevated,0.0
ALLE,2026-08-07,pe_ratio_band_elevated,0.0
AMAT,2026-08-07,pe_ratio_band_elevated,0.0
AMCR,2026-08-07,pe_ratio_band_elevated,0.0
AMD,2026-08-07,pe_ratio_band_elevated,1.0
AME,2026-08-07,pe_ratio_band_elevated,0.0
AMGN,2026-08-07,pe_ratio_band_elevated,0.0
AMP,2026-08-07,pe_ratio_band_elevated,0.0
AMT,2026-08-07,pe_ratio_band_elevated,0.0
AMZN,2026-08-07,pe_ratio_band_elevated,0.0
ANET,2026-08-07,pe_ratio_band_elevated,1.0
AON,2026-08-07,pe_ratio_band_elevated,0.0
AOS,2026-08-07,pe_ratio_band_elevated,0.0
APD,2026-08-07,pe_ratio_band_elevated,0.0
APH,2026-08-07,pe_ratio_band_elevated,0.0
APP,2026-08-07,pe_ratio_band_elevated,1.0
APTV,2026-08-07,pe_ratio_band_elevated,0.0
ARE,2026-08-07,pe_ratio_band_elevated,0.0
ATO,2026-08-07,pe_ratio_band_elevated,0.0
AVB,2026-08-07,pe_ratio_band_elevated,0.0
AVGO,2026-08-07,pe_ratio_band_elevated,0.0
AVY,2026-08-07,pe_ratio_band_elevated,0.0
AWK,2026-08-07,pe_ratio_band_elevated,0.0
AXON,2026-08-07,pe_ratio_band_elevated,1.0
AXP,2026-08-07,pe_ratio_band_elevated,0.0
AZO,2026-08-07,pe_ratio_band_elevated,0.0
BA,2026-08-07,pe_ratio_band_elevated,1.0
BAC,2026-08-07,pe_ratio_band_elevated,0.0
BALL,2026-08-07,pe_ratio_band_elevated,0.0
BAX,2026-08-07,pe_ratio_band_elevated,0.0
BBY,2026-08-07,pe_ratio_band_elevated,0.0
BDX,2026-08-07,pe_ratio_band_elevated,0.0
BEN,2026-08-07,pe_ratio_band_elevated,0.0
BF-B,2026-08-07,pe_ratio_band_elevated,0.0
BG,2026-08-07,pe_ratio_band_elevated,0.0
BIIB,2026-08-07,pe_ratio_band_elevated,0.0
BKNG,2026-08-07,pe_ratio_band_elevated,0.0
BLDR,2026-08-07,pe_ratio_band_elevated,0.0
BLK,2026-08-07,pe_ratio_band_elevated,0.0
BMY,2026-08-07,pe_ratio_band_elevated,0.0
BNY,2026-08-07,pe_ratio_band_elevated,0.0
BR,2026-08-07,pe_ratio_band_elevated,0.0
BRO,2026-08-07,pe_ratio_band_elevated,0.0
BSX,2026-08-07,pe_ratio_band_elevated,0.0
BXP,2026-08-07,pe_ratio_band_elevated,0.0
C,2026-08-07,pe_ratio_band_elevated,0.0
CAG,2026-08-07,pe_ratio_band_elevated,0.0
CAH,2026-08-07,pe_ratio_band_elevated,0.0
CARR,2026-08-07,pe_ratio_band_elevated,0.0
CASY,2026-08-07,pe_ratio_band_elevated,0.0
CAT,2026-08-07,pe_ratio_band_elevated,0.0
CB,2026-08-07,pe_ratio_band_elevated,0.0
CBOE,2026-08-07,pe_ratio_band_elevated,0.0
CBRE,2026-08-07,pe_ratio_band_elevated,0.0
CCI,2026-08-07,pe_ratio_band_elevated,0.0
CCL,2026-08-07,pe_ratio_band_elevated,0.0
CDNS,2026-08-07,pe_ratio_band_elevated,1.0
CDW,2026-08-07,pe_ratio_band_elevated,0.0
CE,2026-08-07,pe_ratio_band_elevated,0.0
CEG,2026-08-07,pe_ratio_band_elevated,0.0
CF,2026-08-07,pe_ratio_band_elevated,0.0
CFG,2026-08-07,pe_ratio_band_elevated,0.0
CHD,2026-08-07,pe_ratio_band_elevated,1.0
CHRW,2026-08-07,pe_ratio_band_elevated,0.0
CHTR,2026-08-07,pe_ratio_band_elevated,0.0
CI,2026-08-07,pe_ratio_band_elevated,0.0
CIEN,2026-08-07,pe_ratio_band_elevated,0.0
CINF,2026-08-07,pe_ratio_band_elevated,0.0
CL,2026-08-07,pe_ratio_band_elevated,0.0
CLX,2026-08-07,pe_ratio_band_elevated,0.0
CMCSA,2026-08-07,pe_ratio_band_elevated,0.0
CME,2026-08-07,pe_ratio_band_elevated,0.0
CMG,2026-08-07,pe_ratio_band_elevated,1.0
CMI,2026-08-07,pe_ratio_band_elevated,0.0
CMS,2026-08-07,pe_ratio_band_elevated,0.0
CNC,2026-08-07,pe_ratio_band_elevated,0.0
CNP,2026-08-07,pe_ratio_band_elevated,0.0
COF,2026-08-07,pe_ratio_band_elevated,0.0
COHR,2026-08-07,pe_ratio_band_elevated,0.0
COIN,2026-08-07,pe_ratio_band_elevated,0.0
COO,2026-08-07,pe_ratio_band_elevated,0.0
COP,2026-08-07,pe_ratio_band_elevated,0.0
COR,2026-08-07,pe_ratio_band_elevated,0.0
COST,2026-08-07,pe_ratio_band_elevated,1.0
CPAY,2026-08-07,pe_ratio_band_elevated,0.0
CPB,2026-08-07,pe_ratio_band_elevated,0.0
CPRT,2026-08-07,pe_ratio_band_elevated,0.0
CPT,2026-08-07,pe_ratio_band_elevated,0.0
CRH,2026-08-07,pe_ratio_band_elevated,0.0
CRL,2026-08-07,pe_ratio_band_elevated,0.0
CRM,2026-08-07,pe_ratio_band_elevated,0.0
CRWD,2026-08-07,pe_ratio_band_elevated,1.0
CSCO,2026-08-07,pe_ratio_band_elevated,0.0
CSGP,2026-08-07,pe_ratio_band_elevated,1.0
CTAS,2026-08-07,pe_ratio_band_elevated,1.0
CTSH,2026-08-07,pe_ratio_band_elevated,0.0
CTVA,2026-08-07,pe_ratio_band_elevated,0.0
CVS,2026-08-07,pe_ratio_band_elevated,0.0
CVX,2026-08-07,pe_ratio_band_elevated,0.0
D,2026-08-07,pe_ratio_band_elevated,0.0
DASH,2026-08-07,pe_ratio_band_elevated,1.0
DD,2026-08-07,pe_ratio_band_elevated,0.0
DDOG,2026-08-07,pe_ratio_band_elevated,1.0
DE,2026-08-07,pe_ratio_band_elevated,0.0
DECK,2026-08-07,pe_ratio_band_elevated,0.0
DELL,2026-08-07,pe_ratio_band_elevated,0.0
DG,2026-08-07,pe_ratio_band_elevated,0.0
DGX,2026-08-07,pe_ratio_band_elevated,0.0
DHR,2026-08-07,pe_ratio_band_elevated,0.0
DIS,2026-08-07,pe_ratio_band_elevated,0.0
DLR,2026-08-07,pe_ratio_band_elevated,0.0
DLTR,2026-08-07,pe_ratio_band_elevated,0.0
DOC,2026-08-07,pe_ratio_band_elevated,0.0
DOV,2026-08-07,pe_ratio_band_elevated,0.0
DOW,2026-08-07,pe_ratio_band_elevated,0.0
DPZ,2026-08-07,pe_ratio_band_elevated,0.0
DRI,2026-08-07,pe_ratio_band_elevated,0.0
DTE,2026-08-07,pe_ratio_band_elevated,0.0
DUK,2026-08-07,pe_ratio_band_elevated,0.0
DVA,2026-08-07,pe_ratio_band_elevated,0.0
DVN,2026-08-07,pe_ratio_band_elevated,0.0
DXCM,2026-08-07,pe_ratio_band_elevated,0.0
EA,2026-08-07,pe_ratio_band_elevated,1.0
EBAY,2026-08-07,pe_ratio_band_elevated,0.0
ECL,2026-08-07,pe_ratio_band_elevated,1.0
ED,2026-08-07,pe_ratio_band_elevated,0.0
EFX,2026-08-07,pe_ratio_band_elevated,0.0
EG,2026-08-07,pe_ratio_band_elevated,0.0
EIX,2026-08-07,pe_ratio_band_elevated,0.0
EL,2026-08-07,pe_ratio_band_elevated,1.0
ELV,2026-08-07,pe_ratio_band_elevated,0.0
EME,2026-08-07,pe_ratio_band_elevated,0.0
EMR,2026-08-07,pe_ratio_band_elevated,0.0
EOG,2026-08-07,pe_ratio_band_elevated,0.0
EQIX,2026-08-07,pe_ratio_band_elevated,1.0
EQR,2026-08-07,pe_ratio_band_elevated,0.0
EQT,2026-08-07,pe_ratio_band_elevated,0.0
ES,2026-08-07,pe_ratio_band_elevated,0.0
ESS,2026-08-07,pe_ratio_band_elevated,0.0
ETN,2026-08-07,pe_ratio_band_elevated,0.0
ETR,2026-08-07,pe_ratio_band_elevated,0.0
EVRG,2026-08-07,pe_ratio_band_elevated,0.0
EW,2026-08-07,pe_ratio_band_elevated,0.0
EXC,2026-08-07,pe_ratio_band_elevated,0.0
EXE,2026-08-07,pe_ratio_band_elevated,0.0
EXPD,2026-08-07,pe_ratio_band_elevated,0.0
EXPE,2026-08-07,pe_ratio_band_elevated,0.0
EXR,2026-08-07,pe_ratio_band_elevated,0.0
F,2026-08-07,pe_ratio_band_elevated,0.0
FANG,2026-08-07,pe_ratio_band_elevated,0.0
FAST,2026-08-07,pe_ratio_band_elevated,0.0
FCX,2026-08-07,pe_ratio_band_elevated,0.0
FDS,2026-08-07,pe_ratio_band_elevated,0.0
FDX,2026-08-07,pe_ratio_band_elevated,0.0
FE,2026-08-07,pe_ratio_band_elevated,0.0
FFIV,2026-08-07,pe_ratio_band_elevated,0.0
FICO,2026-08-07,pe_ratio_band_elevated,1.0
FIS,2026-08-07,pe_ratio_band_elevated,0.0
FISV,2026-08-07,pe_ratio_band_elevated,0.0
FITB,2026-08-07,pe_ratio_band_elevated,0.0
FIX,2026-08-07,pe_ratio_band_elevated,0.0
FLEX,2026-08-07,pe_ratio_band_elevated,0.0
FOX,2026-08-07,pe_ratio_band_elevated,0.0
FOXA,2026-08-07,pe_ratio_band_elevated,0.0
FRT,2026-08-07,pe_ratio_band_elevated,0.0
FSLR,2026-08-07,pe_ratio_band_elevated,0.0
FTNT,2026-08-07,pe_ratio_band_elevated,1.0
FTV,2026-08-07,pe_ratio_band_elevated,0.0
GD,2026-08-07,pe_ratio_band_elevated,0.0
GDDY,2026-08-07,pe_ratio_band_elevated,0.0
GE,2026-08-07,pe_ratio_band_elevated,0.0
GEHC,2026-08-07,pe_ratio_band_elevated,0.0
GEN,2026-08-07,pe_ratio_band_elevated,0.0
GEV,2026-08-07,pe_ratio_band_elevated,0.0
GILD,2026-08-07,pe_ratio_band_elevated,0.0
GIS,2026-08-07,pe_ratio_band_elevated,0.0
GL,2026-08-07,pe_ratio_band_elevated,0.0
GLW,2026-08-07,pe_ratio_band_elevated,0.0
GM,2026-08-07,pe_ratio_band_elevated,0.0
GNRC,2026-08-07,pe_ratio_band_elevated,0.0
GOOG,2026-08-07,pe_ratio_band_elevated,0.0
GOOGL,2026-08-07,pe_ratio_band_elevated,0.0
GPC,2026-08-07,pe_ratio_band_elevated,0.0
GPN,2026-08-07,pe_ratio_band_elevated,0.0
GRMN,2026-08-07,pe_ratio_band_elevated,0.0
GS,2026-08-07,pe_ratio_band_elevated,0.0
GWW,2026-08-07,pe_ratio_band_elevated,0.0
HAL,2026-08-07,pe_ratio_band_elevated,0.0
HAS,2026-08-07,pe_ratio_band_elevated,0.0
HBAN,2026-08-07,pe_ratio_band_elevated,0.0
HCA,2026-08-07,pe_ratio_band_elevated,0.0
HD,2026-08-07,pe_ratio_band_elevated,0.0
HIG,2026-08-07,pe_ratio_band_elevated,0.0
HII,2026-08-07,pe_ratio_band_elevated,0.0
HLT,2026-08-07,pe_ratio_band_elevated,1.0
HON,2026-08-07,pe_ratio_band_elevated,0.0
HOOD,2026-08-07,pe_ratio_band_elevated,1.0
HPE,2026-08-07,pe_ratio_band_elevated,0.0
HPQ,2026-08-07,pe_ratio_band_elevated,0.0
HRL,2026-08-07,pe_ratio_band_elevated,0.0
HSIC,2026-08-07,pe_ratio_band_elevated,0.0
HST,2026-08-07,pe_ratio_band_elevated,0.0
HSY,2026-08-07,pe_ratio_band_elevated,0.0
HUBB,2026-08-07,pe_ratio_band_elevated,0.0
HUM,2026-08-07,pe_ratio_band_elevated,0.0
HWM,2026-08-07,pe_ratio_band_elevated,0.0
IBKR,2026-08-07,pe_ratio_band_elevated,1.0
IBM,2026-08-07,pe_ratio_band_elevated,0.0
ICE,2026-08-07,pe_ratio_band_elevated,0.0
IDXX,2026-08-07,pe_ratio_band_elevated,1.0
IEX,2026-08-07,pe_ratio_band_elevated,0.0
IFF,2026-08-07,pe_ratio_band_elevated,1.0
INCY,2026-08-07,pe_ratio_band_elevated,0.0
INTC,2026-08-07,pe_ratio_band_elevated,0.0
INTU,2026-08-07,pe_ratio_band_elevated,0.0
INVH,2026-08-07,pe_ratio_band_elevated,0.0
IP,2026-08-07,pe_ratio_band_elevated,0.0
IQV,2026-08-07,pe_ratio_band_elevated,0.0
IR,2026-08-07,pe_ratio_band_elevated,0.0
IRM,2026-08-07,pe_ratio_band_elevated,0.0
ISRG,2026-08-07,pe_ratio_band_elevated,1.0
IT,2026-08-07,pe_ratio_band_elevated,0.0
ITW,2026-08-07,pe_ratio_band_elevated,0.0
IVZ,2026-08-07,pe_ratio_band_elevated,0.0
J,2026-08-07,pe_ratio_band_elevated,0.0
JBHT,2026-08-07,pe_ratio_band_elevated,0.0
JBL,2026-08-07,pe_ratio_band_elevated,0.0
JCI,2026-08-07,pe_ratio_band_elevated,0.0
JKHY,2026-08-07,pe_ratio_band_elevated,0.0
JNJ,2026-08-07,pe_ratio_band_elevated,0.0
JPM,2026-08-07,pe_ratio_band_elevated,0.0
KDP,2026-08-07,pe_ratio_band_elevated,0.0
KEY,2026-08-07,pe_ratio_band_elevated,0.0
KEYS,2026-08-07,pe_ratio_band_elevated,0.0
KHC,2026-08-07,pe_ratio_band_elevated,0.0
KIM,2026-08-07,pe_ratio_band_elevated,0.0
KLAC,2026-08-07,pe_ratio_band_elevated,0.0
KMB,2026-08-07,pe_ratio_band_elevated,0.0
KMI,2026-08-07,pe_ratio_band_elevated,0.0
KO,2026-08-07,pe_ratio_band_elevated,0.0
KVUE,2026-08-07,pe_ratio_band_elevated,0.0
L,2026-08-07,pe_ratio_band_elevated,0.0
LDOS,2026-08-07,pe_ratio_band_elevated,0.0
LH,2026-08-07,pe_ratio_band_elevated,0.0
LHX,2026-08-07,pe_ratio_band_elevated,0.0
LII,2026-08-07,pe_ratio_band_elevated,0.0
LIN,2026-08-07,pe_ratio_band_elevated,0.0
LITE,2026-08-07,pe_ratio_band_elevated,0.0
LLY,2026-08-07,pe_ratio_band_elevated,1.0
LMT,2026-08-07,pe_ratio_band_elevated,0.0
LNT,2026-08-07,pe_ratio_band_elevated,0.0
LOW,2026-08-07,pe_ratio_band_elevated,0.0
LRCX,2026-08-07,pe_ratio_band_elevated,0.0
LULU,2026-08-07,pe_ratio_band_elevated,0.0
LVS,2026-08-07,pe_ratio_band_elevated,0.0
LYV,2026-08-07,pe_ratio_band_elevated,1.0
MA,2026-08-07,pe_ratio_band_elevated,0.0
MAA,2026-08-07,pe_ratio_band_elevated,0.0
MAR,2026-08-07,pe_ratio_band_elevated,0.0
MAS,2026-08-07,pe_ratio_band_elevated,0.0
MCD,2026-08-07,pe_ratio_band_elevated,1.0
MCHP,2026-08-07,pe_ratio_band_elevated,0.0
MCK,2026-08-07,pe_ratio_band_elevated,0.0
MCO,2026-08-07,pe_ratio_band_elevated,0.0
MDLZ,2026-08-07,pe_ratio_band_elevated,0.0
MDT,2026-08-07,pe_ratio_band_elevated,0.0
MET,2026-08-07,pe_ratio_band_elevated,0.0
META,2026-08-07,pe_ratio_band_elevated,0.0
MGM,2026-08-07,pe_ratio_band_elevated,0.0
MKC,2026-08-07,pe_ratio_band_elevated,0.0
MLM,2026-08-07,pe_ratio_band_elevated,0.0
MMM,2026-08-07,pe_ratio_band_elevated,0.0
MNST,2026-08-07,pe_ratio_band_elevated,1.0
MO,2026-08-07,pe_ratio_band_elevated,0.0
MOS,2026-08-07,pe_ratio_band_elevated,0.0
MPC,2026-08-07,pe_ratio_band_elevated,0.0
MPWR,2026-08-07,pe_ratio_band_elevated,0.0
MRK,2026-08-07,pe_ratio_band_elevated,0.0
MRSH,2026-08-07,pe_ratio_band_elevated,0.0
MRVL,2026-08-07,pe_ratio_band_elevated,0.0
MS,2026-08-07,pe_ratio_band_elevated,0.0
MSCI,2026-08-07,pe_ratio_band_elevated,1.0
MSFT,2026-08-07,pe_ratio_band_elevated,0.0
MSI,2026-08-07,pe_ratio_band_elevated,0.0
MTB,2026-08-07,pe_ratio_band_elevated,0.0
MTD,2026-08-07,pe_ratio_band_elevated,1.0
MU,2026-08-07,pe_ratio_band_elevated,0.0
NCLH,2026-08-07,pe_ratio_band_elevated,0.0
NDAQ,2026-08-07,pe_ratio_band_elevated,0.0
NDSN,2026-08-07,pe_ratio_band_elevated,0.0
NEE,2026-08-07,pe_ratio_band_elevated,0.0
NEM,2026-08-07,pe_ratio_band_elevated,0.0
NFLX,2026-08-07,pe_ratio_band_elevated,0.0
NI,2026-08-07,pe_ratio_band_elevated,0.0
NKE,2026-08-07,pe_ratio_band_elevated,1.0
NOC,2026-08-07,pe_ratio_band_elevated,0.0
NOW,2026-08-07,pe_ratio_band_elevated,1.0
NRG,2026-08-07,pe_ratio_band_elevated,0.0
NTAP,2026-08-07,pe_ratio_band_elevated,0.0
NTRS,2026-08-07,pe_ratio_band_elevated,0.0
NUE,2026-08-07,pe_ratio_band_elevated,0.0
NVDA,2026-08-07,pe_ratio_band_elevated,1.0
NWS,2026-08-07,pe_ratio_band_elevated,0.0
NWSA,2026-08-07,pe_ratio_band_elevated,0.0
NXPI,2026-08-07,pe_ratio_band_elevated,0.0
O,2026-08-07,pe_ratio_band_elevated,1.0
ODFL,2026-08-07,pe_ratio_band_elevated,0.0
OKE,2026-08-07,pe_ratio_band_elevated,0.0
OMC,2026-08-07,pe_ratio_band_elevated,0.0
ON,2026-08-07,pe_ratio_band_elevated,0.0
ORCL,2026-08-07,pe_ratio_band_elevated,0.0
ORLY,2026-08-07,pe_ratio_band_elevated,0.0
OTIS,2026-08-07,pe_ratio_band_elevated,0.0
OXY,2026-08-07,pe_ratio_band_elevated,0.0
PANW,2026-08-07,pe_ratio_band_elevated,1.0
PAYX,2026-08-07,pe_ratio_band_elevated,0.0
PCAR,2026-08-07,pe_ratio_band_elevated,0.0
PCG,2026-08-07,pe_ratio_band_elevated,0.0
PEG,2026-08-07,pe_ratio_band_elevated,0.0
PEP,2026-08-07,pe_ratio_band_elevated,0.0
PFE,2026-08-07,pe_ratio_band_elevated,0.0
PFG,2026-08-07,pe_ratio_band_elevated,0.0
PG,2026-08-07,pe_ratio_band_elevated,0.0
PGR,2026-08-07,pe_ratio_band_elevated,1.0
PH,2026-08-07,pe_ratio_band_elevated,0.0
PKG,2026-08-07,pe_ratio_band_elevated,0.0
PLD,2026-08-07,pe_ratio_band_elevated,0.0
PLTR,2026-08-07,pe_ratio_band_elevated,1.0
PM,2026-08-07,pe_ratio_band_elevated,0.0
PNC,2026-08-07,pe_ratio_band_elevated,0.0
PNR,2026-08-07,pe_ratio_band_elevated,0.0
PNW,2026-08-07,pe_ratio_band_elevated,0.0
PODD,2026-08-07,pe_ratio_band_elevated,0.0
POOL,2026-08-07,pe_ratio_band_elevated,0.0
PPG,2026-08-07,pe_ratio_band_elevated,0.0
PPL,2026-08-07,pe_ratio_band_elevated,0.0
PRU,2026-08-07,pe_ratio_band_elevated,0.0
PSA,2026-08-07,pe_ratio_band_elevated,0.0
PSX,2026-08-07,pe_ratio_band_elevated,0.0
PTC,2026-08-07,pe_ratio_band_elevated,0.0
PWR,2026-08-07,pe_ratio_band_elevated,0.0
PYPL,2026-08-07,pe_ratio_band_elevated,0.0
QCOM,2026-08-07,pe_ratio_band_elevated,0.0
RCL,2026-08-07,pe_ratio_band_elevated,0.0
RDDT,2026-08-07,pe_ratio_band_elevated,1.0
REG,2026-08-07,pe_ratio_band_elevated,0.0
REGN,2026-08-07,pe_ratio_band_elevated,0.0
RF,2026-08-07,pe_ratio_band_elevated,0.0
RJF,2026-08-07,pe_ratio_band_elevated,0.0
RL,2026-08-07,pe_ratio_band_elevated,0.0
RMD,2026-08-07,pe_ratio_band_elevated,0.0
ROK,2026-08-07,pe_ratio_band_elevated,0.0
ROL,2026-08-07,pe_ratio_band_elevated,1.0
ROP,2026-08-07,pe_ratio_band_elevated,0.0
ROST,2026-08-07,pe_ratio_band_elevated,0.0
RSG,2026-08-07,pe_ratio_band_elevated,0.0
RTX,2026-08-07,pe_ratio_band_elevated,0.0
RVTY,2026-08-07,pe_ratio_band_elevated,0.0
SBAC,2026-08-07,pe_ratio_band_elevated,0.0
SBUX,2026-08-07,pe_ratio_band_elevated,0.0
SCHW,2026-08-07,pe_ratio_band_elevated,0.0
SHW,2026-08-07,pe_ratio_band_elevated,1.0
SJM,2026-08-07,pe_ratio_band_elevated,0.0
SLB,2026-08-07,pe_ratio_band_elevated,0.0
SMCI,2026-08-07,pe_ratio_band_elevated,0.0
SNA,2026-08-07,pe_ratio_band_elevated,0.0
SNDK,2026-08-07,pe_ratio_band_elevated,0.0
SNPS,2026-08-07,pe_ratio_band_elevated,1.0
SO,2026-08-07,pe_ratio_band_elevated,0.0
SOFI,2026-08-07,pe_ratio_band_elevated,1.0
SOLV,2026-08-07,pe_ratio_band_elevated,0.0
SPG,2026-08-07,pe_ratio_band_elevated,0.0
SPGI,2026-08-07,pe_ratio_band_elevated,0.0
SRE,2026-08-07,pe_ratio_band_elevated,0.0
STE,2026-08-07,pe_ratio_band_elevated,0.0
STLD,2026-08-07,pe_ratio_band_elevated,0.0
STT,2026-08-07,pe_ratio_band_elevated,0.0
STX,2026-08-07,pe_ratio_band_elevated,0.0
SW,2026-08-07,pe_ratio_band_elevated,0.0
SWK,2026-08-07,pe_ratio_band_elevated,0.0
SWKS,2026-08-07,pe_ratio_band_elevated,0.0
SYF,2026-08-07,pe_ratio_band_elevated,0.0
SYK,2026-08-07,pe_ratio_band_elevated,1.0
SYY,2026-08-07,pe_ratio_band_elevated,0.0
T,2026-08-07,pe_ratio_band_elevated,0.0
TAP,2026-08-07,pe_ratio_band_elevated,0.0
TDG,2026-08-07,pe_ratio_band_elevated,0.0
TDY,2026-08-07,pe_ratio_band_elevated,0.0
TECH,2026-08-07,pe_ratio_band_elevated,1.0
TEL,2026-08-07,pe_ratio_band_elevated,0.0
TER,2026-08-07,pe_ratio_band_elevated,0.0
TFC,2026-08-07,pe_ratio_band_elevated,0.0
TGT,2026-08-07,pe_ratio_band_elevated,0.0
TJX,2026-08-07,pe_ratio_band_elevated,0.0
TKO,2026-08-07,pe_ratio_band_elevated,1.0
TMO,2026-08-07,pe_ratio_band_elevated,0.0
TMUS,2026-08-07,pe_ratio_band_elevated,1.0
TPL,2026-08-07,pe_ratio_band_elevated,1.0
TPR,2026-08-07,pe_ratio_band_elevated,0.0
TRGP,2026-08-07,pe_ratio_band_elevated,0.0
TRMB,2026-08-07,pe_ratio_band_elevated,0.0
TROW,2026-08-07,pe_ratio_band_elevated,0.0
TRV,2026-08-07,pe_ratio_band_elevated,0.0
TSCO,2026-08-07,pe_ratio_band_elevated,0.0
TSLA,2026-08-07,pe_ratio_band_elevated,1.0
TSN,2026-08-07,pe_ratio_band_elevated,0.0
TT,2026-08-07,pe_ratio_band_elevated,0.0
TTD,2026-08-07,pe_ratio_band_elevated,0.0
TTWO,2026-08-07,pe_ratio_band_elevated,1.0
TXN,2026-08-07,pe_ratio_band_elevated,0.0
TXT,2026-08-07,pe_ratio_band_elevated,0.0
TYL,2026-08-07,pe_ratio_band_elevated,1.0
UBER,2026-08-07,pe_ratio_band_elevated,0.0
UDR,2026-08-07,pe_ratio_band_elevated,0.0
UHS,2026-08-07,pe_ratio_band_elevated,0.0
ULTA,2026-08-07,pe_ratio_band_elevated,0.0
UNH,2026-08-07,pe_ratio_band_elevated,0.0
UPS,2026-08-07,pe_ratio_band_elevated,0.0
URI,2026-08-07,pe_ratio_band_elevated,0.0
USB,2026-08-07,pe_ratio_band_elevated,0.0
VEEV,2026-08-07,pe_ratio_band_elevated,0.0
VICI,2026-08-07,pe_ratio_band_elevated,0.0
VLO,2026-08-07,pe_ratio_band_elevated,0.0
VLTO,2026-08-07,pe_ratio_band_elevated,0.0
VMC,2026-08-07,pe_ratio_band_elevated,1.0
VRSK,2026-08-07,pe_ratio_band_elevated,0.0
VRSN,2026-08-07,pe_ratio_band_elevated,0.0
VRT,2026-08-07,pe_ratio_band_elevated,0.0
VRTX,2026-08-07,pe_ratio_band_elevated,0.0
VST,2026-08-07,pe_ratio_band_elevated,0.0
VTR,2026-08-07,pe_ratio_band_elevated,1.0
VZ,2026-08-07,pe_ratio_band_elevated,0.0
WAB,2026-08-07,pe_ratio_band_elevated,0.0
WAT,2026-08-07,pe_ratio_band_elevated,0.0
WBD,2026-08-07,pe_ratio_band_elevated,0.0
WDAY,2026-08-07,pe_ratio_band_elevated,1.0
WDC,2026-08-07,pe_ratio_band_elevated,0.0
WEC,2026-08-07,pe_ratio_band_elevated,0.0
WELL,2026-08-07,pe_ratio_band_elevated,1.0
WFC,2026-08-07,pe_ratio_band_elevated,0.0
WM,2026-08-07,pe_ratio_band_elevated,0.0
WMB,2026-08-07,pe_ratio_band_elevated,0.0
WMT,2026-08-07,pe_ratio_band_elevated,1.0
WRB,2026-08-07,pe_ratio_band_elevated,1.0
WSM,2026-08-07,pe_ratio_band_elevated,0.0
WST,2026-08-07,pe_ratio_band_elevated,1.0
WTW,2026-08-07,pe_ratio_band_elevated,0.0
WY,2026-08-07,pe_ratio_band_elevated,0.0
WYNN,2026-08-07,pe_ratio_band_elevated,0.0
XEL,2026-08-07,pe_ratio_band_elevated,0.0
XOM,2026-08-07,pe_ratio_band_elevated,0.0
XYL,2026-08-07,pe_ratio_band_elevated,0.0
XYZ,2026-08-07,pe_ratio_band_elevated,0.0
YUM,2026-08-07,pe_ratio_band_elevated,0.0
ZBH,2026-08-07,pe_ratio_band_elevated,0.0
ZBRA,2026-08-07,pe_ratio_band_elevated,0.0
ZTS,2026-08-07,pe_ratio_band_elevated,0.0
A,2026-08-07,pfcf_ratio_band_elevated,0.0
AAPL,2026-08-07,pfcf_ratio_band_elevated,0.0
ABBV,2026-08-07,pfcf_ratio_band_elevated,0.0
ABNB,2026-08-07,pfcf_ratio_band_elevated,0.0
ABT,2026-08-07,pfcf_ratio_band_elevated,0.0
ACGL,2026-08-07,pfcf_ratio_band_elevated,0.0
ACN,2026-08-07,pfcf_ratio_band_elevated,0.0
ADBE,2026-08-07,pfcf_ratio_band_elevated,0.0
ADI,2026-08-07,pfcf_ratio_band_elevated,0.0
ADM,2026-08-07,pfcf_ratio_band_elevated,0.0
ADP,2026-08-07,pfcf_ratio_band_elevated,0.0
ADSK,2026-08-07,pfcf_ratio_band_elevated,0.0
AEP,2026-08-07,pfcf_ratio_band_elevated,0.0
AIZ,2026-08-07,pfcf_ratio_band_elevated,0.0
AKAM,2026-08-07,pfcf_ratio_band_elevated,0.0
ALB,2026-08-07,pfcf_ratio_band_elevated,0.0
ALGN,2026-08-07,pfcf_ratio_band_elevated,0.0
ALL,2026-08-07,pfcf_ratio_band_elevated,0.0
ALLE,2026-08-07,pfcf_ratio_band_elevated,0.0
AMAT,2026-08-07,pfcf_ratio_band_elevated,0.0
AMCR,2026-08-07,pfcf_ratio_band_elevated,0.0
AMD,2026-08-07,pfcf_ratio_band_elevated,1.0
AME,2026-08-07,pfcf_ratio_band_elevated,0.0
AMGN,2026-08-07,pfcf_ratio_band_elevated,0.0
AMP,2026-08-07,pfcf_ratio_band_elevated,0.0
AMT,2026-08-07,pfcf_ratio_band_elevated,1.0
AMZN,2026-08-07,pfcf_ratio_band_elevated,1.0
AON,2026-08-07,pfcf_ratio_band_elevated,0.0
AOS,2026-08-07,pfcf_ratio_band_elevated,0.0
APH,2026-08-07,pfcf_ratio_band_elevated,1.0
APP,2026-08-07,pfcf_ratio_band_elevated,0.0
APTV,2026-08-07,pfcf_ratio_band_elevated,0.0
ATO,2026-08-07,pfcf_ratio_band_elevated,0.0
AVGO,2026-08-07,pfcf_ratio_band_elevated,0.0
AVY,2026-08-07,pfcf_ratio_band_elevated,0.0
AXON,2026-08-07,pfcf_ratio_band_elevated,1.0
AXP,2026-08-07,pfcf_ratio_band_elevated,0.0
AZO,2026-08-07,pfcf_ratio_band_elevated,0.0
BA,2026-08-07,pfcf_ratio_band_elevated,0.0
BALL,2026-08-07,pfcf_ratio_band_elevated,0.0
BAX,2026-08-07,pfcf_ratio_band_elevated,1.0
BBY,2026-08-07,pfcf_ratio_band_elevated,0.0
BDX,2026-08-07,pfcf_ratio_band_elevated,0.0
BEN,2026-08-07,pfcf_ratio_band_elevated,0.0
BF-B,2026-08-07,pfcf_ratio_band_elevated,0.0
BG,2026-08-07,pfcf_ratio_band_elevated,0.0
BIIB,2026-08-07,pfcf_ratio_band_elevated,0.0
BKNG,2026-08-07,pfcf_ratio_band_elevated,0.0
BLDR,2026-08-07,pfcf_ratio_band_elevated,0.0
BLK,2026-08-07,pfcf_ratio_band_elevated,1.0
BMY,2026-08-07,pfcf_ratio_band_elevated,0.0
BNY,2026-08-07,pfcf_ratio_band_elevated,0.0
BR,2026-08-07,pfcf_ratio_band_elevated,0.0
BRO,2026-08-07,pfcf_ratio_band_elevated,0.0
BSX,2026-08-07,pfcf_ratio_band_elevated,0.0
C,2026-08-07,pfcf_ratio_band_elevated,0.0
CAG,2026-08-07,pfcf_ratio_band_elevated,0.0
CAH,2026-08-07,pfcf_ratio_band_elevated,0.0
CARR,2026-08-07,pfcf_ratio_band_elevated,0.0
CASY,2026-08-07,pfcf_ratio_band_elevated,0.0
CAT,2026-08-07,pfcf_ratio_band_elevated,0.0
CBOE,2026-08-07,pfcf_ratio_band_elevated,0.0
CBRE,2026-08-07,pfcf_ratio_band_elevated,0.0
CCI,2026-08-07,pfcf_ratio_band_elevated,0.0
CCL,2026-08-07,pfcf_ratio_band_elevated,0.0
CDNS,2026-08-07,pfcf_ratio_band_elevated,1.0
CDW,2026-08-07,pfcf_ratio_band_elevated,0.0
CE,2026-08-07,pfcf_ratio_band_elevated,0.0
CEG,2026-08-07,pfcf_ratio_band_elevated,0.0
CF,2026-08-07,pfcf_ratio_band_elevated,0.0
CHD,2026-08-07,pfcf_ratio_band_elevated,1.0
CHRW,2026-08-07,pfcf_ratio_band_elevated,0.0
CIEN,2026-08-07,pfcf_ratio_band_elevated,0.0
CINF,2026-08-07,pfcf_ratio_band_elevated,0.0
CL,2026-08-07,pfcf_ratio_band_elevated,0.0
CLX,2026-08-07,pfcf_ratio_band_elevated,0.0
CME,2026-08-07,pfcf_ratio_band_elevated,0.0
CMG,2026-08-07,pfcf_ratio_band_elevated,1.0
CMI,2026-08-07,pfcf_ratio_band_elevated,0.0
CNC,2026-08-07,pfcf_ratio_band_elevated,0.0
COF,2026-08-07,pfcf_ratio_band_elevated,0.0
COHR,2026-08-07,pfcf_ratio_band_elevated,0.0
COIN,2026-08-07,pfcf_ratio_band_elevated,0.0
COO,2026-08-07,pfcf_ratio_band_elevated,0.0
COP,2026-08-07,pfcf_ratio_band_elevated,0.0
COR,2026-08-07,pfcf_ratio_band_elevated,0.0
COST,2026-08-07,pfcf_ratio_band_elevated,1.0
CPAY,2026-08-07,pfcf_ratio_band_elevated,0.0
CPB,2026-08-07,pfcf_ratio_band_elevated,0.0
CPRT,2026-08-07,pfcf_ratio_band_elevated,0.0
CRH,2026-08-07,pfcf_ratio_band_elevated,0.0
CRL,2026-08-07,pfcf_ratio_band_elevated,0.0
CRM,2026-08-07,pfcf_ratio_band_elevated,0.0
CRWD,2026-08-07,pfcf_ratio_band_elevated,0.0
CSCO,2026-08-07,pfcf_ratio_band_elevated,0.0
CSGP,2026-08-07,pfcf_ratio_band_elevated,1.0
CTAS,2026-08-07,pfcf_ratio_band_elevated,1.0
CTSH,2026-08-07,pfcf_ratio_band_elevated,0.0
CTVA,2026-08-07,pfcf_ratio_band_elevated,0.0
CVS,2026-08-07,pfcf_ratio_band_elevated,0.0
CVX,2026-08-07,pfcf_ratio_band_elevated,0.0
DASH,2026-08-07,pfcf_ratio_band_elevated,1.0
DD,2026-08-07,pfcf_ratio_band_elevated,0.0
DDOG,2026-08-07,pfcf_ratio_band_elevated,1.0
DE,2026-08-07,pfcf_ratio_band_elevated,0.0
DECK,2026-08-07,pfcf_ratio_band_elevated,0.0
DELL,2026-08-07,pfcf_ratio_band_elevated,0.0
DG,2026-08-07,pfcf_ratio_band_elevated,0.0
DGX,2026-08-07,pfcf_ratio_band_elevated,0.0
DHR,2026-08-07,pfcf_ratio_band_elevated,1.0
DIS,2026-08-07,pfcf_ratio_band_elevated,0.0
DLTR,2026-08-07,pfcf_ratio_band_elevated,0.0
DOV,2026-08-07,pfcf_ratio_band_elevated,0.0
DPZ,2026-08-07,pfcf_ratio_band_elevated,0.0
DRI,2026-08-07,pfcf_ratio_band_elevated,0.0
DUK,2026-08-07,pfcf_ratio_band_elevated,1.0
DVA,2026-08-07,pfcf_ratio_band_elevated,0.0
DVN,2026-08-07,pfcf_ratio_band_elevated,0.0
DXCM,2026-08-07,pfcf_ratio_band_elevated,0.0
EA,2026-08-07,pfcf_ratio_band_elevated,0.0
EBAY,2026-08-07,pfcf_ratio_band_elevated,0.0
ECL,2026-08-07,pfcf_ratio_band_elevated,0.0
EFX,2026-08-07,pfcf_ratio_band_elevated,0.0
EL,2026-08-07,pfcf_ratio_band_elevated,1.0
ELV,2026-08-07,pfcf_ratio_band_elevated,0.0
EME,2026-08-07,pfcf_ratio_band_elevated,0.0
EMR,2026-08-07,pfcf_ratio_band_elevated,0.0
EOG,2026-08-07,pfcf_ratio_band_elevated,0.0
EQIX,2026-08-07,pfcf_ratio_band_elevated,1.0
EQT,2026-08-07,pfcf_ratio_band_elevated,0.0
ERIE,2026-08-07,pfcf_ratio_band_elevated,0.0
ES,2026-08-07,pfcf_ratio_band_elevated,0.0
ETN,2026-08-07,pfcf_ratio_band_elevated,1.0
ETR,2026-08-07,pfcf_ratio_band_elevated,0.0
EW,2026-08-07,pfcf_ratio_band_elevated,1.0
EXE,2026-08-07,pfcf_ratio_band_elevated,0.0
EXPD,2026-08-07,pfcf_ratio_band_elevated,0.0
EXPE,2026-08-07,pfcf_ratio_band_elevated,0.0
EXR,2026-08-07,pfcf_ratio_band_elevated,0.0
F,2026-08-07,pfcf_ratio_band_elevated,0.0
FANG,2026-08-07,pfcf_ratio_band_elevated,0.0
FAST,2026-08-07,pfcf_ratio_band_elevated,0.0
FCX,2026-08-07,pfcf_ratio_band_elevated,0.0
FDS,2026-08-07,pfcf_ratio_band_elevated,0.0
FDX,2026-08-07,pfcf_ratio_band_elevated,0.0
FE,2026-08-07,pfcf_ratio_band_elevated,0.0
FFIV,2026-08-07,pfcf_ratio_band_elevated,0.0
FICO,2026-08-07,pfcf_ratio_band_elevated,0.0
FIS,2026-08-07,pfcf_ratio_band_elevated,0.0
FISV,2026-08-07,pfcf_ratio_band_elevated,0.0
FITB,2026-08-07,pfcf_ratio_band_elevated,0.0
FIX,2026-08-07,pfcf_ratio_band_elevated,0.0
FLEX,2026-08-07,pfcf_ratio_band_elevated,0.0
FOX,2026-08-07,pfcf_ratio_band_elevated,0.0
FOXA,2026-08-07,pfcf_ratio_band_elevated,0.0
FSLR,2026-08-07,pfcf_ratio_band_elevated,0.0
FTNT,2026-08-07,pfcf_ratio_band_elevated,1.0
FTV,2026-08-07,pfcf_ratio_band_elevated,0.0
GD,2026-08-07,pfcf_ratio_band_elevated,0.0
GDDY,2026-08-07,pfcf_ratio_band_elevated,0.0
GE,2026-08-07,pfcf_ratio_band_elevated,0.0
GEN,2026-08-07,pfcf_ratio_band_elevated,0.0
GEV,2026-08-07,pfcf_ratio_band_elevated,0.0
GILD,2026-08-07,pfcf_ratio_band_elevated,0.0
GIS,2026-08-07,pfcf_ratio_band_elevated,0.0
GM,2026-08-07,pfcf_ratio_band_elevated,0.0
GNRC,2026-08-07,pfcf_ratio_band_elevated,0.0
GOOG,2026-08-07,pfcf_ratio_band_elevated,0.0
GOOGL,2026-08-07,pfcf_ratio_band_elevated,0.0
GPC,2026-08-07,pfcf_ratio_band_elevated,0.0
GPN,2026-08-07,pfcf_ratio_band_elevated,0.0
GRMN,2026-08-07,pfcf_ratio_band_elevated,0.0
GS,2026-08-07,pfcf_ratio_band_elevated,0.0
GWW,2026-08-07,pfcf_ratio_band_elevated,0.0
HAL,2026-08-07,pfcf_ratio_band_elevated,0.0
HAS,2026-08-07,pfcf_ratio_band_elevated,0.0
HBAN,2026-08-07,pfcf_ratio_band_elevated,0.0
HCA,2026-08-07,pfcf_ratio_band_elevated,0.0
HD,2026-08-07,pfcf_ratio_band_elevated,0.0
HIG,2026-08-07,pfcf_ratio_band_elevated,0.0
HII,2026-08-07,pfcf_ratio_band_elevated,0.0
HLT,2026-08-07,pfcf_ratio_band_elevated,0.0
HON,2026-08-07,pfcf_ratio_band_elevated,0.0
HOOD,2026-08-07,pfcf_ratio_band_elevated,0.0
HPE,2026-08-07,pfcf_ratio_band_elevated,0.0
HPQ,2026-08-07,pfcf_ratio_band_elevated,0.0
HRL,2026-08-07,pfcf_ratio_band_elevated,0.0
HSIC,2026-08-07,pfcf_ratio_band_elevated,0.0
HSY,2026-08-07,pfcf_ratio_band_elevated,0.0
HUBB,2026-08-07,pfcf_ratio_band_elevated,0.0
HUM,2026-08-07,pfcf_ratio_band_elevated,0.0
HWM,2026-08-07,pfcf_ratio_band_elevated,1.0
IBM,2026-08-07,pfcf_ratio_band_elevated,0.0
ICE,2026-08-07,pfcf_ratio_band_elevated,0.0
IDXX,2026-08-07,pfcf_ratio_band_elevated,1.0
IEX,2026-08-07,pfcf_ratio_band_elevated,0.0
IFF,2026-08-07,pfcf_ratio_band_elevated,0.0
INCY,2026-08-07,pfcf_ratio_band_elevated,0.0
INTC,2026-08-07,pfcf_ratio_band_elevated,0.0
IP,2026-08-07,pfcf_ratio_band_elevated,0.0
IQV,2026-08-07,pfcf_ratio_band_elevated,0.0
IR,2026-08-07,pfcf_ratio_band_elevated,0.0
IRM,2026-08-07,pfcf_ratio_band_elevated,1.0
ISRG,2026-08-07,pfcf_ratio_band_elevated,1.0
ITW,2026-08-07,pfcf_ratio_band_elevated,0.0
IVZ,2026-08-07,pfcf_ratio_band_elevated,0.0
J,2026-08-07,pfcf_ratio_band_elevated,0.0
JBHT,2026-08-07,pfcf_ratio_band_elevated,0.0
JBL,2026-08-07,pfcf_ratio_band_elevated,0.0
JCI,2026-08-07,pfcf_ratio_band_elevated,0.0
JKHY,2026-08-07,pfcf_ratio_band_elevated,0.0
JNJ,2026-08-07,pfcf_ratio_band_elevated,0.0
KDP,2026-08-07,pfcf_ratio_band_elevated,0.0
KEY,2026-08-07,pfcf_ratio_band_elevated,0.0
KEYS,2026-08-07,pfcf_ratio_band_elevated,0.0
KHC,2026-08-07,pfcf_ratio_band_elevated,0.0
KIM,2026-08-07,pfcf_ratio_band_elevated,0.0
KLAC,2026-08-07,pfcf_ratio_band_elevated,0.0
KMB,2026-08-07,pfcf_ratio_band_elevated,0.0
KMI,2026-08-07,pfcf_ratio_band_elevated,0.0
KO,2026-08-07,pfcf_ratio_band_elevated,0.0
KVUE,2026-08-07,pfcf_ratio_band_elevated,0.0
L,2026-08-07,pfcf_ratio_band_elevated,0.0
LDOS,2026-08-07,pfcf_ratio_band_elevated,0.0
LH,2026-08-07,pfcf_ratio_band_elevated,0.0
LHX,2026-08-07,pfcf_ratio_band_elevated,0.0
LII,2026-08-07,pfcf_ratio_band_elevated,0.0
LIN,2026-08-07,pfcf_ratio_band_elevated,0.0
LITE,2026-08-07,pfcf_ratio_band_elevated,0.0
LLY,2026-08-07,pfcf_ratio_band_elevated,1.0
LMT,2026-08-07,pfcf_ratio_band_elevated,0.0
LOW,2026-08-07,pfcf_ratio_band_elevated,0.0
LRCX,2026-08-07,pfcf_ratio_band_elevated,0.0
LULU,2026-08-07,pfcf_ratio_band_elevated,0.0
LVS,2026-08-07,pfcf_ratio_band_elevated,0.0
LYB,2026-08-07,pfcf_ratio_band_elevated,0.0
LYV,2026-08-07,pfcf_ratio_band_elevated,0.0
MA,2026-08-07,pfcf_ratio_band_elevated,1.0
MAR,2026-08-07,pfcf_ratio_band_elevated,0.0
MAS,2026-08-07,pfcf_ratio_band_elevated,0.0
MCD,2026-08-07,pfcf_ratio_band_elevated,1.0
MCHP,2026-08-07,pfcf_ratio_band_elevated,0.0
MCK,2026-08-07,pfcf_ratio_band_elevated,0.0
MCO,2026-08-07,pfcf_ratio_band_elevated,1.0
MDLZ,2026-08-07,pfcf_ratio_band_elevated,1.0
MDT,2026-08-07,pfcf_ratio_band_elevated,0.0
META,2026-08-07,pfcf_ratio_band_elevated,0.0
MGM,2026-08-07,pfcf_ratio_band_elevated,0.0
MKC,2026-08-07,pfcf_ratio_band_elevated,1.0
MLM,2026-08-07,pfcf_ratio_band_elevated,0.0
MMM,2026-08-07,pfcf_ratio_band_elevated,0.0
MNST,2026-08-07,pfcf_ratio_band_elevated,1.0
MO,2026-08-07,pfcf_ratio_band_elevated,0.0
MOS,2026-08-07,pfcf_ratio_band_elevated,0.0
MPC,2026-08-07,pfcf_ratio_band_elevated,0.0
MPWR,2026-08-07,pfcf_ratio_band_elevated,1.0
MRK,2026-08-07,pfcf_ratio_band_elevated,0.0
MRSH,2026-08-07,pfcf_ratio_band_elevated,0.0
MRVL,2026-08-07,pfcf_ratio_band_elevated,1.0
MSCI,2026-08-07,pfcf_ratio_band_elevated,1.0
MSFT,2026-08-07,pfcf_ratio_band_elevated,1.0
MSI,2026-08-07,pfcf_ratio_band_elevated,0.0
MTB,2026-08-07,pfcf_ratio_band_elevated,0.0
MTD,2026-08-07,pfcf_ratio_band_elevated,1.0
MU,2026-08-07,pfcf_ratio_band_elevated,0.0
NCLH,2026-08-07,pfcf_ratio_band_elevated,0.0
NDAQ,2026-08-07,pfcf_ratio_band_elevated,0.0
NDSN,2026-08-07,pfcf_ratio_band_elevated,0.0
NEM,2026-08-07,pfcf_ratio_band_elevated,0.0
NFLX,2026-08-07,pfcf_ratio_band_elevated,1.0
NKE,2026-08-07,pfcf_ratio_band_elevated,0.0
NOC,2026-08-07,pfcf_ratio_band_elevated,0.0
NOW,2026-08-07,pfcf_ratio_band_elevated,0.0
NRG,2026-08-07,pfcf_ratio_band_elevated,0.0
NTAP,2026-08-07,pfcf_ratio_band_elevated,0.0
NTRS,2026-08-07,pfcf_ratio_band_elevated,0.0
NUE,2026-08-07,pfcf_ratio_band_elevated,0.0
NVDA,2026-08-07,pfcf_ratio_band_elevated,1.0
NWS,2026-08-07,pfcf_ratio_band_elevated,0.0
NWSA,2026-08-07,pfcf_ratio_band_elevated,0.0
NXPI,2026-08-07,pfcf_ratio_band_elevated,0.0
ODFL,2026-08-07,pfcf_ratio_band_elevated,1.0
OKE,2026-08-07,pfcf_ratio_band_elevated,0.0
OMC,2026-08-07,pfcf_ratio_band_elevated,0.0
ON,2026-08-07,pfcf_ratio_band_elevated,0.0
ORCL,2026-08-07,pfcf_ratio_band_elevated,0.0
ORLY,2026-08-07,pfcf_ratio_band_elevated,0.0
OTIS,2026-08-07,pfcf_ratio_band_elevated,0.0
OXY,2026-08-07,pfcf_ratio_band_elevated,0.0
PANW,2026-08-07,pfcf_ratio_band_elevated,0.0
PAYX,2026-08-07,pfcf_ratio_band_elevated,0.0
PCAR,2026-08-07,pfcf_ratio_band_elevated,0.0
PEG,2026-08-07,pfcf_ratio_band_elevated,0.0
PEP,2026-08-07,pfcf_ratio_band_elevated,1.0
PFE,2026-08-07,pfcf_ratio_band_elevated,0.0
PG,2026-08-07,pfcf_ratio_band_elevated,1.0
PGR,2026-08-07,pfcf_ratio_band_elevated,0.0
PH,2026-08-07,pfcf_ratio_band_elevated,0.0
PKG,2026-08-07,pfcf_ratio_band_elevated,0.0
PLTR,2026-08-07,pfcf_ratio_band_elevated,1.0
PM,2026-08-07,pfcf_ratio_band_elevated,0.0
PNR,2026-08-07,pfcf_ratio_band_elevated,0.0
PODD,2026-08-07,pfcf_ratio_band_elevated,1.0
POOL,2026-08-07,pfcf_ratio_band_elevated,0.0
PPG,2026-08-07,pfcf_ratio_band_elevated,0.0
PTC,2026-08-07,pfcf_ratio_band_elevated,0.0
PWR,2026-08-07,pfcf_ratio_band_elevated,0.0
PYPL,2026-08-07,pfcf_ratio_band_elevated,0.0
Q,2026-08-07,pfcf_ratio_band_elevated,0.0
QCOM,2026-08-07,pfcf_ratio_band_elevated,0.0
RCL,2026-08-07,pfcf_ratio_band_elevated,0.0
RDDT,2026-08-07,pfcf_ratio_band_elevated,1.0
REGN,2026-08-07,pfcf_ratio_band_elevated,0.0
RJF,2026-08-07,pfcf_ratio_band_elevated,0.0
RL,2026-08-07,pfcf_ratio_band_elevated,0.0
RMD,2026-08-07,pfcf_ratio_band_elevated,0.0
ROK,2026-08-07,pfcf_ratio_band_elevated,1.0
ROL,2026-08-07,pfcf_ratio_band_elevated,1.0
ROST,2026-08-07,pfcf_ratio_band_elevated,0.0
RSG,2026-08-07,pfcf_ratio_band_elevated,0.0
RTX,2026-08-07,pfcf_ratio_band_elevated,0.0
RVTY,2026-08-07,pfcf_ratio_band_elevated,0.0
SBAC,2026-08-07,pfcf_ratio_band_elevated,0.0
SBUX,2026-08-07,pfcf_ratio_band_elevated,0.0
SCHW,2026-08-07,pfcf_ratio_band_elevated,0.0
SHW,2026-08-07,pfcf_ratio_band_elevated,1.0
SJM,2026-08-07,pfcf_ratio_band_elevated,0.0
SLB,2026-08-07,pfcf_ratio_band_elevated,0.0
SMCI,2026-08-07,pfcf_ratio_band_elevated,0.0
SNDK,2026-08-07,pfcf_ratio_band_elevated,1.0
SNPS,2026-08-07,pfcf_ratio_band_elevated,1.0
SO,2026-08-07,pfcf_ratio_band_elevated,0.0
SOLV,2026-08-07,pfcf_ratio_band_elevated,0.0
SPG,2026-08-07,pfcf_ratio_band_elevated,0.0
SPGI,2026-08-07,pfcf_ratio_band_elevated,0.0
STE,2026-08-07,pfcf_ratio_band_elevated,1.0
STLD,2026-08-07,pfcf_ratio_band_elevated,0.0
STT,2026-08-07,pfcf_ratio_band_elevated,0.0
STX,2026-08-07,pfcf_ratio_band_elevated,0.0
STZ,2026-08-07,pfcf_ratio_band_elevated,0.0
SW,2026-08-07,pfcf_ratio_band_elevated,0.0
SWK,2026-08-07,pfcf_ratio_band_elevated,0.0
SWKS,2026-08-07,pfcf_ratio_band_elevated,0.0
SYK,2026-08-07,pfcf_ratio_band_elevated,1.0
SYY,2026-08-07,pfcf_ratio_band_elevated,0.0
TAP,2026-08-07,pfcf_ratio_band_elevated,0.0
TDG,2026-08-07,pfcf_ratio_band_elevated,1.0
TDY,2026-08-07,pfcf_ratio_band_elevated,0.0
TECH,2026-08-07,pfcf_ratio_band_elevated,1.0
TEL,2026-08-07,pfcf_ratio_band_elevated,0.0
TER,2026-08-07,pfcf_ratio_band_elevated,0.0
TFC,2026-08-07,pfcf_ratio_band_elevated,0.0
TGT,2026-08-07,pfcf_ratio_band_elevated,0.0
TJX,2026-08-07,pfcf_ratio_band_elevated,1.0
TMO,2026-08-07,pfcf_ratio_band_elevated,1.0
TPL,2026-08-07,pfcf_ratio_band_elevated,1.0
TPR,2026-08-07,pfcf_ratio_band_elevated,0.0
TRGP,2026-08-07,pfcf_ratio_band_elevated,0.0
TRMB,2026-08-07,pfcf_ratio_band_elevated,0.0
TROW,2026-08-07,pfcf_ratio_band_elevated,0.0
TSCO,2026-08-07,pfcf_ratio_band_elevated,1.0
TSLA,2026-08-07,pfcf_ratio_band_elevated,1.0
TSN,2026-08-07,pfcf_ratio_band_elevated,0.0
TT,2026-08-07,pfcf_ratio_band_elevated,0.0
TTD,2026-08-07,pfcf_ratio_band_elevated,0.0
TTWO,2026-08-07,pfcf_ratio_band_elevated,1.0
TXN,2026-08-07,pfcf_ratio_band_elevated,0.0
TXT,2026-08-07,pfcf_ratio_band_elevated,0.0
TYL,2026-08-07,pfcf_ratio_band_elevated,0.0
UBER,2026-08-07,pfcf_ratio_band_elevated,0.0
UHS,2026-08-07,pfcf_ratio_band_elevated,0.0
ULTA,2026-08-07,pfcf_ratio_band_elevated,0.0
UNH,2026-08-07,pfcf_ratio_band_elevated,0.0
UPS,2026-08-07,pfcf_ratio_band_elevated,0.0
URI,2026-08-07,pfcf_ratio_band_elevated,0.0
V,2026-08-07,pfcf_ratio_band_elevated,0.0
VLO,2026-08-07,pfcf_ratio_band_elevated,0.0
VLTO,2026-08-07,pfcf_ratio_band_elevated,0.0
VMC,2026-08-07,pfcf_ratio_band_elevated,0.0
VRSK,2026-08-07,pfcf_ratio_band_elevated,0.0
VRSN,2026-08-07,pfcf_ratio_band_elevated,0.0
VRT,2026-08-07,pfcf_ratio_band_elevated,0.0
VRTX,2026-08-07,pfcf_ratio_band_elevated,0.0
VST,2026-08-07,pfcf_ratio_band_elevated,0.0
VTRS,2026-08-07,pfcf_ratio_band_elevated,0.0
WAB,2026-08-07,pfcf_ratio_band_elevated,0.0
WBD,2026-08-07,pfcf_ratio_band_elevated,0.0
WDAY,2026-08-07,pfcf_ratio_band_elevated,0.0
WDC,2026-08-07,pfcf_ratio_band_elevated,0.0
WEC,2026-08-07,pfcf_ratio_band_elevated,0.0
WM,2026-08-07,pfcf_ratio_band_elevated,0.0
WMB,2026-08-07,pfcf_ratio_band_elevated,0.0
WMT,2026-08-07,pfcf_ratio_band_elevated,1.0
WSM,2026-08-07,pfcf_ratio_band_elevated,0.0
WST,2026-08-07,pfcf_ratio_band_elevated,1.0
WTW,2026-08-07,pfcf_ratio_band_elevated,0.0
WYNN,2026-08-07,pfcf_ratio_band_elevated,0.0
XOM,2026-08-07,pfcf_ratio_band_elevated,0.0
XYL,2026-08-07,pfcf_ratio_band_elevated,1.0
XYZ,2026-08-07,pfcf_ratio_band_elevated,0.0
YUM,2026-08-07,pfcf_ratio_band_elevated,0.0
ZBH,2026-08-07,pfcf_ratio_band_elevated,0.0
ZBRA,2026-08-07,pfcf_ratio_band_elevated,0.0
ZTS,2026-08-07,pfcf_ratio_band_elevated,0.0
A,2026-08-07,days_since_last_filing,99.0
AAPL,2026-08-07,days_since_last_filing,41.0
ABBV,2026-08-07,days_since_last_filing,38.0
ABNB,2026-08-07,days_since_last_filing,38.0
ABT,2026-08-07,days_since_last_filing,129.0
ACGL,2026-08-07,days_since_last_filing,38.0
ACN,2026-08-07,days_since_last_filing,68.0
ADBE,2026-08-07,days_since_last_filing,70.0
ADI,2026-08-07,days_since_last_filing,97.0
ADM,2026-08-07,days_since_last_filing,38.0
ADP,2026-08-07,days_since_last_filing,38.0
ADSK,2026-08-07,days_since_last_filing,99.0
AEE,2026-08-07,days_since_last_filing,38.0
AEP,2026-08-07,days_since_last_filing,129.0
AES,2026-08-07,days_since_last_filing,38.0
AFL,2026-08-07,days_since_last_filing,38.0
AIG,2026-08-07,days_since_last_filing,38.0
AIZ,2026-08-07,days_since_last_filing,38.0
AJG,2026-08-07,days_since_last_filing,38.0
AKAM,2026-08-07,days_since_last_filing,129.0
ALB,2026-08-07,days_since_last_filing,38.0
ALGN,2026-08-07,days_since_last_filing,38.0
ALL,2026-08-07,days_since_last_filing,38.0
ALLE,2026-08-07,days_since_last_filing,38.0
AMAT,2026-08-07,days_since_last_filing,103.0
AMCR,2026-08-07,days_since_last_filing,129.0
AMD,2026-08-07,days_since_last_filing,41.0
AME,2026-08-07,days_since_last_filing,38.0
AMGN,2026-08-07,days_since_last_filing,38.0
AMP,2026-08-07,days_since_last_filing,38.0
AMT,2026-08-07,days_since_last_filing,129.0
AMZN,2026-08-07,days_since_last_filing,38.0
ANET,2026-08-07,days_since_last_filing,38.0
AON,2026-08-07,days_since_last_filing,38.0
AOS,2026-08-07,days_since_last_filing,38.0
APD,2026-08-07,days_since_last_filing,38.0
APH,2026-08-07,days_since_last_filing,38.0
APO,2026-08-07,days_since_last_filing,129.0
APP,2026-08-07,days_since_last_filing,38.0
APTV,2026-08-07,days_since_last_filing,38.0
ARE,2026-08-07,days_since_last_filing,38.0
ARES,2026-08-07,days_since_last_filing,38.0
ATO,2026-08-07,days_since_last_filing,38.0
AVB,2026-08-07,days_since_last_filing,38.0
AVGO,2026-08-07,days_since_last_filing,96.0
AVY,2026-08-07,days_since_last_filing,38.0
AWK,2026-08-07,days_since_last_filing,38.0
AXON,2026-08-07,days_since_last_filing,38.0
AXP,2026-08-07,days_since_last_filing,38.0
AZO,2026-08-07,days_since_last_filing,90.0
BA,2026-08-07,days_since_last_filing,38.0
BAC,2026-08-07,days_since_last_filing,38.0
BALL,2026-08-07,days_since_last_filing,38.0
BAX,2026-08-07,days_since_last_filing,38.0
BBY,2026-08-07,days_since_last_filing,97.0
BDX,2026-08-07,days_since_last_filing,38.0
BEN,2026-08-07,days_since_last_filing,38.0
BF-B,2026-08-07,days_since_last_filing,99.0
BG,2026-08-07,days_since_last_filing,129.0
BIIB,2026-08-07,days_since_last_filing,129.0
BKNG,2026-08-07,days_since_last_filing,38.0
BKR,2026-08-07,days_since_last_filing,38.0
BLDR,2026-08-07,days_since_last_filing,38.0
BLK,2026-08-07,days_since_last_filing,38.0
BMY,2026-08-07,days_since_last_filing,38.0
BNY,2026-08-07,days_since_last_filing,38.0
BR,2026-08-07,days_since_last_filing,38.0
BRO,2026-08-07,days_since_last_filing,38.0
BSX,2026-08-07,days_since_last_filing,38.0
BX,2026-08-07,days_since_last_filing,129.0
BXP,2026-08-07,days_since_last_filing,38.0
C,2026-08-07,days_since_last_filing,219.0
CAG,2026-08-07,days_since_last_filing,68.0
CAH,2026-08-07,days_since_last_filing,219.0
CARR,2026-08-07,days_since_last_filing,129.0
CASY,2026-08-07,days_since_last_filing,99.0
CAT,2026-08-07,days_since_last_filing,38.0
CB,2026-08-07,days_since_last_filing,129.0
CBOE,2026-08-07,days_since_last_filing,38.0
CBRE,2026-08-07,days_since_last_filing,38.0
CCI,2026-08-07,days_since_last_filing,38.0
CCL,2026-08-07,days_since_last_filing,68.0
CDNS,2026-08-07,days_since_last_filing,129.0
CDW,2026-08-07,days_since_last_filing,38.0
CE,2026-08-07,days_since_last_filing,38.0
CEG,2026-08-07,days_since_last_filing,38.0
CF,2026-08-07,days_since_last_filing,38.0
CFG,2026-08-07,days_since_last_filing,38.0
CHD,2026-08-07,days_since_last_filing,38.0
CHRW,2026-08-07,days_since_last_filing,38.0
CHTR,2026-08-07,days_since_last_filing,38.0
CI,2026-08-07,days_since_last_filing,38.0
CIEN,2026-08-07,days_since_last_filing,97.0
CINF,2026-08-07,days_since_last_filing,38.0
CL,2026-08-07,days_since_last_filing,38.0
CLX,2026-08-07,days_since_last_filing,129.0
CMCSA,2026-08-07,days_since_last_filing,38.0
CME,2026-08-07,days_since_last_filing,38.0
CMG,2026-08-07,days_since_last_filing,38.0
CMI,2026-08-07,days_since_last_filing,38.0
CMS,2026-08-07,days_since_last_filing,38.0
CNC,2026-08-07,days_since_last_filing,38.0
CNP,2026-08-07,days_since_last_filing,129.0
COF,2026-08-07,days_since_last_filing,129.0
COHR,2026-08-07,days_since_last_filing,129.0
COIN,2026-08-07,days_since_last_filing,38.0
COO,2026-08-07,days_since_last_filing,99.0
COP,2026-08-07,days_since_last_filing,38.0
COR,2026-08-07,days_since_last_filing,38.0
COST,2026-08-07,days_since_last_filing,89.0
CPAY,2026-08-07,days_since_last_filing,129.0
CPB,2026-08-07,days_since_last_filing,96.0
CPRT,2026-08-07,days_since_last_filing,99.0
CPT,2026-08-07,days_since_last_filing,38.0
CRH,2026-08-07,days_since_last_filing,38.0
CRL,2026-08-07,days_since_last_filing,41.0
CRM,2026-08-07,days_since_last_filing,99.0
CRWD,2026-08-07,days_since_last_filing,99.0
CSCO,2026-08-07,days_since_last_filing,104.0
CSGP,2026-08-07,days_since_last_filing,38.0
CSX,2026-08-07,days_since_last_filing,38.0
CTAS,2026-08-07,days_since_last_filing,160.0
CTSH,2026-08-07,days_since_last_filing,129.0
CTVA,2026-08-07,days_since_last_filing,38.0
CVS,2026-08-07,days_since_last_filing,38.0
CVX,2026-08-07,days_since_last_filing,38.0
D,2026-08-07,days_since_last_filing,129.0
DAL,2026-08-07,days_since_last_filing,38.0
DASH,2026-08-07,days_since_last_filing,38.0
DD,2026-08-07,days_since_last_filing,38.0
DDOG,2026-08-07,days_since_last_filing,38.0
DE,2026-08-07,days_since_last_filing,96.0
DECK,2026-08-07,days_since_last_filing,38.0
DELL,2026-08-07,days_since_last_filing,98.0
DG,2026-08-07,days_since_last_filing,98.0
DGX,2026-08-07,days_since_last_filing,38.0
DHI,2026-08-07,days_since_last_filing,38.0
DHR,2026-08-07,days_since_last_filing,42.0
DIS,2026-08-07,days_since_last_filing,41.0
DLR,2026-08-07,days_since_last_filing,129.0
DLTR,2026-08-07,days_since_last_filing,97.0
DOC,2026-08-07,days_since_last_filing,38.0
DOV,2026-08-07,days_since_last_filing,38.0
DOW,2026-08-07,days_since_last_filing,129.0
DPZ,2026-08-07,days_since_last_filing,54.0
DRI,2026-08-07,days_since_last_filing,68.0
DTE,2026-08-07,days_since_last_filing,129.0
DUK,2026-08-07,days_since_last_filing,129.0
DVA,2026-08-07,days_since_last_filing,38.0
DVN,2026-08-07,days_since_last_filing,38.0
DXCM,2026-08-07,days_since_last_filing,38.0
EA,2026-08-07,days_since_last_filing,38.0
EBAY,2026-08-07,days_since_last_filing,38.0
ECL,2026-08-07,days_since_last_filing,38.0
ED,2026-08-07,days_since_last_filing,129.0
EFX,2026-08-07,days_since_last_filing,38.0
EG,2026-08-07,days_since_last_filing,38.0
EIX,2026-08-07,days_since_last_filing,129.0
EL,2026-08-07,days_since_last_filing,129.0
ELV,2026-08-07,days_since_last_filing,38.0
EME,2026-08-07,days_since_last_filing,38.0
EMR,2026-08-07,days_since_last_filing,38.0
EOG,2026-08-07,days_since_last_filing,38.0
EQIX,2026-08-07,days_since_last_filing,38.0
EQR,2026-08-07,days_since_last_filing,38.0
EQT,2026-08-07,days_since_last_filing,38.0
ERIE,2026-08-07,days_since_last_filing,38.0
ES,2026-08-07,days_since_last_filing,38.0
ESS,2026-08-07,days_since_last_filing,38.0
ETN,2026-08-07,days_since_last_filing,38.0
ETR,2026-08-07,days_since_last_filing,129.0
EVRG,2026-08-07,days_since_last_filing,129.0
EW,2026-08-07,days_since_last_filing,38.0
EXC,2026-08-07,days_since_last_filing,129.0
EXE,2026-08-07,days_since_last_filing,129.0
EXPD,2026-08-07,days_since_last_filing,38.0
EXPE,2026-08-07,days_since_last_filing,38.0
EXR,2026-08-07,days_since_last_filing,38.0
F,2026-08-07,days_since_last_filing,129.0
FANG,2026-08-07,days_since_last_filing,38.0
FAST,2026-08-07,days_since_last_filing,38.0
FCX,2026-08-07,days_since_last_filing,38.0
FDS,2026-08-07,days_since_last_filing,68.0
FDX,2026-08-07,days_since_last_filing,68.0
FE,2026-08-07,days_since_last_filing,129.0
FFIV,2026-08-07,days_since_last_filing,38.0
FICO,2026-08-07,days_since_last_filing,38.0
FIS,2026-08-07,days_since_last_filing,38.0
FISV,2026-08-07,days_since_last_filing,38.0
FITB,2026-08-07,days_since_last_filing,38.0
FIX,2026-08-07,days_since_last_filing,38.0
FLEX,2026-08-07,days_since_last_filing,42.0
FOX,2026-08-07,days_since_last_filing,38.0
FOXA,2026-08-07,days_since_last_filing,38.0
FRT,2026-08-07,days_since_last_filing,129.0
FSLR,2026-08-07,days_since_last_filing,38.0
FTNT,2026-08-07,days_since_last_filing,38.0
FTV,2026-08-07,days_since_last_filing,126.0
GD,2026-08-07,days_since_last_filing,124.0
GDDY,2026-08-07,days_since_last_filing,38.0
GE,2026-08-07,days_since_last_filing,38.0
GEHC,2026-08-07,days_since_last_filing,129.0
GEN,2026-08-07,days_since_last_filing,126.0
GEV,2026-08-07,days_since_last_filing,38.0
GILD,2026-08-07,days_since_last_filing,38.0
GIS,2026-08-07,days_since_last_filing,68.0
GL,2026-08-07,days_since_last_filing,38.0
GLW,2026-08-07,days_since_last_filing,129.0
GM,2026-08-07,days_since_last_filing,38.0
GNRC,2026-08-07,days_since_last_filing,38.0
GOOG,2026-08-07,days_since_last_filing,38.0
GOOGL,2026-08-07,days_since_last_filing,38.0
GPC,2026-08-07,days_since_last_filing,38.0
GPN,2026-08-07,days_since_last_filing,38.0
GRMN,2026-08-07,days_since_last_filing,132.0
GS,2026-08-07,days_since_last_filing,38.0
GWW,2026-08-07,days_since_last_filing,38.0
HAL,2026-08-07,days_since_last_filing,38.0
HAS,2026-08-07,days_since_last_filing,40.0
HBAN,2026-08-07,days_since_last_filing,129.0
HCA,2026-08-07,days_since_last_filing,129.0
HD,2026-08-07,days_since_last_filing,96.0
HIG,2026-08-07,days_since_last_filing,38.0
HII,2026-08-07,days_since_last_filing,38.0
HLT,2026-08-07,days_since_last_filing,38.0
HON,2026-08-07,days_since_last_filing,38.0
HOOD,2026-08-07,days_since_last_filing,38.0
HPE,2026-08-07,days_since_last_filing,99.0
HPQ,2026-08-07,days_since_last_filing,99.0
HRL,2026-08-07,days_since_last_filing,103.0
HSIC,2026-08-07,days_since_last_filing,41.0
HST,2026-08-07,days_since_last_filing,38.0
HSY,2026-08-07,days_since_last_filing,40.0
HUBB,2026-08-07,days_since_last_filing,129.0
HUM,2026-08-07,days_since_last_filing,129.0
HWM,2026-08-07,days_since_last_filing,38.0
IBKR,2026-08-07,days_since_last_filing,38.0
IBM,2026-08-07,days_since_last_filing,38.0
ICE,2026-08-07,days_since_last_filing,38.0
IDXX,2026-08-07,days_since_last_filing,38.0
IEX,2026-08-07,days_since_last_filing,38.0
IFF,2026-08-07,days_since_last_filing,38.0
INCY,2026-08-07,days_since_last_filing,129.0
INTC,2026-08-07,days_since_last_filing,41.0
INTU,2026-08-07,days_since_last_filing,99.0
INVH,2026-08-07,days_since_last_filing,38.0
IP,2026-08-07,days_since_last_filing,38.0
IQV,2026-08-07,days_since_last_filing,129.0
IR,2026-08-07,days_since_last_filing,38.0
IRM,2026-08-07,days_since_last_filing,38.0
ISRG,2026-08-07,days_since_last_filing,38.0
IT,2026-08-07,days_since_last_filing,38.0
ITW,2026-08-07,days_since_last_filing,38.0
IVZ,2026-08-07,days_since_last_filing,38.0
J,2026-08-07,days_since_last_filing,42.0
JBHT,2026-08-07,days_since_last_filing,38.0
JBL,2026-08-07,days_since_last_filing,68.0
JCI,2026-08-07,days_since_last_filing,129.0
JKHY,2026-08-07,days_since_last_filing,129.0
JNJ,2026-08-07,days_since_last_filing,40.0
JPM,2026-08-07,days_since_last_filing,38.0
KDP,2026-08-07,days_since_last_filing,129.0
KEY,2026-08-07,days_since_last_filing,38.0
KEYS,2026-08-07,days_since_last_filing,99.0
KHC,2026-08-07,days_since_last_filing,41.0
KIM,2026-08-07,days_since_last_filing,38.0
KKR,2026-08-07,days_since_last_filing,38.0
KLAC,2026-08-07,days_since_last_filing,38.0
KMB,2026-08-07,days_since_last_filing,38.0
KMI,2026-08-07,days_since_last_filing,38.0
KO,2026-08-07,days_since_last_filing,126.0
KR,2026-08-07,days_since_last_filing,76.0
KVUE,2026-08-07,days_since_last_filing,40.0
L,2026-08-07,days_since_last_filing,38.0
LDOS,2026-08-07,days_since_last_filing,35.0
LEN,2026-08-07,days_since_last_filing,68.0
LH,2026-08-07,days_since_last_filing,38.0
LHX,2026-08-07,days_since_last_filing,35.0
LII,2026-08-07,days_since_last_filing,129.0
LIN,2026-08-07,days_since_last_filing,38.0
LITE,2026-08-07,days_since_last_filing,132.0
LLY,2026-08-07,days_since_last_filing,38.0
LMT,2026-08-07,days_since_last_filing,40.0
LNT,2026-08-07,days_since_last_filing,129.0
LOW,2026-08-07,days_since_last_filing,98.0
LRCX,2026-08-07,days_since_last_filing,131.0
LULU,2026-08-07,days_since_last_filing,96.0
LUV,2026-08-07,days_since_last_filing,38.0
LVS,2026-08-07,days_since_last_filing,38.0
LYB,2026-08-07,days_since_last_filing,38.0
LYV,2026-08-07,days_since_last_filing,38.0
MA,2026-08-07,days_since_last_filing,38.0
MAA,2026-08-07,days_since_last_filing,129.0
MAR,2026-08-07,days_since_last_filing,38.0
MAS,2026-08-07,days_since_last_filing,129.0
MCD,2026-08-07,days_since_last_filing,38.0
MCHP,2026-08-07,days_since_last_filing,38.0
MCK,2026-08-07,days_since_last_filing,38.0
MCO,2026-08-07,days_since_last_filing,38.0
MDLZ,2026-08-07,days_since_last_filing,129.0
MDT,2026-08-07,days_since_last_filing,105.0
MET,2026-08-07,days_since_last_filing,38.0
META,2026-08-07,days_since_last_filing,129.0
MGM,2026-08-07,days_since_last_filing,38.0
MKC,2026-08-07,days_since_last_filing,68.0
MLM,2026-08-07,days_since_last_filing,38.0
MMM,2026-08-07,days_since_last_filing,38.0
MNST,2026-08-07,days_since_last_filing,38.0
MO,2026-08-07,days_since_last_filing,38.0
MOS,2026-08-07,days_since_last_filing,38.0
MPC,2026-08-07,days_since_last_filing,38.0
MPWR,2026-08-07,days_since_last_filing,38.0
MRK,2026-08-07,days_since_last_filing,129.0
MRSH,2026-08-07,days_since_last_filing,38.0
MRVL,2026-08-07,days_since_last_filing,97.0
MS,2026-08-07,days_since_last_filing,38.0
MSCI,2026-08-07,days_since_last_filing,38.0
MSFT,2026-08-07,days_since_last_filing,38.0
MSI,2026-08-07,days_since_last_filing,34.0
MTB,2026-08-07,days_since_last_filing,38.0
MTD,2026-08-07,days_since_last_filing,38.0
MU,2026-08-07,days_since_last_filing,71.0
NCLH,2026-08-07,days_since_last_filing,38.0
NDAQ,2026-08-07,days_since_last_filing,38.0
NDSN,2026-08-07,days_since_last_filing,99.0
NEE,2026-08-07,days_since_last_filing,129.0
NEM,2026-08-07,days_since_last_filing,38.0
NFLX,2026-08-07,days_since_last_filing,38.0
NI,2026-08-07,days_since_last_filing,38.0
NKE,2026-08-07,days_since_last_filing,68.0
NOC,2026-08-07,days_since_last_filing,38.0
NOW,2026-08-07,days_since_last_filing,38.0
NRG,2026-08-07,days_since_last_filing,38.0
NSC,2026-08-07,days_since_last_filing,38.0
NTAP,2026-08-07,days_since_last_filing,105.0
NTRS,2026-08-07,days_since_last_filing,38.0
NUE,2026-08-07,days_since_last_filing,125.0
NVDA,2026-08-07,days_since_last_filing,103.0
NWS,2026-08-07,days_since_last_filing,38.0
NWSA,2026-08-07,days_since_last_filing,38.0
NXPI,2026-08-07,days_since_last_filing,131.0
O,2026-08-07,days_since_last_filing,38.0
ODFL,2026-08-07,days_since_last_filing,38.0
OKE,2026-08-07,days_since_last_filing,38.0
OMC,2026-08-07,days_since_last_filing,129.0
ON,2026-08-07,days_since_last_filing,35.0
ORCL,2026-08-07,days_since_last_filing,68.0
ORLY,2026-08-07,days_since_last_filing,129.0
OTIS,2026-08-07,days_since_last_filing,38.0
OXY,2026-08-07,days_since_last_filing,38.0
PANW,2026-08-07,days_since_last_filing,99.0
PAYX,2026-08-07,days_since_last_filing,68.0
PCAR,2026-08-07,days_since_last_filing,38.0
PCG,2026-08-07,days_since_last_filing,38.0
PEG,2026-08-07,days_since_last_filing,38.0
PEP,2026-08-07,days_since_last_filing,55.0
PFE,2026-08-07,days_since_last_filing,40.0
PFG,2026-08-07,days_since_last_filing,129.0
PG,2026-08-07,days_since_last_filing,38.0
PGR,2026-08-07,days_since_last_filing,38.0
PH,2026-08-07,days_since_last_filing,129.0
PKG,2026-08-07,days_since_last_filing,38.0
PLD,2026-08-07,days_since_last_filing,129.0
PLTR,2026-08-07,days_since_last_filing,38.0
PM,2026-08-07,days_since_last_filing,38.0
PNC,2026-08-07,days_since_last_filing,38.0
PNR,2026-08-07,days_since_last_filing,129.0
PNW,2026-08-07,days_since_last_filing,38.0
PODD,2026-08-07,days_since_last_filing,38.0
POOL,2026-08-07,days_since_last_filing,129.0
PPG,2026-08-07,days_since_last_filing,129.0
PPL,2026-08-07,days_since_last_filing,129.0
PRU,2026-08-07,days_since_last_filing,38.0
PSA,2026-08-07,days_since_last_filing,38.0
PSKY,2026-08-07,days_since_last_filing,38.0
PSX,2026-08-07,days_since_last_filing,38.0
PTC,2026-08-07,days_since_last_filing,38.0
PWR,2026-08-07,days_since_last_filing,38.0
PYPL,2026-08-07,days_since_last_filing,129.0
Q,2026-08-07,days_since_last_filing,38.0
QCOM,2026-08-07,days_since_last_filing,40.0
RCL,2026-08-07,days_since_last_filing,129.0
RDDT,2026-08-07,days_since_last_filing,38.0
REG,2026-08-07,days_since_last_filing,129.0
REGN,2026-08-07,days_since_last_filing,38.0
RF,2026-08-07,days_since_last_filing,38.0
RJF,2026-08-07,days_since_last_filing,38.0
RL,2026-08-07,days_since_last_filing,41.0
RMD,2026-08-07,days_since_last_filing,129.0
ROK,2026-08-07,days_since_last_filing,38.0
ROL,2026-08-07,days_since_last_filing,38.0
ROP,2026-08-07,days_since_last_filing,38.0
ROST,2026-08-07,days_since_last_filing,97.0
RSG,2026-08-07,days_since_last_filing,38.0
RTX,2026-08-07,days_since_last_filing,38.0
RVTY,2026-08-07,days_since_last_filing,124.0
SATS,2026-08-07,days_since_last_filing,38.0
SBAC,2026-08-07,days_since_last_filing,38.0
SBUX,2026-08-07,days_since_last_filing,40.0
SCHW,2026-08-07,days_since_last_filing,129.0
SHW,2026-08-07,days_since_last_filing,38.0
SJM,2026-08-07,days_since_last_filing,99.0
SLB,2026-08-07,days_since_last_filing,129.0
SMCI,2026-08-07,days_since_last_filing,129.0
SNA,2026-08-07,days_since_last_filing,34.0
SNDK,2026-08-07,days_since_last_filing,126.0
SNPS,2026-08-07,days_since_last_filing,99.0
SO,2026-08-07,days_since_last_filing,129.0
SOFI,2026-08-07,days_since_last_filing,38.0
SOLV,2026-08-07,days_since_last_filing,38.0
SPG,2026-08-07,days_since_last_filing,129.0
SPGI,2026-08-07,days_since_last_filing,129.0
SRE,2026-08-07,days_since_last_filing,129.0
STE,2026-08-07,days_since_last_filing,129.0
STLD,2026-08-07,days_since_last_filing,38.0
STT,2026-08-07,days_since_last_filing,38.0
STX,2026-08-07,days_since_last_filing,35.0
STZ,2026-08-07,days_since_last_filing,68.0
SW,2026-08-07,days_since_last_filing,38.0
SWK,2026-08-07,days_since_last_filing,34.0
SWKS,2026-08-07,days_since_last_filing,35.0
SYF,2026-08-07,days_since_last_filing,38.0
SYK,2026-08-07,days_since_last_filing,38.0
SYY,2026-08-07,days_since_last_filing,132.0
T,2026-08-07,days_since_last_filing,38.0
TAP,2026-08-07,days_since_last_filing,38.0
TDG,2026-08-07,days_since_last_filing,41.0
TDY,2026-08-07,days_since_last_filing,40.0
TECH,2026-08-07,days_since_last_filing,129.0
TEL,2026-08-07,days_since_last_filing,42.0
TER,2026-08-07,days_since_last_filing,40.0
TFC,2026-08-07,days_since_last_filing,38.0
TGT,2026-08-07,days_since_last_filing,97.0
TJX,2026-08-07,days_since_last_filing,97.0
TKO,2026-08-07,days_since_last_filing,38.0
TMO,2026-08-07,days_since_last_filing,41.0
TMUS,2026-08-07,days_since_last_filing,38.0
TPL,2026-08-07,days_since_last_filing,38.0
TPR,2026-08-07,days_since_last_filing,132.0
TRGP,2026-08-07,days_since_last_filing,38.0
TRMB,2026-08-07,days_since_last_filing,126.0
TROW,2026-08-07,days_since_last_filing,38.0
TRV,2026-08-07,days_since_last_filing,38.0
TSCO,2026-08-07,days_since_last_filing,41.0
TSLA,2026-08-07,days_since_last_filing,38.0
TSN,2026-08-07,days_since_last_filing,41.0
TT,2026-08-07,days_since_last_filing,38.0
TTD,2026-08-07,days_since_last_filing,38.0
TTWO,2026-08-07,days_since_last_filing,129.0
TXN,2026-08-07,days_since_last_filing,38.0
TXT,2026-08-07,days_since_last_filing,34.0
TYL,2026-08-07,days_since_last_filing,38.0
UAL,2026-08-07,days_since_last_filing,38.0
UBER,2026-08-07,days_since_last_filing,38.0
UDR,2026-08-07,days_since_last_filing,129.0
UHS,2026-08-07,days_since_last_filing,129.0
ULTA,2026-08-07,days_since_last_filing,97.0
UNH,2026-08-07,days_since_last_filing,129.0
UNP,2026-08-07,days_since_last_filing,38.0
UPS,2026-08-07,days_since_last_filing,38.0
URI,2026-08-07,days_since_last_filing,129.0
USB,2026-08-07,days_since_last_filing,38.0
V,2026-08-07,days_since_last_filing,129.0
VEEV,2026-08-07,days_since_last_filing,99.0
VICI,2026-08-07,days_since_last_filing,38.0
VLO,2026-08-07,days_since_last_filing,38.0
VLTO,2026-08-07,days_since_last_filing,126.0
VMC,2026-08-07,days_since_last_filing,129.0
VRSK,2026-08-07,days_since_last_filing,129.0
VRSN,2026-08-07,days_since_last_filing,38.0
VRT,2026-08-07,days_since_last_filing,38.0
VRTX,2026-08-07,days_since_last_filing,38.0
VST,2026-08-07,days_since_last_filing,129.0
VTR,2026-08-07,days_since_last_filing,38.0
VTRS,2026-08-07,days_since_last_filing,38.0
VZ,2026-08-07,days_since_last_filing,38.0
WAB,2026-08-07,days_since_last_filing,38.0
WAT,2026-08-07,days_since_last_filing,125.0
WBD,2026-08-07,days_since_last_filing,38.0
WDAY,2026-08-07,days_since_last_filing,99.0
WDC,2026-08-07,days_since_last_filing,126.0
WEC,2026-08-07,days_since_last_filing,38.0
WELL,2026-08-07,days_since_last_filing,129.0
WFC,2026-08-07,days_since_last_filing,38.0
WM,2026-08-07,days_since_last_filing,38.0
WMB,2026-08-07,days_since_last_filing,38.0
WMT,2026-08-07,days_since_last_filing,99.0
WRB,2026-08-07,days_since_last_filing,38.0
WSM,2026-08-07,days_since_last_filing,96.0
WST,2026-08-07,days_since_last_filing,38.0
WTW,2026-08-07,days_since_last_filing,38.0
WY,2026-08-07,days_since_last_filing,38.0
WYNN,2026-08-07,days_since_last_filing,38.0
XEL,2026-08-07,days_since_last_filing,38.0
XOM,2026-08-07,days_since_last_filing,129.0
XYL,2026-08-07,days_since_last_filing,38.0
XYZ,2026-08-07,days_since_last_filing,38.0
YUM,2026-08-07,days_since_last_filing,38.0
ZBH,2026-08-07,days_since_last_filing,38.0
ZBRA,2026-08-07,days_since_last_filing,34.0
ZTS,2026-08-07,days_since_last_filing,38.0
A,2026-08-07,fundamentals_stale,0.0
AAPL,2026-08-07,fundamentals_stale,0.0
ABBV,2026-08-07,fundamentals_stale,0.0
ABNB,2026-08-07,fundamentals_stale,0.0
ABT,2026-08-07,fundamentals_stale,1.0
ACGL,2026-08-07,fundamentals_stale,0.0
ACN,2026-08-07,fundamentals_stale,0.0
ADBE,2026-08-07,fundamentals_stale,0.0
ADI,2026-08-07,fundamentals_stale,0.0
ADM,2026-08-07,fundamentals_stale,0.0
ADP,2026-08-07,fundamentals_stale,0.0
ADSK,2026-08-07,fundamentals_stale,0.0
AEE,2026-08-07,fundamentals_stale,0.0
AEP,2026-08-07,fundamentals_stale,1.0
AES,2026-08-07,fundamentals_stale,0.0
AFL,2026-08-07,fundamentals_stale,0.0
AIG,2026-08-07,fundamentals_stale,0.0
AIZ,2026-08-07,fundamentals_stale,0.0
AJG,2026-08-07,fundamentals_stale,0.0
AKAM,2026-08-07,fundamentals_stale,0.0
ALB,2026-08-07,fundamentals_stale,0.0
ALGN,2026-08-07,fundamentals_stale,0.0
ALL,2026-08-07,fundamentals_stale,0.0
ALLE,2026-08-07,fundamentals_stale,0.0
AMAT,2026-08-07,fundamentals_stale,0.0
AMCR,2026-08-07,fundamentals_stale,0.0
AMD,2026-08-07,fundamentals_stale,0.0
AME,2026-08-07,fundamentals_stale,0.0
AMGN,2026-08-07,fundamentals_stale,0.0
AMP,2026-08-07,fundamentals_stale,0.0
AMT,2026-08-07,fundamentals_stale,1.0
AMZN,2026-08-07,fundamentals_stale,0.0
ANET,2026-08-07,fundamentals_stale,0.0
AON,2026-08-07,fundamentals_stale,0.0
AOS,2026-08-07,fundamentals_stale,0.0
APD,2026-08-07,fundamentals_stale,0.0
APH,2026-08-07,fundamentals_stale,0.0
APO,2026-08-07,fundamentals_stale,0.0
APP,2026-08-07,fundamentals_stale,0.0
APTV,2026-08-07,fundamentals_stale,0.0
ARE,2026-08-07,fundamentals_stale,0.0
ARES,2026-08-07,fundamentals_stale,0.0
ATO,2026-08-07,fundamentals_stale,0.0
AVB,2026-08-07,fundamentals_stale,0.0
AVGO,2026-08-07,fundamentals_stale,0.0
AVY,2026-08-07,fundamentals_stale,0.0
AWK,2026-08-07,fundamentals_stale,0.0
AXON,2026-08-07,fundamentals_stale,0.0
AXP,2026-08-07,fundamentals_stale,0.0
AZO,2026-08-07,fundamentals_stale,0.0
BA,2026-08-07,fundamentals_stale,0.0
BAC,2026-08-07,fundamentals_stale,0.0
BALL,2026-08-07,fundamentals_stale,0.0
BAX,2026-08-07,fundamentals_stale,0.0
BBY,2026-08-07,fundamentals_stale,0.0
BDX,2026-08-07,fundamentals_stale,0.0
BEN,2026-08-07,fundamentals_stale,0.0
BF-B,2026-08-07,fundamentals_stale,0.0
BG,2026-08-07,fundamentals_stale,1.0
BIIB,2026-08-07,fundamentals_stale,1.0
BKNG,2026-08-07,fundamentals_stale,0.0
BKR,2026-08-07,fundamentals_stale,0.0
BLDR,2026-08-07,fundamentals_stale,0.0
BLK,2026-08-07,fundamentals_stale,0.0
BMY,2026-08-07,fundamentals_stale,0.0
BNY,2026-08-07,fundamentals_stale,0.0
BR,2026-08-07,fundamentals_stale,0.0
BRO,2026-08-07,fundamentals_stale,0.0
BSX,2026-08-07,fundamentals_stale,0.0
BX,2026-08-07,fundamentals_stale,0.0
BXP,2026-08-07,fundamentals_stale,0.0
C,2026-08-07,fundamentals_stale,1.0
CAG,2026-08-07,fundamentals_stale,0.0
CAH,2026-08-07,fundamentals_stale,1.0
CARR,2026-08-07,fundamentals_stale,1.0
CASY,2026-08-07,fundamentals_stale,0.0
CAT,2026-08-07,fundamentals_stale,0.0
CB,2026-08-07,fundamentals_stale,1.0
CBOE,2026-08-07,fundamentals_stale,0.0
CBRE,2026-08-07,fundamentals_stale,0.0
CCI,2026-08-07,fundamentals_stale,0.0
CCL,2026-08-07,fundamentals_stale,0.0
CDNS,2026-08-07,fundamentals_stale,1.0
CDW,2026-08-07,fundamentals_stale,0.0
CE,2026-08-07,fundamentals_stale,0.0
CEG,2026-08-07,fundamentals_stale,0.0
CF,2026-08-07,fundamentals_stale,0.0
CFG,2026-08-07,fundamentals_stale,0.0
CHD,2026-08-07,fundamentals_stale,0.0
CHRW,2026-08-07,fundamentals_stale,0.0
CHTR,2026-08-07,fundamentals_stale,0.0
CI,2026-08-07,fundamentals_stale,0.0
CIEN,2026-08-07,fundamentals_stale,0.0
CINF,2026-08-07,fundamentals_stale,0.0
CL,2026-08-07,fundamentals_stale,0.0
CLX,2026-08-07,fundamentals_stale,0.0
CMCSA,2026-08-07,fundamentals_stale,0.0
CME,2026-08-07,fundamentals_stale,0.0
CMG,2026-08-07,fundamentals_stale,0.0
CMI,2026-08-07,fundamentals_stale,0.0
CMS,2026-08-07,fundamentals_stale,0.0
CNC,2026-08-07,fundamentals_stale,0.0
CNP,2026-08-07,fundamentals_stale,1.0
COF,2026-08-07,fundamentals_stale,1.0
COHR,2026-08-07,fundamentals_stale,0.0
COIN,2026-08-07,fundamentals_stale,0.0
COO,2026-08-07,fundamentals_stale,0.0
COP,2026-08-07,fundamentals_stale,0.0
COR,2026-08-07,fundamentals_stale,0.0
COST,2026-08-07,fundamentals_stale,0.0
CPAY,2026-08-07,fundamentals_stale,0.0
CPB,2026-08-07,fundamentals_stale,0.0
CPRT,2026-08-07,fundamentals_stale,0.0
CPT,2026-08-07,fundamentals_stale,0.0
CRH,2026-08-07,fundamentals_stale,0.0
CRL,2026-08-07,fundamentals_stale,0.0
CRM,2026-08-07,fundamentals_stale,0.0
CRWD,2026-08-07,fundamentals_stale,0.0
CSCO,2026-08-07,fundamentals_stale,0.0
CSGP,2026-08-07,fundamentals_stale,0.0
CSX,2026-08-07,fundamentals_stale,0.0
CTAS,2026-08-07,fundamentals_stale,1.0
CTSH,2026-08-07,fundamentals_stale,1.0
CTVA,2026-08-07,fundamentals_stale,0.0
CVS,2026-08-07,fundamentals_stale,0.0
CVX,2026-08-07,fundamentals_stale,0.0
D,2026-08-07,fundamentals_stale,1.0
DAL,2026-08-07,fundamentals_stale,0.0
DASH,2026-08-07,fundamentals_stale,0.0
DD,2026-08-07,fundamentals_stale,0.0
DDOG,2026-08-07,fundamentals_stale,0.0
DE,2026-08-07,fundamentals_stale,0.0
DECK,2026-08-07,fundamentals_stale,0.0
DELL,2026-08-07,fundamentals_stale,0.0
DG,2026-08-07,fundamentals_stale,0.0
DGX,2026-08-07,fundamentals_stale,0.0
DHI,2026-08-07,fundamentals_stale,0.0
DHR,2026-08-07,fundamentals_stale,0.0
DIS,2026-08-07,fundamentals_stale,0.0
DLR,2026-08-07,fundamentals_stale,1.0
DLTR,2026-08-07,fundamentals_stale,0.0
DOC,2026-08-07,fundamentals_stale,0.0
DOV,2026-08-07,fundamentals_stale,0.0
DOW,2026-08-07,fundamentals_stale,1.0
DPZ,2026-08-07,fundamentals_stale,0.0
DRI,2026-08-07,fundamentals_stale,0.0
DTE,2026-08-07,fundamentals_stale,1.0
DUK,2026-08-07,fundamentals_stale,1.0
DVA,2026-08-07,fundamentals_stale,0.0
DVN,2026-08-07,fundamentals_stale,0.0
DXCM,2026-08-07,fundamentals_stale,0.0
EA,2026-08-07,fundamentals_stale,0.0
EBAY,2026-08-07,fundamentals_stale,0.0
ECL,2026-08-07,fundamentals_stale,0.0
ED,2026-08-07,fundamentals_stale,1.0
EFX,2026-08-07,fundamentals_stale,0.0
EG,2026-08-07,fundamentals_stale,0.0
EIX,2026-08-07,fundamentals_stale,1.0
EL,2026-08-07,fundamentals_stale,0.0
ELV,2026-08-07,fundamentals_stale,0.0
EME,2026-08-07,fundamentals_stale,0.0
EMR,2026-08-07,fundamentals_stale,0.0
EOG,2026-08-07,fundamentals_stale,0.0
EQIX,2026-08-07,fundamentals_stale,0.0
EQR,2026-08-07,fundamentals_stale,0.0
EQT,2026-08-07,fundamentals_stale,0.0
ERIE,2026-08-07,fundamentals_stale,0.0
ES,2026-08-07,fundamentals_stale,0.0
ESS,2026-08-07,fundamentals_stale,0.0
ETN,2026-08-07,fundamentals_stale,0.0
ETR,2026-08-07,fundamentals_stale,1.0
EVRG,2026-08-07,fundamentals_stale,1.0
EW,2026-08-07,fundamentals_stale,0.0
EXC,2026-08-07,fundamentals_stale,1.0
EXE,2026-08-07,fundamentals_stale,1.0
EXPD,2026-08-07,fundamentals_stale,0.0
EXPE,2026-08-07,fundamentals_stale,0.0
EXR,2026-08-07,fundamentals_stale,0.0
F,2026-08-07,fundamentals_stale,1.0
FANG,2026-08-07,fundamentals_stale,0.0
FAST,2026-08-07,fundamentals_stale,0.0
FCX,2026-08-07,fundamentals_stale,0.0
FDS,2026-08-07,fundamentals_stale,0.0
FDX,2026-08-07,fundamentals_stale,0.0
FE,2026-08-07,fundamentals_stale,1.0
FFIV,2026-08-07,fundamentals_stale,0.0
FICO,2026-08-07,fundamentals_stale,0.0
FIS,2026-08-07,fundamentals_stale,0.0
FISV,2026-08-07,fundamentals_stale,0.0
FITB,2026-08-07,fundamentals_stale,0.0
FIX,2026-08-07,fundamentals_stale,0.0
FLEX,2026-08-07,fundamentals_stale,0.0
FOX,2026-08-07,fundamentals_stale,0.0
FOXA,2026-08-07,fundamentals_stale,0.0
FRT,2026-08-07,fundamentals_stale,1.0
FSLR,2026-08-07,fundamentals_stale,0.0
FTNT,2026-08-07,fundamentals_stale,0.0
FTV,2026-08-07,fundamentals_stale,1.0
GD,2026-08-07,fundamentals_stale,1.0
GDDY,2026-08-07,fundamentals_stale,0.0
GE,2026-08-07,fundamentals_stale,0.0
GEHC,2026-08-07,fundamentals_stale,1.0
GEN,2026-08-07,fundamentals_stale,0.0
GEV,2026-08-07,fundamentals_stale,0.0
GILD,2026-08-07,fundamentals_stale,0.0
GIS,2026-08-07,fundamentals_stale,0.0
GL,2026-08-07,fundamentals_stale,0.0
GLW,2026-08-07,fundamentals_stale,1.0
GM,2026-08-07,fundamentals_stale,0.0
GNRC,2026-08-07,fundamentals_stale,0.0
GOOG,2026-08-07,fundamentals_stale,0.0
GOOGL,2026-08-07,fundamentals_stale,0.0
GPC,2026-08-07,fundamentals_stale,0.0
GPN,2026-08-07,fundamentals_stale,0.0
GRMN,2026-08-07,fundamentals_stale,1.0
GS,2026-08-07,fundamentals_stale,0.0
GWW,2026-08-07,fundamentals_stale,0.0
HAL,2026-08-07,fundamentals_stale,0.0
HAS,2026-08-07,fundamentals_stale,0.0
HBAN,2026-08-07,fundamentals_stale,1.0
HCA,2026-08-07,fundamentals_stale,1.0
HD,2026-08-07,fundamentals_stale,0.0
HIG,2026-08-07,fundamentals_stale,0.0
HII,2026-08-07,fundamentals_stale,0.0
HLT,2026-08-07,fundamentals_stale,0.0
HON,2026-08-07,fundamentals_stale,0.0
HOOD,2026-08-07,fundamentals_stale,0.0
HPE,2026-08-07,fundamentals_stale,0.0
HPQ,2026-08-07,fundamentals_stale,0.0
HRL,2026-08-07,fundamentals_stale,0.0
HSIC,2026-08-07,fundamentals_stale,0.0
HST,2026-08-07,fundamentals_stale,0.0
HSY,2026-08-07,fundamentals_stale,0.0
HUBB,2026-08-07,fundamentals_stale,1.0
HUM,2026-08-07,fundamentals_stale,1.0
HWM,2026-08-07,fundamentals_stale,0.0
IBKR,2026-08-07,fundamentals_stale,0.0
IBM,2026-08-07,fundamentals_stale,0.0
ICE,2026-08-07,fundamentals_stale,0.0
IDXX,2026-08-07,fundamentals_stale,0.0
IEX,2026-08-07,fundamentals_stale,0.0
IFF,2026-08-07,fundamentals_stale,0.0
INCY,2026-08-07,fundamentals_stale,1.0
INTC,2026-08-07,fundamentals_stale,0.0
INTU,2026-08-07,fundamentals_stale,0.0
INVH,2026-08-07,fundamentals_stale,0.0
IP,2026-08-07,fundamentals_stale,0.0
IQV,2026-08-07,fundamentals_stale,1.0
IR,2026-08-07,fundamentals_stale,0.0
IRM,2026-08-07,fundamentals_stale,0.0
ISRG,2026-08-07,fundamentals_stale,0.0
IT,2026-08-07,fundamentals_stale,0.0
ITW,2026-08-07,fundamentals_stale,0.0
IVZ,2026-08-07,fundamentals_stale,0.0
J,2026-08-07,fundamentals_stale,0.0
JBHT,2026-08-07,fundamentals_stale,0.0
JBL,2026-08-07,fundamentals_stale,0.0
JCI,2026-08-07,fundamentals_stale,1.0
JKHY,2026-08-07,fundamentals_stale,0.0
JNJ,2026-08-07,fundamentals_stale,0.0
JPM,2026-08-07,fundamentals_stale,0.0
KDP,2026-08-07,fundamentals_stale,0.0
KEY,2026-08-07,fundamentals_stale,0.0
KEYS,2026-08-07,fundamentals_stale,0.0
KHC,2026-08-07,fundamentals_stale,0.0
KIM,2026-08-07,fundamentals_stale,0.0
KKR,2026-08-07,fundamentals_stale,0.0
KLAC,2026-08-07,fundamentals_stale,0.0
KMB,2026-08-07,fundamentals_stale,0.0
KMI,2026-08-07,fundamentals_stale,0.0
KO,2026-08-07,fundamentals_stale,1.0
KR,2026-08-07,fundamentals_stale,0.0
KVUE,2026-08-07,fundamentals_stale,0.0
L,2026-08-07,fundamentals_stale,0.0
LDOS,2026-08-07,fundamentals_stale,0.0
LEN,2026-08-07,fundamentals_stale,0.0
LH,2026-08-07,fundamentals_stale,0.0
LHX,2026-08-07,fundamentals_stale,0.0
LII,2026-08-07,fundamentals_stale,1.0
LIN,2026-08-07,fundamentals_stale,0.0
LITE,2026-08-07,fundamentals_stale,0.0
LLY,2026-08-07,fundamentals_stale,0.0
LMT,2026-08-07,fundamentals_stale,0.0
LNT,2026-08-07,fundamentals_stale,1.0
LOW,2026-08-07,fundamentals_stale,0.0
LRCX,2026-08-07,fundamentals_stale,0.0
LULU,2026-08-07,fundamentals_stale,0.0
LUV,2026-08-07,fundamentals_stale,0.0
LVS,2026-08-07,fundamentals_stale,0.0
LYB,2026-08-07,fundamentals_stale,0.0
LYV,2026-08-07,fundamentals_stale,0.0
MA,2026-08-07,fundamentals_stale,0.0
MAA,2026-08-07,fundamentals_stale,1.0
MAR,2026-08-07,fundamentals_stale,0.0
MAS,2026-08-07,fundamentals_stale,1.0
MCD,2026-08-07,fundamentals_stale,0.0
MCHP,2026-08-07,fundamentals_stale,0.0
MCK,2026-08-07,fundamentals_stale,0.0
MCO,2026-08-07,fundamentals_stale,0.0
MDLZ,2026-08-07,fundamentals_stale,1.0
MDT,2026-08-07,fundamentals_stale,0.0
MET,2026-08-07,fundamentals_stale,0.0
META,2026-08-07,fundamentals_stale,1.0
MGM,2026-08-07,fundamentals_stale,0.0
MKC,2026-08-07,fundamentals_stale,0.0
MLM,2026-08-07,fundamentals_stale,0.0
MMM,2026-08-07,fundamentals_stale,0.0
MNST,2026-08-07,fundamentals_stale,0.0
MO,2026-08-07,fundamentals_stale,0.0
MOS,2026-08-07,fundamentals_stale,0.0
MPC,2026-08-07,fundamentals_stale,0.0
MPWR,2026-08-07,fundamentals_stale,0.0
MRK,2026-08-07,fundamentals_stale,0.0
MRSH,2026-08-07,fundamentals_stale,0.0
MRVL,2026-08-07,fundamentals_stale,0.0
MS,2026-08-07,fundamentals_stale,0.0
MSCI,2026-08-07,fundamentals_stale,0.0
MSFT,2026-08-07,fundamentals_stale,0.0
MSI,2026-08-07,fundamentals_stale,0.0
MTB,2026-08-07,fundamentals_stale,0.0
MTD,2026-08-07,fundamentals_stale,0.0
MU,2026-08-07,fundamentals_stale,0.0
NCLH,2026-08-07,fundamentals_stale,0.0
NDAQ,2026-08-07,fundamentals_stale,0.0
NDSN,2026-08-07,fundamentals_stale,0.0
NEE,2026-08-07,fundamentals_stale,1.0
NEM,2026-08-07,fundamentals_stale,0.0
NFLX,2026-08-07,fundamentals_stale,0.0
NI,2026-08-07,fundamentals_stale,0.0
NKE,2026-08-07,fundamentals_stale,0.0
NOC,2026-08-07,fundamentals_stale,0.0
NOW,2026-08-07,fundamentals_stale,0.0
NRG,2026-08-07,fundamentals_stale,0.0
NSC,2026-08-07,fundamentals_stale,0.0
NTAP,2026-08-07,fundamentals_stale,0.0
NTRS,2026-08-07,fundamentals_stale,0.0
NUE,2026-08-07,fundamentals_stale,0.0
NVDA,2026-08-07,fundamentals_stale,0.0
NWS,2026-08-07,fundamentals_stale,0.0
NWSA,2026-08-07,fundamentals_stale,0.0
NXPI,2026-08-07,fundamentals_stale,1.0
O,2026-08-07,fundamentals_stale,0.0
ODFL,2026-08-07,fundamentals_stale,0.0
OKE,2026-08-07,fundamentals_stale,0.0
OMC,2026-08-07,fundamentals_stale,1.0
ON,2026-08-07,fundamentals_stale,0.0
ORCL,2026-08-07,fundamentals_stale,0.0
ORLY,2026-08-07,fundamentals_stale,0.0
OTIS,2026-08-07,fundamentals_stale,0.0
OXY,2026-08-07,fundamentals_stale,0.0
PANW,2026-08-07,fundamentals_stale,0.0
PAYX,2026-08-07,fundamentals_stale,0.0
PCAR,2026-08-07,fundamentals_stale,0.0
PCG,2026-08-07,fundamentals_stale,0.0
PEG,2026-08-07,fundamentals_stale,0.0
PEP,2026-08-07,fundamentals_stale,0.0
PFE,2026-08-07,fundamentals_stale,0.0
PFG,2026-08-07,fundamentals_stale,1.0
PG,2026-08-07,fundamentals_stale,0.0
PGR,2026-08-07,fundamentals_stale,0.0
PH,2026-08-07,fundamentals_stale,0.0
PKG,2026-08-07,fundamentals_stale,0.0
PLD,2026-08-07,fundamentals_stale,1.0
PLTR,2026-08-07,fundamentals_stale,0.0
PM,2026-08-07,fundamentals_stale,0.0
PNC,2026-08-07,fundamentals_stale,0.0
PNR,2026-08-07,fundamentals_stale,1.0
PNW,2026-08-07,fundamentals_stale,0.0
PODD,2026-08-07,fundamentals_stale,0.0
POOL,2026-08-07,fundamentals_stale,1.0
PPG,2026-08-07,fundamentals_stale,1.0
PPL,2026-08-07,fundamentals_stale,1.0
PRU,2026-08-07,fundamentals_stale,0.0
PSA,2026-08-07,fundamentals_stale,0.0
PSKY,2026-08-07,fundamentals_stale,0.0
PSX,2026-08-07,fundamentals_stale,0.0
PTC,2026-08-07,fundamentals_stale,0.0
PWR,2026-08-07,fundamentals_stale,0.0
PYPL,2026-08-07,fundamentals_stale,1.0
Q,2026-08-07,fundamentals_stale,0.0
QCOM,2026-08-07,fundamentals_stale,0.0
RCL,2026-08-07,fundamentals_stale,1.0
RDDT,2026-08-07,fundamentals_stale,0.0
REG,2026-08-07,fundamentals_stale,1.0
REGN,2026-08-07,fundamentals_stale,0.0
RF,2026-08-07,fundamentals_stale,0.0
RJF,2026-08-07,fundamentals_stale,0.0
RL,2026-08-07,fundamentals_stale,0.0
RMD,2026-08-07,fundamentals_stale,0.0
ROK,2026-08-07,fundamentals_stale,0.0
ROL,2026-08-07,fundamentals_stale,0.0
ROP,2026-08-07,fundamentals_stale,0.0
ROST,2026-08-07,fundamentals_stale,0.0
RSG,2026-08-07,fundamentals_stale,0.0
RTX,2026-08-07,fundamentals_stale,0.0
RVTY,2026-08-07,fundamentals_stale,0.0
SATS,2026-08-07,fundamentals_stale,0.0
SBAC,2026-08-07,fundamentals_stale,0.0
SBUX,2026-08-07,fundamentals_stale,0.0
SCHW,2026-08-07,fundamentals_stale,0.0
SHW,2026-08-07,fundamentals_stale,0.0
SJM,2026-08-07,fundamentals_stale,0.0
SLB,2026-08-07,fundamentals_stale,1.0
SMCI,2026-08-07,fundamentals_stale,0.0
SNA,2026-08-07,fundamentals_stale,0.0
SNDK,2026-08-07,fundamentals_stale,0.0
SNPS,2026-08-07,fundamentals_stale,0.0
SO,2026-08-07,fundamentals_stale,1.0
SOFI,2026-08-07,fundamentals_stale,0.0
SOLV,2026-08-07,fundamentals_stale,0.0
SPG,2026-08-07,fundamentals_stale,0.0
SPGI,2026-08-07,fundamentals_stale,1.0
SRE,2026-08-07,fundamentals_stale,1.0
STE,2026-08-07,fundamentals_stale,0.0
STLD,2026-08-07,fundamentals_stale,0.0
STT,2026-08-07,fundamentals_stale,0.0
STX,2026-08-07,fundamentals_stale,0.0
STZ,2026-08-07,fundamentals_stale,0.0
SW,2026-08-07,fundamentals_stale,0.0
SWK,2026-08-07,fundamentals_stale,0.0
SWKS,2026-08-07,fundamentals_stale,0.0
SYF,2026-08-07,fundamentals_stale,0.0
SYK,2026-08-07,fundamentals_stale,0.0
SYY,2026-08-07,fundamentals_stale,0.0
T,2026-08-07,fundamentals_stale,0.0
TAP,2026-08-07,fundamentals_stale,0.0
TDG,2026-08-07,fundamentals_stale,0.0
TDY,2026-08-07,fundamentals_stale,0.0
TECH,2026-08-07,fundamentals_stale,0.0
TEL,2026-08-07,fundamentals_stale,0.0
TER,2026-08-07,fundamentals_stale,0.0
TFC,2026-08-07,fundamentals_stale,0.0
TGT,2026-08-07,fundamentals_stale,0.0
TJX,2026-08-07,fundamentals_stale,0.0
TKO,2026-08-07,fundamentals_stale,0.0
TMO,2026-08-07,fundamentals_stale,0.0
TMUS,2026-08-07,fundamentals_stale,0.0
TPL,2026-08-07,fundamentals_stale,0.0
TPR,2026-08-07,fundamentals_stale,0.0
TRGP,2026-08-07,fundamentals_stale,0.0
TRMB,2026-08-07,fundamentals_stale,0.0
TROW,2026-08-07,fundamentals_stale,0.0
TRV,2026-08-07,fundamentals_stale,0.0
TSCO,2026-08-07,fundamentals_stale,0.0
TSLA,2026-08-07,fundamentals_stale,0.0
TSN,2026-08-07,fundamentals_stale,0.0
TT,2026-08-07,fundamentals_stale,0.0
TTD,2026-08-07,fundamentals_stale,0.0
TTWO,2026-08-07,fundamentals_stale,0.0
TXN,2026-08-07,fundamentals_stale,0.0
TXT,2026-08-07,fundamentals_stale,0.0
TYL,2026-08-07,fundamentals_stale,0.0
UAL,2026-08-07,fundamentals_stale,0.0
UBER,2026-08-07,fundamentals_stale,0.0
UDR,2026-08-07,fundamentals_stale,1.0
UHS,2026-08-07,fundamentals_stale,0.0
ULTA,2026-08-07,fundamentals_stale,0.0
UNH,2026-08-07,fundamentals_stale,0.0
UNP,2026-08-07,fundamentals_stale,0.0
UPS,2026-08-07,fundamentals_stale,0.0
URI,2026-08-07,fundamentals_stale,1.0
USB,2026-08-07,fundamentals_stale,0.0
V,2026-08-07,fundamentals_stale,1.0
VEEV,2026-08-07,fundamentals_stale,0.0
VICI,2026-08-07,fundamentals_stale,0.0
VLO,2026-08-07,fundamentals_stale,0.0
VLTO,2026-08-07,fundamentals_stale,1.0
VMC,2026-08-07,fundamentals_stale,1.0
VRSK,2026-08-07,fundamentals_stale,1.0
VRSN,2026-08-07,fundamentals_stale,0.0
VRT,2026-08-07,fundamentals_stale,0.0
VRTX,2026-08-07,fundamentals_stale,0.0
VST,2026-08-07,fundamentals_stale,0.0
VTR,2026-08-07,fundamentals_stale,0.0
VTRS,2026-08-07,fundamentals_stale,0.0
VZ,2026-08-07,fundamentals_stale,0.0
WAB,2026-08-07,fundamentals_stale,0.0
WAT,2026-08-07,fundamentals_stale,0.0
WBD,2026-08-07,fundamentals_stale,0.0
WDAY,2026-08-07,fundamentals_stale,0.0
WDC,2026-08-07,fundamentals_stale,0.0
WEC,2026-08-07,fundamentals_stale,0.0
WELL,2026-08-07,fundamentals_stale,1.0
WFC,2026-08-07,fundamentals_stale,0.0
WM,2026-08-07,fundamentals_stale,0.0
WMB,2026-08-07,fundamentals_stale,0.0
WMT,2026-08-07,fundamentals_stale,0.0
WRB,2026-08-07,fundamentals_stale,0.0
WSM,2026-08-07,fundamentals_stale,0.0
WST,2026-08-07,fundamentals_stale,0.0
WTW,2026-08-07,fundamentals_stale,0.0
WY,2026-08-07,fundamentals_stale,0.0
WYNN,2026-08-07,fundamentals_stale,0.0
XEL,2026-08-07,fundamentals_stale,0.0
XOM,2026-08-07,fundamentals_stale,1.0
XYL,2026-08-07,fundamentals_stale,0.0
XYZ,2026-08-07,fundamentals_stale,0.0
YUM,2026-08-07,fundamentals_stale,0.0
ZBH,2026-08-07,fundamentals_stale,0.0
ZBRA,2026-08-07,fundamentals_stale,0.0
ZTS,2026-08-07,fundamentals_stale,0.0
A,2026-08-07,filing_likely_overdue,0.0
A,2026-08-07,days_past_expected_filing,-31.0
AAPL,2026-08-07,filing_likely_overdue,0.0
AAPL,2026-08-07,days_past_expected_filing,-91.0
ABBV,2026-08-07,filing_likely_overdue,0.0
ABBV,2026-08-07,days_past_expected_filing,-95.0
ABNB,2026-08-07,filing_likely_overdue,0.0
ABNB,2026-08-07,days_past_expected_filing,-97.0
ABT,2026-08-07,filing_likely_overdue,0.0
ABT,2026-08-07,days_past_expected_filing,0.0
ACGL,2026-08-07,filing_likely_overdue,0.0
ACGL,2026-08-07,days_past_expected_filing,-97.0
ACN,2026-08-07,filing_likely_overdue,0.0
ACN,2026-08-07,days_past_expected_filing,-70.0
ADBE,2026-08-07,filing_likely_overdue,0.0
ADBE,2026-08-07,days_past_expected_filing,-54.0
ADI,2026-08-07,filing_likely_overdue,0.0
ADI,2026-08-07,days_past_expected_filing,-19.0
ADM,2026-08-07,filing_likely_overdue,0.0
ADM,2026-08-07,days_past_expected_filing,-90.0
ADP,2026-08-07,filing_likely_overdue,0.0
ADP,2026-08-07,days_past_expected_filing,-91.0
ADSK,2026-08-07,filing_likely_overdue,0.0
ADSK,2026-08-07,days_past_expected_filing,-32.0
AEE,2026-08-07,filing_likely_overdue,0.0
AEE,2026-08-07,days_past_expected_filing,-96.0
AEP,2026-08-07,filing_likely_overdue,0.0
AEP,2026-08-07,days_past_expected_filing,1.0
AES,2026-08-07,filing_likely_overdue,0.0
AES,2026-08-07,days_past_expected_filing,-96.0
AFL,2026-08-07,filing_likely_overdue,0.0
AFL,2026-08-07,days_past_expected_filing,-93.0
AIG,2026-08-07,filing_likely_overdue,0.0
AIG,2026-08-07,days_past_expected_filing,-95.0
AIZ,2026-08-07,filing_likely_overdue,0.0
AIZ,2026-08-07,days_past_expected_filing,-96.0
AJG,2026-08-07,filing_likely_overdue,0.0
AJG,2026-08-07,days_past_expected_filing,-91.0
AKAM,2026-08-07,filing_likely_overdue,0.0
AKAM,2026-08-07,days_past_expected_filing,-8.0
ALB,2026-08-07,filing_likely_overdue,0.0
ALB,2026-08-07,days_past_expected_filing,-96.0
ALGN,2026-08-07,filing_likely_overdue,0.0
ALGN,2026-08-07,days_past_expected_filing,-94.0
ALL,2026-08-07,filing_likely_overdue,0.0
ALL,2026-08-07,days_past_expected_filing,-92.0
ALLE,2026-08-07,filing_likely_overdue,0.0
ALLE,2026-08-07,days_past_expected_filing,-85.0
AMAT,2026-08-07,filing_likely_overdue,0.0
AMAT,2026-08-07,days_past_expected_filing,-20.0
AMCR,2026-08-07,filing_likely_overdue,0.0
AMCR,2026-08-07,days_past_expected_filing,-18.0
AMD,2026-08-07,filing_likely_overdue,0.0
AMD,2026-08-07,days_past_expected_filing,-89.0
AME,2026-08-07,filing_likely_overdue,0.0
AME,2026-08-07,days_past_expected_filing,-93.0
AMGN,2026-08-07,filing_likely_overdue,0.0
AMGN,2026-08-07,days_past_expected_filing,-91.0
AMP,2026-08-07,filing_likely_overdue,0.0
AMP,2026-08-07,days_past_expected_filing,-96.0
AMT,2026-08-07,filing_likely_overdue,0.0
AMT,2026-08-07,days_past_expected_filing,2.0
AMZN,2026-08-07,filing_likely_overdue,0.0
AMZN,2026-08-07,days_past_expected_filing,-90.0
ANET,2026-08-07,filing_likely_overdue,0.0
ANET,2026-08-07,days_past_expected_filing,-95.0
AON,2026-08-07,filing_likely_overdue,0.0
AON,2026-08-07,days_past_expected_filing,-89.0
AOS,2026-08-07,filing_likely_overdue,0.0
AOS,2026-08-07,days_past_expected_filing,-95.0
APD,2026-08-07,filing_likely_overdue,0.0
APD,2026-08-07,days_past_expected_filing,-111.0
APH,2026-08-07,filing_likely_overdue,0.0
APH,2026-08-07,days_past_expected_filing,-89.0
APO,2026-08-07,filing_likely_overdue,0.0
APO,2026-08-07,days_past_expected_filing,-7.0
APP,2026-08-07,filing_likely_overdue,0.0
APP,2026-08-07,days_past_expected_filing,-99.0
APTV,2026-08-07,filing_likely_overdue,0.0
APTV,2026-08-07,days_past_expected_filing,-93.0
ARE,2026-08-07,filing_likely_overdue,0.0
ARE,2026-08-07,days_past_expected_filing,-85.0
ARES,2026-08-07,filing_likely_overdue,0.0
ARES,2026-08-07,days_past_expected_filing,-98.0
ATO,2026-08-07,filing_likely_overdue,0.0
ATO,2026-08-07,days_past_expected_filing,-104.0
AVB,2026-08-07,filing_likely_overdue,0.0
AVB,2026-08-07,days_past_expected_filing,-95.0
AVGO,2026-08-07,filing_likely_overdue,0.0
AVGO,2026-08-07,days_past_expected_filing,-41.0
AVY,2026-08-07,filing_likely_overdue,0.0
AVY,2026-08-07,days_past_expected_filing,-91.0
AWK,2026-08-07,filing_likely_overdue,0.0
AWK,2026-08-07,days_past_expected_filing,-92.0
AXON,2026-08-07,filing_likely_overdue,0.0
AXON,2026-08-07,days_past_expected_filing,-99.0
AXP,2026-08-07,filing_likely_overdue,0.0
AXP,2026-08-07,days_past_expected_filing,-82.0
AZO,2026-08-07,filing_likely_overdue,0.0
AZO,2026-08-07,days_past_expected_filing,-66.0
BA,2026-08-07,filing_likely_overdue,0.0
BA,2026-08-07,days_past_expected_filing,-87.0
BAC,2026-08-07,filing_likely_overdue,0.0
BAC,2026-08-07,days_past_expected_filing,-91.0
BALL,2026-08-07,filing_likely_overdue,0.0
BALL,2026-08-07,days_past_expected_filing,-95.0
BAX,2026-08-07,filing_likely_overdue,0.0
BAX,2026-08-07,days_past_expected_filing,-93.0
BBY,2026-08-07,filing_likely_overdue,0.0
BBY,2026-08-07,days_past_expected_filing,-35.0
BDX,2026-08-07,filing_likely_overdue,0.0
BDX,2026-08-07,days_past_expected_filing,-116.0
BEN,2026-08-07,filing_likely_overdue,0.0
BEN,2026-08-07,days_past_expected_filing,-105.0
BF-B,2026-08-07,filing_likely_overdue,0.0
BF-B,2026-08-07,days_past_expected_filing,-32.0
BG,2026-08-07,filing_likely_overdue,0.0
BG,2026-08-07,days_past_expected_filing,0.0
BIIB,2026-08-07,filing_likely_overdue,0.0
BIIB,2026-08-07,days_past_expected_filing,7.0
BKNG,2026-08-07,filing_likely_overdue,0.0
BKNG,2026-08-07,days_past_expected_filing,-95.0
BKR,2026-08-07,filing_likely_overdue,0.0
BKR,2026-08-07,days_past_expected_filing,-84.0
BLDR,2026-08-07,filing_likely_overdue,0.0
BLDR,2026-08-07,days_past_expected_filing,-93.0
BLK,2026-08-07,filing_likely_overdue,0.0
BLK,2026-08-07,days_past_expected_filing,-97.0
BMY,2026-08-07,filing_likely_overdue,0.0
BMY,2026-08-07,days_past_expected_filing,-88.0
BNY,2026-08-07,filing_likely_overdue,0.0
BNY,2026-08-07,days_past_expected_filing,-93.0
BR,2026-08-07,filing_likely_overdue,0.0
BR,2026-08-07,days_past_expected_filing,-93.0
BRO,2026-08-07,filing_likely_overdue,0.0
BRO,2026-08-07,days_past_expected_filing,-95.0
BSX,2026-08-07,filing_likely_overdue,0.0
BSX,2026-08-07,days_past_expected_filing,-94.0
BX,2026-08-07,filing_likely_overdue,0.0
BX,2026-08-07,days_past_expected_filing,-7.0
BXP,2026-08-07,filing_likely_overdue,0.0
BXP,2026-08-07,days_past_expected_filing,-98.0
C,2026-08-07,filing_likely_overdue,0.0
C,2026-08-07,days_past_expected_filing,84.0
CAG,2026-08-07,filing_likely_overdue,0.0
CAG,2026-08-07,days_past_expected_filing,-68.0
CAH,2026-08-07,filing_likely_overdue,1.0
CAH,2026-08-07,days_past_expected_filing,86.0
CARR,2026-08-07,filing_likely_overdue,0.0
CARR,2026-08-07,days_past_expected_filing,3.0
CASY,2026-08-07,filing_likely_overdue,0.0
CASY,2026-08-07,days_past_expected_filing,-38.0
CAT,2026-08-07,filing_likely_overdue,0.0
CAT,2026-08-07,days_past_expected_filing,-95.0
CB,2026-08-07,filing_likely_overdue,0.0
CB,2026-08-07,days_past_expected_filing,2.0
CBOE,2026-08-07,filing_likely_overdue,0.0
CBOE,2026-08-07,days_past_expected_filing,-93.0
CBRE,2026-08-07,filing_likely_overdue,0.0
CBRE,2026-08-07,days_past_expected_filing,-90.0
CCI,2026-08-07,filing_likely_overdue,0.0
CCI,2026-08-07,days_past_expected_filing,-95.0
CCL,2026-08-07,filing_likely_overdue,0.0
CCL,2026-08-07,days_past_expected_filing,-60.0
CDNS,2026-08-07,filing_likely_overdue,0.0
CDNS,2026-08-07,days_past_expected_filing,8.0
CDW,2026-08-07,filing_likely_overdue,0.0
CDW,2026-08-07,days_past_expected_filing,-94.0
CE,2026-08-07,filing_likely_overdue,0.0
CE,2026-08-07,days_past_expected_filing,-89.0
CEG,2026-08-07,filing_likely_overdue,0.0
CEG,2026-08-07,days_past_expected_filing,-97.0
CF,2026-08-07,filing_likely_overdue,0.0
CF,2026-08-07,days_past_expected_filing,-95.0
CFG,2026-08-07,filing_likely_overdue,0.0
CFG,2026-08-07,days_past_expected_filing,-95.0
CHD,2026-08-07,filing_likely_overdue,0.0
CHD,2026-08-07,days_past_expected_filing,-91.0
CHRW,2026-08-07,filing_likely_overdue,0.0
CHRW,2026-08-07,days_past_expected_filing,-93.0
CHTR,2026-08-07,filing_likely_overdue,0.0
CHTR,2026-08-07,days_past_expected_filing,-88.0
CI,2026-08-07,filing_likely_overdue,0.0
CI,2026-08-07,days_past_expected_filing,-93.0
CIEN,2026-08-07,filing_likely_overdue,0.0
CIEN,2026-08-07,days_past_expected_filing,-40.0
CINF,2026-08-07,filing_likely_overdue,0.0
CINF,2026-08-07,days_past_expected_filing,-87.0
CL,2026-08-07,filing_likely_overdue,0.0
CL,2026-08-07,days_past_expected_filing,-88.0
CLX,2026-08-07,filing_likely_overdue,0.0
CLX,2026-08-07,days_past_expected_filing,-10.0
CMCSA,2026-08-07,filing_likely_overdue,0.0
CMCSA,2026-08-07,days_past_expected_filing,-87.0
CME,2026-08-07,filing_likely_overdue,0.0
CME,2026-08-07,days_past_expected_filing,-94.0
CMG,2026-08-07,filing_likely_overdue,0.0
CMG,2026-08-07,days_past_expected_filing,-86.0
CMI,2026-08-07,filing_likely_overdue,0.0
CMI,2026-08-07,days_past_expected_filing,-90.0
CMS,2026-08-07,filing_likely_overdue,0.0
CMS,2026-08-07,days_past_expected_filing,-87.0
CNC,2026-08-07,filing_likely_overdue,0.0
CNC,2026-08-07,days_past_expected_filing,-86.0
CNP,2026-08-07,filing_likely_overdue,0.0
CNP,2026-08-07,days_past_expected_filing,-3.0
COF,2026-08-07,filing_likely_overdue,0.0
COF,2026-08-07,days_past_expected_filing,-2.0
COHR,2026-08-07,filing_likely_overdue,0.0
COHR,2026-08-07,days_past_expected_filing,-19.0
COIN,2026-08-07,filing_likely_overdue,0.0
COIN,2026-08-07,days_past_expected_filing,-94.0
COO,2026-08-07,filing_likely_overdue,0.0
COO,2026-08-07,days_past_expected_filing,-33.0
COP,2026-08-07,filing_likely_overdue,0.0
COP,2026-08-07,days_past_expected_filing,-94.0
COR,2026-08-07,filing_likely_overdue,0.0
COR,2026-08-07,days_past_expected_filing,-113.0
COST,2026-08-07,filing_likely_overdue,0.0
COST,2026-08-07,days_past_expected_filing,-47.0
CPAY,2026-08-07,filing_likely_overdue,0.0
CPAY,2026-08-07,days_past_expected_filing,-9.0
CPB,2026-08-07,filing_likely_overdue,0.0
CPB,2026-08-07,days_past_expected_filing,-40.0
CPRT,2026-08-07,filing_likely_overdue,0.0
CPRT,2026-08-07,days_past_expected_filing,-58.0
CPT,2026-08-07,filing_likely_overdue,0.0
CPT,2026-08-07,days_past_expected_filing,-91.0
CRH,2026-08-07,filing_likely_overdue,0.0
CRH,2026-08-07,days_past_expected_filing,-97.0
CRL,2026-08-07,filing_likely_overdue,0.0
CRL,2026-08-07,days_past_expected_filing,-96.0
CRM,2026-08-07,filing_likely_overdue,0.0
CRM,2026-08-07,days_past_expected_filing,-29.0
CRWD,2026-08-07,filing_likely_overdue,0.0
CRWD,2026-08-07,days_past_expected_filing,-31.0
CSCO,2026-08-07,filing_likely_overdue,0.0
CSCO,2026-08-07,days_past_expected_filing,-34.0
CSGP,2026-08-07,filing_likely_overdue,0.0
CSGP,2026-08-07,days_past_expected_filing,-87.0
CSX,2026-08-07,filing_likely_overdue,0.0
CSX,2026-08-07,days_past_expected_filing,-80.0
CTAS,2026-08-07,filing_likely_overdue,0.0
CTAS,2026-08-07,days_past_expected_filing,3.0
CTSH,2026-08-07,filing_likely_overdue,0.0
CTSH,2026-08-07,days_past_expected_filing,0.0
CTVA,2026-08-07,filing_likely_overdue,0.0
CTVA,2026-08-07,days_past_expected_filing,-96.0
CVS,2026-08-07,filing_likely_overdue,0.0
CVS,2026-08-07,days_past_expected_filing,-94.0
CVX,2026-08-07,filing_likely_overdue,0.0
CVX,2026-08-07,days_past_expected_filing,-96.0
D,2026-08-07,filing_likely_overdue,0.0
D,2026-08-07,days_past_expected_filing,-3.0
DAL,2026-08-07,filing_likely_overdue,0.0
DAL,2026-08-07,days_past_expected_filing,-72.0
DASH,2026-08-07,filing_likely_overdue,0.0
DASH,2026-08-07,days_past_expected_filing,-96.0
DD,2026-08-07,filing_likely_overdue,0.0
DD,2026-08-07,days_past_expected_filing,-94.0
DDOG,2026-08-07,filing_likely_overdue,0.0
DDOG,2026-08-07,days_past_expected_filing,-98.0
DE,2026-08-07,filing_likely_overdue,0.0
DE,2026-08-07,days_past_expected_filing,-34.0
DECK,2026-08-07,filing_likely_overdue,0.0
DECK,2026-08-07,days_past_expected_filing,-96.0
DELL,2026-08-07,filing_likely_overdue,0.0
DELL,2026-08-07,days_past_expected_filing,-39.0
DG,2026-08-07,filing_likely_overdue,0.0
DG,2026-08-07,days_past_expected_filing,-27.0
DGX,2026-08-07,filing_likely_overdue,0.0
DGX,2026-08-07,days_past_expected_filing,-83.0
DHI,2026-08-07,filing_likely_overdue,0.0
DHI,2026-08-07,days_past_expected_filing,-109.0
DHR,2026-08-07,filing_likely_overdue,0.0
DHR,2026-08-07,days_past_expected_filing,-81.0
DIS,2026-08-07,filing_likely_overdue,0.0
DIS,2026-08-07,days_past_expected_filing,-110.0
DLR,2026-08-07,filing_likely_overdue,0.0
DLR,2026-08-07,days_past_expected_filing,-5.0
DLTR,2026-08-07,filing_likely_overdue,0.0
DLTR,2026-08-07,days_past_expected_filing,-27.0
DOC,2026-08-07,filing_likely_overdue,0.0
DOC,2026-08-07,days_past_expected_filing,-93.0
DOV,2026-08-07,filing_likely_overdue,0.0
DOV,2026-08-07,days_past_expected_filing,-81.0
DOW,2026-08-07,filing_likely_overdue,0.0
DOW,2026-08-07,days_past_expected_filing,6.0
DPZ,2026-08-07,filing_likely_overdue,0.0
DPZ,2026-08-07,days_past_expected_filing,-76.0
DRI,2026-08-07,filing_likely_overdue,0.0
DRI,2026-08-07,days_past_expected_filing,-67.0
DTE,2026-08-07,filing_likely_overdue,0.0
DTE,2026-08-07,days_past_expected_filing,4.0
DUK,2026-08-07,filing_likely_overdue,0.0
DUK,2026-08-07,days_past_expected_filing,-6.0
DVA,2026-08-07,filing_likely_overdue,0.0
DVA,2026-08-07,days_past_expected_filing,-94.0
DVN,2026-08-07,filing_likely_overdue,0.0
DVN,2026-08-07,days_past_expected_filing,-96.0
DXCM,2026-08-07,filing_likely_overdue,0.0
DXCM,2026-08-07,days_past_expected_filing,-88.0
EA,2026-08-07,filing_likely_overdue,0.0
EA,2026-08-07,days_past_expected_filing,-98.0
EBAY,2026-08-07,filing_likely_overdue,0.0
EBAY,2026-08-07,days_past_expected_filing,-91.0
ECL,2026-08-07,filing_likely_overdue,0.0
ECL,2026-08-07,days_past_expected_filing,-95.0
ED,2026-08-07,filing_likely_overdue,0.0
ED,2026-08-07,days_past_expected_filing,-5.0
EFX,2026-08-07,filing_likely_overdue,0.0
EFX,2026-08-07,days_past_expected_filing,-82.0
EG,2026-08-07,filing_likely_overdue,0.0
EG,2026-08-07,days_past_expected_filing,-100.0
EIX,2026-08-07,filing_likely_overdue,0.0
EIX,2026-08-07,days_past_expected_filing,2.0
EL,2026-08-07,filing_likely_overdue,0.0
EL,2026-08-07,days_past_expected_filing,-22.0
ELV,2026-08-07,filing_likely_overdue,0.0
ELV,2026-08-07,days_past_expected_filing,-84.0
EME,2026-08-07,filing_likely_overdue,0.0
EME,2026-08-07,days_past_expected_filing,-88.0
EMR,2026-08-07,filing_likely_overdue,0.0
EMR,2026-08-07,days_past_expected_filing,-107.0
EOG,2026-08-07,filing_likely_overdue,0.0
EOG,2026-08-07,days_past_expected_filing,-95.0
EQIX,2026-08-07,filing_likely_overdue,0.0
EQIX,2026-08-07,days_past_expected_filing,-90.0
EQR,2026-08-07,filing_likely_overdue,0.0
EQR,2026-08-07,days_past_expected_filing,-93.0
EQT,2026-08-07,filing_likely_overdue,0.0
EQT,2026-08-07,days_past_expected_filing,-86.0
ERIE,2026-08-07,filing_likely_overdue,0.0
ERIE,2026-08-07,days_past_expected_filing,-88.0
ES,2026-08-07,filing_likely_overdue,0.0
ES,2026-08-07,days_past_expected_filing,-96.0
ESS,2026-08-07,filing_likely_overdue,0.0
ESS,2026-08-07,days_past_expected_filing,-91.0
ETN,2026-08-07,filing_likely_overdue,0.0
ETN,2026-08-07,days_past_expected_filing,-92.0
ETR,2026-08-07,filing_likely_overdue,0.0
ETR,2026-08-07,days_past_expected_filing,-2.0
EVRG,2026-08-07,filing_likely_overdue,0.0
EVRG,2026-08-07,days_past_expected_filing,-6.0
EW,2026-08-07,filing_likely_overdue,0.0
EW,2026-08-07,days_past_expected_filing,-88.0
EXC,2026-08-07,filing_likely_overdue,0.0
EXC,2026-08-07,days_past_expected_filing,-2.0
EXE,2026-08-07,filing_likely_overdue,0.0
EXE,2026-08-07,days_past_expected_filing,-2.0
EXPD,2026-08-07,filing_likely_overdue,0.0
EXPD,2026-08-07,days_past_expected_filing,-97.0
EXPE,2026-08-07,filing_likely_overdue,0.0
EXPE,2026-08-07,days_past_expected_filing,-95.0
EXR,2026-08-07,filing_likely_overdue,0.0
EXR,2026-08-07,days_past_expected_filing,-96.0
F,2026-08-07,filing_likely_overdue,0.0
F,2026-08-07,days_past_expected_filing,2.0
FANG,2026-08-07,filing_likely_overdue,0.0
FANG,2026-08-07,days_past_expected_filing,-97.0
FAST,2026-08-07,filing_likely_overdue,0.0
FAST,2026-08-07,days_past_expected_filing,-76.0
FCX,2026-08-07,filing_likely_overdue,0.0
FCX,2026-08-07,days_past_expected_filing,-97.0
FDS,2026-08-07,filing_likely_overdue,0.0
FDS,2026-08-07,days_past_expected_filing,-90.0
FDX,2026-08-07,filing_likely_overdue,0.0
FDX,2026-08-07,days_past_expected_filing,-49.0
FE,2026-08-07,filing_likely_overdue,0.0
FE,2026-08-07,days_past_expected_filing,4.0
FFIV,2026-08-07,filing_likely_overdue,0.0
FFIV,2026-08-07,days_past_expected_filing,-108.0
FICO,2026-08-07,filing_likely_overdue,0.0
FICO,2026-08-07,days_past_expected_filing,-100.0
FIS,2026-08-07,filing_likely_overdue,0.0
FIS,2026-08-07,days_past_expected_filing,-95.0
FISV,2026-08-07,filing_likely_overdue,0.0
FISV,2026-08-07,days_past_expected_filing,-88.0
FITB,2026-08-07,filing_likely_overdue,0.0
FITB,2026-08-07,days_past_expected_filing,-97.0
FIX,2026-08-07,filing_likely_overdue,0.0
FIX,2026-08-07,days_past_expected_filing,-86.0
FLEX,2026-08-07,filing_likely_overdue,0.0
FLEX,2026-08-07,days_past_expected_filing,-87.0
FOX,2026-08-07,filing_likely_overdue,0.0
FOX,2026-08-07,days_past_expected_filing,-97.0
FOXA,2026-08-07,filing_likely_overdue,0.0
FOXA,2026-08-07,days_past_expected_filing,-97.0
FRT,2026-08-07,filing_likely_overdue,0.0
FRT,2026-08-07,days_past_expected_filing,-3.0
FSLR,2026-08-07,filing_likely_overdue,0.0
FSLR,2026-08-07,days_past_expected_filing,-90.0
FTNT,2026-08-07,filing_likely_overdue,0.0
FTNT,2026-08-07,days_past_expected_filing,-98.0
FTV,2026-08-07,filing_likely_overdue,0.0
FTV,2026-08-07,days_past_expected_filing,1.0
GD,2026-08-07,filing_likely_overdue,0.0
GD,2026-08-07,days_past_expected_filing,2.0
GDDY,2026-08-07,filing_likely_overdue,0.0
GDDY,2026-08-07,days_past_expected_filing,-95.0
GE,2026-08-07,filing_likely_overdue,0.0
GE,2026-08-07,days_past_expected_filing,-85.0
GEHC,2026-08-07,filing_likely_overdue,0.0
GEHC,2026-08-07,days_past_expected_filing,1.0
GEN,2026-08-07,filing_likely_overdue,0.0
GEN,2026-08-07,days_past_expected_filing,-7.0
GEV,2026-08-07,filing_likely_overdue,0.0
GEV,2026-08-07,days_past_expected_filing,-83.0
GILD,2026-08-07,filing_likely_overdue,0.0
GILD,2026-08-07,days_past_expected_filing,-97.0
GIS,2026-08-07,filing_likely_overdue,0.0
GIS,2026-08-07,days_past_expected_filing,-54.0
GL,2026-08-07,filing_likely_overdue,0.0
GL,2026-08-07,days_past_expected_filing,-97.0
GLW,2026-08-07,filing_likely_overdue,0.0
GLW,2026-08-07,days_past_expected_filing,1.0
GM,2026-08-07,filing_likely_overdue,0.0
GM,2026-08-07,days_past_expected_filing,-86.0
GNRC,2026-08-07,filing_likely_overdue,0.0
GNRC,2026-08-07,days_past_expected_filing,-97.0
GOOG,2026-08-07,filing_likely_overdue,0.0
GOOG,2026-08-07,days_past_expected_filing,-86.0
GOOGL,2026-08-07,filing_likely_overdue,0.0
GOOGL,2026-08-07,days_past_expected_filing,-86.0
GPC,2026-08-07,filing_likely_overdue,0.0
GPC,2026-08-07,days_past_expected_filing,-82.0
GPN,2026-08-07,filing_likely_overdue,0.0
GPN,2026-08-07,days_past_expected_filing,-93.0
GRMN,2026-08-07,filing_likely_overdue,0.0
GRMN,2026-08-07,days_past_expected_filing,2.0
GS,2026-08-07,filing_likely_overdue,0.0
GS,2026-08-07,days_past_expected_filing,-91.0
GWW,2026-08-07,filing_likely_overdue,0.0
GWW,2026-08-07,days_past_expected_filing,-88.0
HAL,2026-08-07,filing_likely_overdue,0.0
HAL,2026-08-07,days_past_expected_filing,-85.0
HAS,2026-08-07,filing_likely_overdue,0.0
HAS,2026-08-07,days_past_expected_filing,-89.0
HBAN,2026-08-07,filing_likely_overdue,0.0
HBAN,2026-08-07,days_past_expected_filing,2.0
HCA,2026-08-07,filing_likely_overdue,0.0
HCA,2026-08-07,days_past_expected_filing,-1.0
HD,2026-08-07,filing_likely_overdue,0.0
HD,2026-08-07,days_past_expected_filing,-25.0
HIG,2026-08-07,filing_likely_overdue,0.0
HIG,2026-08-07,days_past_expected_filing,-87.0
HII,2026-08-07,filing_likely_overdue,0.0
HII,2026-08-07,days_past_expected_filing,-94.0
HLT,2026-08-07,filing_likely_overdue,0.0
HLT,2026-08-07,days_past_expected_filing,-87.0
HON,2026-08-07,filing_likely_overdue,0.0
HON,2026-08-07,days_past_expected_filing,-85.0
HOOD,2026-08-07,filing_likely_overdue,0.0
HOOD,2026-08-07,days_past_expected_filing,-94.0
HPE,2026-08-07,filing_likely_overdue,0.0
HPE,2026-08-07,days_past_expected_filing,-33.0
HPQ,2026-08-07,filing_likely_overdue,0.0
HPQ,2026-08-07,days_past_expected_filing,-30.0
HRL,2026-08-07,filing_likely_overdue,0.0
HRL,2026-08-07,days_past_expected_filing,-32.0
HSIC,2026-08-07,filing_likely_overdue,0.0
HSIC,2026-08-07,days_past_expected_filing,-95.0
HST,2026-08-07,filing_likely_overdue,0.0
HST,2026-08-07,days_past_expected_filing,-95.0
HSY,2026-08-07,filing_likely_overdue,0.0
HSY,2026-08-07,days_past_expected_filing,-89.0
HUBB,2026-08-07,filing_likely_overdue,0.0
HUBB,2026-08-07,days_past_expected_filing,3.0
HUM,2026-08-07,filing_likely_overdue,0.0
HUM,2026-08-07,days_past_expected_filing,0.0
HWM,2026-08-07,filing_likely_overdue,0.0
HWM,2026-08-07,days_past_expected_filing,-93.0
IBKR,2026-08-07,filing_likely_overdue,0.0
IBKR,2026-08-07,days_past_expected_filing,-99.0
IBM,2026-08-07,filing_likely_overdue,0.0
IBM,2026-08-07,days_past_expected_filing,-87.0
ICE,2026-08-07,filing_likely_overdue,0.0
ICE,2026-08-07,days_past_expected_filing,-91.0
IDXX,2026-08-07,filing_likely_overdue,0.0
IDXX,2026-08-07,days_past_expected_filing,-92.0
IEX,2026-08-07,filing_likely_overdue,0.0
IEX,2026-08-07,days_past_expected_filing,-88.0
IFF,2026-08-07,filing_likely_overdue,0.0
IFF,2026-08-07,days_past_expected_filing,-98.0
INCY,2026-08-07,filing_likely_overdue,0.0
INCY,2026-08-07,days_past_expected_filing,0.0
INTC,2026-08-07,filing_likely_overdue,0.0
INTC,2026-08-07,days_past_expected_filing,-84.0
INTU,2026-08-07,filing_likely_overdue,0.0
INTU,2026-08-07,days_past_expected_filing,-33.0
INVH,2026-08-07,filing_likely_overdue,0.0
INVH,2026-08-07,days_past_expected_filing,-91.0
IP,2026-08-07,filing_likely_overdue,0.0
IP,2026-08-07,days_past_expected_filing,-93.0
IQV,2026-08-07,filing_likely_overdue,0.0
IQV,2026-08-07,days_past_expected_filing,2.0
IR,2026-08-07,filing_likely_overdue,0.0
IR,2026-08-07,days_past_expected_filing,-93.0
IRM,2026-08-07,filing_likely_overdue,0.0
IRM,2026-08-07,days_past_expected_filing,-94.0
ISRG,2026-08-07,filing_likely_overdue,0.0
ISRG,2026-08-07,days_past_expected_filing,-81.0
IT,2026-08-07,filing_likely_overdue,0.0
IT,2026-08-07,days_past_expected_filing,-94.0
ITW,2026-08-07,filing_likely_overdue,0.0
ITW,2026-08-07,days_past_expected_filing,-94.0
IVZ,2026-08-07,filing_likely_overdue,0.0
IVZ,2026-08-07,days_past_expected_filing,-93.0
J,2026-08-07,filing_likely_overdue,0.0
J,2026-08-07,days_past_expected_filing,-109.0
JBHT,2026-08-07,filing_likely_overdue,0.0
JBHT,2026-08-07,days_past_expected_filing,-87.0
JBL,2026-08-07,filing_likely_overdue,0.0
JBL,2026-08-07,days_past_expected_filing,-82.0
JCI,2026-08-07,filing_likely_overdue,0.0
JCI,2026-08-07,days_past_expected_filing,-2.0
JKHY,2026-08-07,filing_likely_overdue,0.0
JKHY,2026-08-07,days_past_expected_filing,-27.0
JNJ,2026-08-07,filing_likely_overdue,0.0
JNJ,2026-08-07,days_past_expected_filing,-84.0
JPM,2026-08-07,filing_likely_overdue,0.0
JPM,2026-08-07,days_past_expected_filing,-95.0
KDP,2026-08-07,filing_likely_overdue,1.0
KDP,2026-08-07,days_past_expected_filing,3.0
KEY,2026-08-07,filing_likely_overdue,0.0
KEY,2026-08-07,days_past_expected_filing,-93.0
KEYS,2026-08-07,filing_likely_overdue,0.0
KEYS,2026-08-07,days_past_expected_filing,-31.0
KHC,2026-08-07,filing_likely_overdue,0.0
KHC,2026-08-07,days_past_expected_filing,-90.0
KIM,2026-08-07,filing_likely_overdue,0.0
KIM,2026-08-07,days_past_expected_filing,-90.0
KKR,2026-08-07,filing_likely_overdue,0.0
KKR,2026-08-07,days_past_expected_filing,-97.0
KLAC,2026-08-07,filing_likely_overdue,0.0
KLAC,2026-08-07,days_past_expected_filing,-89.0
KMB,2026-08-07,filing_likely_overdue,0.0
KMB,2026-08-07,days_past_expected_filing,-83.0
KMI,2026-08-07,filing_likely_overdue,0.0
KMI,2026-08-07,days_past_expected_filing,-82.0
KO,2026-08-07,filing_likely_overdue,0.0
KO,2026-08-07,days_past_expected_filing,1.0
KR,2026-08-07,filing_likely_overdue,0.0
KR,2026-08-07,days_past_expected_filing,-56.0
KVUE,2026-08-07,filing_likely_overdue,0.0
KVUE,2026-08-07,days_past_expected_filing,-97.0
L,2026-08-07,filing_likely_overdue,0.0
L,2026-08-07,days_past_expected_filing,-93.0
LDOS,2026-08-07,filing_likely_overdue,0.0
LDOS,2026-08-07,days_past_expected_filing,-95.0
LEN,2026-08-07,filing_likely_overdue,0.0
LEN,2026-08-07,days_past_expected_filing,-63.0
LH,2026-08-07,filing_likely_overdue,0.0
LH,2026-08-07,days_past_expected_filing,-92.0
LHX,2026-08-07,filing_likely_overdue,0.0
LHX,2026-08-07,days_past_expected_filing,-91.0
LII,2026-08-07,filing_likely_overdue,0.0
LII,2026-08-07,days_past_expected_filing,7.0
LIN,2026-08-07,filing_likely_overdue,0.0
LIN,2026-08-07,days_past_expected_filing,-91.0
LITE,2026-08-07,filing_likely_overdue,0.0
LITE,2026-08-07,days_past_expected_filing,-25.0
LLY,2026-08-07,filing_likely_overdue,0.0
LLY,2026-08-07,days_past_expected_filing,-91.0
LMT,2026-08-07,filing_likely_overdue,0.0
LMT,2026-08-07,days_past_expected_filing,-82.0
LNT,2026-08-07,filing_likely_overdue,0.0
LNT,2026-08-07,days_past_expected_filing,-4.0
LOW,2026-08-07,filing_likely_overdue,0.0
LOW,2026-08-07,days_past_expected_filing,-27.0
LRCX,2026-08-07,filing_likely_overdue,0.0
LRCX,2026-08-07,days_past_expected_filing,-18.0
LULU,2026-08-07,filing_likely_overdue,0.0
LULU,2026-08-07,days_past_expected_filing,-40.0
LUV,2026-08-07,filing_likely_overdue,0.0
LUV,2026-08-07,days_past_expected_filing,-89.0
LVS,2026-08-07,filing_likely_overdue,0.0
LVS,2026-08-07,days_past_expected_filing,-94.0
LYB,2026-08-07,filing_likely_overdue,0.0
LYB,2026-08-07,days_past_expected_filing,-90.0
LYV,2026-08-07,filing_likely_overdue,0.0
LYV,2026-08-07,days_past_expected_filing,-94.0
MA,2026-08-07,filing_likely_overdue,0.0
MA,2026-08-07,days_past_expected_filing,-89.0
MAA,2026-08-07,filing_likely_overdue,0.0
MAA,2026-08-07,days_past_expected_filing,1.0
MAR,2026-08-07,filing_likely_overdue,0.0
MAR,2026-08-07,days_past_expected_filing,-96.0
MAS,2026-08-07,filing_likely_overdue,0.0
MAS,2026-08-07,days_past_expected_filing,3.0
MCD,2026-08-07,filing_likely_overdue,0.0
MCD,2026-08-07,days_past_expected_filing,-97.0
MCHP,2026-08-07,filing_likely_overdue,0.0
MCHP,2026-08-07,days_past_expected_filing,-95.0
MCK,2026-08-07,filing_likely_overdue,0.0
MCK,2026-08-07,days_past_expected_filing,-93.0
MCO,2026-08-07,filing_likely_overdue,0.0
MCO,2026-08-07,days_past_expected_filing,-88.0
MDLZ,2026-08-07,filing_likely_overdue,0.0
MDLZ,2026-08-07,days_past_expected_filing,2.0
MDT,2026-08-07,filing_likely_overdue,0.0
MDT,2026-08-07,days_past_expected_filing,-27.0
MET,2026-08-07,filing_likely_overdue,0.0
MET,2026-08-07,days_past_expected_filing,-95.0
META,2026-08-07,filing_likely_overdue,0.0
META,2026-08-07,days_past_expected_filing,0.0
MGM,2026-08-07,filing_likely_overdue,0.0
MGM,2026-08-07,days_past_expected_filing,-93.0
MKC,2026-08-07,filing_likely_overdue,0.0
MKC,2026-08-07,days_past_expected_filing,-59.0
MLM,2026-08-07,filing_likely_overdue,0.0
MLM,2026-08-07,days_past_expected_filing,-93.0
MMM,2026-08-07,filing_likely_overdue,0.0
MMM,2026-08-07,days_past_expected_filing,-86.0
MNST,2026-08-07,filing_likely_overdue,0.0
MNST,2026-08-07,days_past_expected_filing,-98.0
MO,2026-08-07,filing_likely_overdue,0.0
MO,2026-08-07,days_past_expected_filing,-89.0
MOS,2026-08-07,filing_likely_overdue,0.0
MOS,2026-08-07,days_past_expected_filing,-95.0
MPC,2026-08-07,filing_likely_overdue,0.0
MPC,2026-08-07,days_past_expected_filing,-95.0
MPWR,2026-08-07,filing_likely_overdue,0.0
MPWR,2026-08-07,days_past_expected_filing,-96.0
MRK,2026-08-07,filing_likely_overdue,0.0
MRK,2026-08-07,days_past_expected_filing,-5.0
MRSH,2026-08-07,filing_likely_overdue,0.0
MRSH,2026-08-07,days_past_expected_filing,-81.0
MRVL,2026-08-07,filing_likely_overdue,0.0
MRVL,2026-08-07,days_past_expected_filing,-28.0
MS,2026-08-07,filing_likely_overdue,0.0
MS,2026-08-07,days_past_expected_filing,-95.0
MSCI,2026-08-07,filing_likely_overdue,0.0
MSCI,2026-08-07,days_past_expected_filing,-89.0
MSFT,2026-08-07,filing_likely_overdue,0.0
MSFT,2026-08-07,days_past_expected_filing,-87.0
MSI,2026-08-07,filing_likely_overdue,0.0
MSI,2026-08-07,days_past_expected_filing,-97.0
MTB,2026-08-07,filing_likely_overdue,0.0
MTB,2026-08-07,days_past_expected_filing,-96.0
MTD,2026-08-07,filing_likely_overdue,0.0
MTD,2026-08-07,days_past_expected_filing,-95.0
MU,2026-08-07,filing_likely_overdue,0.0
MU,2026-08-07,days_past_expected_filing,-63.0
NCLH,2026-08-07,filing_likely_overdue,0.0
NCLH,2026-08-07,days_past_expected_filing,-99.0
NDAQ,2026-08-07,filing_likely_overdue,0.0
NDAQ,2026-08-07,days_past_expected_filing,-94.0
NDSN,2026-08-07,filing_likely_overdue,0.0
NDSN,2026-08-07,days_past_expected_filing,-31.0
NEE,2026-08-07,filing_likely_overdue,0.0
NEE,2026-08-07,days_past_expected_filing,7.0
NEM,2026-08-07,filing_likely_overdue,0.0
NEM,2026-08-07,days_past_expected_filing,-85.0
NFLX,2026-08-07,filing_likely_overdue,0.0
NFLX,2026-08-07,days_past_expected_filing,-79.0
NI,2026-08-07,filing_likely_overdue,0.0
NI,2026-08-07,days_past_expected_filing,-93.0
NKE,2026-08-07,filing_likely_overdue,0.0
NKE,2026-08-07,days_past_expected_filing,-66.0
NOC,2026-08-07,filing_likely_overdue,0.0
NOC,2026-08-07,days_past_expected_filing,-85.0
NOW,2026-08-07,filing_likely_overdue,0.0
NOW,2026-08-07,days_past_expected_filing,-86.0
NRG,2026-08-07,filing_likely_overdue,0.0
NRG,2026-08-07,days_past_expected_filing,-97.0
NSC,2026-08-07,filing_likely_overdue,0.0
NSC,2026-08-07,days_past_expected_filing,-86.0
NTAP,2026-08-07,filing_likely_overdue,0.0
NTAP,2026-08-07,days_past_expected_filing,-26.0
NTRS,2026-08-07,filing_likely_overdue,0.0
NTRS,2026-08-07,days_past_expected_filing,-89.0
NUE,2026-08-07,filing_likely_overdue,0.0
NUE,2026-08-07,days_past_expected_filing,-12.0
NVDA,2026-08-07,filing_likely_overdue,0.0
NVDA,2026-08-07,days_past_expected_filing,-19.0
NWS,2026-08-07,filing_likely_overdue,0.0
NWS,2026-08-07,days_past_expected_filing,-99.0
NWSA,2026-08-07,filing_likely_overdue,0.0
NWSA,2026-08-07,days_past_expected_filing,-99.0
NXPI,2026-08-07,filing_likely_overdue,0.0
NXPI,2026-08-07,days_past_expected_filing,3.0
O,2026-08-07,filing_likely_overdue,0.0
O,2026-08-07,days_past_expected_filing,-94.0
ODFL,2026-08-07,filing_likely_overdue,0.0
ODFL,2026-08-07,days_past_expected_filing,-97.0
OKE,2026-08-07,filing_likely_overdue,0.0
OKE,2026-08-07,days_past_expected_filing,-91.0
OMC,2026-08-07,filing_likely_overdue,0.0
OMC,2026-08-07,days_past_expected_filing,12.0
ON,2026-08-07,filing_likely_overdue,0.0
ON,2026-08-07,days_past_expected_filing,-94.0
ORCL,2026-08-07,filing_likely_overdue,0.0
ORCL,2026-08-07,days_past_expected_filing,-43.0
ORLY,2026-08-07,filing_likely_overdue,0.0
ORLY,2026-08-07,days_past_expected_filing,-8.0
OTIS,2026-08-07,filing_likely_overdue,0.0
OTIS,2026-08-07,days_past_expected_filing,-87.0
OXY,2026-08-07,filing_likely_overdue,0.0
OXY,2026-08-07,days_past_expected_filing,-96.0
PANW,2026-08-07,filing_likely_overdue,0.0
PANW,2026-08-07,days_past_expected_filing,-34.0
PAYX,2026-08-07,filing_likely_overdue,0.0
PAYX,2026-08-07,days_past_expected_filing,-57.0
PCAR,2026-08-07,filing_likely_overdue,0.0
PCAR,2026-08-07,days_past_expected_filing,-92.0
PCG,2026-08-07,filing_likely_overdue,0.0
PCG,2026-08-07,days_past_expected_filing,-89.0
PEG,2026-08-07,filing_likely_overdue,0.0
PEG,2026-08-07,days_past_expected_filing,-92.0
PEP,2026-08-07,filing_likely_overdue,0.0
PEP,2026-08-07,days_past_expected_filing,-73.0
PFE,2026-08-07,filing_likely_overdue,0.0
PFE,2026-08-07,days_past_expected_filing,-96.0
PFG,2026-08-07,filing_likely_overdue,0.0
PFG,2026-08-07,days_past_expected_filing,1.0
PG,2026-08-07,filing_likely_overdue,0.0
PG,2026-08-07,days_past_expected_filing,-81.0
PGR,2026-08-07,filing_likely_overdue,0.0
PGR,2026-08-07,days_past_expected_filing,-94.0
PH,2026-08-07,filing_likely_overdue,0.0
PH,2026-08-07,days_past_expected_filing,-24.0
PKG,2026-08-07,filing_likely_overdue,0.0
PKG,2026-08-07,days_past_expected_filing,-97.0
PLD,2026-08-07,filing_likely_overdue,0.0
PLD,2026-08-07,days_past_expected_filing,4.0
PLTR,2026-08-07,filing_likely_overdue,0.0
PLTR,2026-08-07,days_past_expected_filing,-98.0
PM,2026-08-07,filing_likely_overdue,0.0
PM,2026-08-07,days_past_expected_filing,-86.0
PNC,2026-08-07,filing_likely_overdue,0.0
PNC,2026-08-07,days_past_expected_filing,-93.0
PNR,2026-08-07,filing_likely_overdue,0.0
PNR,2026-08-07,days_past_expected_filing,7.0
PNW,2026-08-07,filing_likely_overdue,0.0
PNW,2026-08-07,days_past_expected_filing,-94.0
PODD,2026-08-07,filing_likely_overdue,0.0
PODD,2026-08-07,days_past_expected_filing,-96.0
POOL,2026-08-07,filing_likely_overdue,0.0
POOL,2026-08-07,days_past_expected_filing,1.0
PPG,2026-08-07,filing_likely_overdue,0.0
PPG,2026-08-07,days_past_expected_filing,10.0
PPL,2026-08-07,filing_likely_overdue,0.0
PPL,2026-08-07,days_past_expected_filing,-4.0
PRU,2026-08-07,filing_likely_overdue,0.0
PRU,2026-08-07,days_past_expected_filing,-94.0
PSA,2026-08-07,filing_likely_overdue,0.0
PSA,2026-08-07,days_past_expected_filing,-90.0
PSKY,2026-08-07,filing_likely_overdue,0.0
PSKY,2026-08-07,days_past_expected_filing,-95.0
PSX,2026-08-07,filing_likely_overdue,0.0
PSX,2026-08-07,days_past_expected_filing,-89.0
PTC,2026-08-07,filing_likely_overdue,0.0
PTC,2026-08-07,days_past_expected_filing,-110.0
PWR,2026-08-07,filing_likely_overdue,0.0
PWR,2026-08-07,days_past_expected_filing,-97.0
PYPL,2026-08-07,filing_likely_overdue,0.0
PYPL,2026-08-07,days_past_expected_filing,2.0
Q,2026-08-07,filing_likely_overdue,0.0
Q,2026-08-07,days_past_expected_filing,-102.0
QCOM,2026-08-07,filing_likely_overdue,0.0
QCOM,2026-08-07,days_past_expected_filing,-96.0
RCL,2026-08-07,filing_likely_overdue,0.0
RCL,2026-08-07,days_past_expected_filing,2.0
RDDT,2026-08-07,filing_likely_overdue,0.0
RDDT,2026-08-07,days_past_expected_filing,-92.0
REG,2026-08-07,filing_likely_overdue,0.0
REG,2026-08-07,days_past_expected_filing,-5.0
REGN,2026-08-07,filing_likely_overdue,0.0
REGN,2026-08-07,days_past_expected_filing,-94.0
RF,2026-08-07,filing_likely_overdue,0.0
RF,2026-08-07,days_past_expected_filing,-97.0
RJF,2026-08-07,filing_likely_overdue,0.0
RJF,2026-08-07,days_past_expected_filing,-115.0
RL,2026-08-07,filing_likely_overdue,0.0
RL,2026-08-07,days_past_expected_filing,-97.0
RMD,2026-08-07,filing_likely_overdue,0.0
RMD,2026-08-07,days_past_expected_filing,-12.0
ROK,2026-08-07,filing_likely_overdue,0.0
ROK,2026-08-07,days_past_expected_filing,-101.0
ROL,2026-08-07,filing_likely_overdue,0.0
ROL,2026-08-07,days_past_expected_filing,-87.0
ROP,2026-08-07,filing_likely_overdue,0.0
ROP,2026-08-07,days_past_expected_filing,-95.0
ROST,2026-08-07,filing_likely_overdue,0.0
ROST,2026-08-07,days_past_expected_filing,-40.0
RSG,2026-08-07,filing_likely_overdue,0.0
RSG,2026-08-07,days_past_expected_filing,-90.0
RTX,2026-08-07,filing_likely_overdue,0.0
RTX,2026-08-07,days_past_expected_filing,-86.0
RVTY,2026-08-07,filing_likely_overdue,0.0
RVTY,2026-08-07,days_past_expected_filing,-11.0
SATS,2026-08-07,filing_likely_overdue,0.0
SATS,2026-08-07,days_past_expected_filing,-98.0
SBAC,2026-08-07,filing_likely_overdue,0.0
SBAC,2026-08-07,days_past_expected_filing,-97.0
SBUX,2026-08-07,filing_likely_overdue,0.0
SBUX,2026-08-07,days_past_expected_filing,-105.0
SCHW,2026-08-07,filing_likely_overdue,0.0
SCHW,2026-08-07,days_past_expected_filing,-8.0
SHW,2026-08-07,filing_likely_overdue,0.0
SHW,2026-08-07,days_past_expected_filing,-85.0
SJM,2026-08-07,filing_likely_overdue,0.0
SJM,2026-08-07,days_past_expected_filing,-26.0
SLB,2026-08-07,filing_likely_overdue,0.0
SLB,2026-08-07,days_past_expected_filing,6.0
SMCI,2026-08-07,filing_likely_overdue,0.0
SMCI,2026-08-07,days_past_expected_filing,-28.0
SNA,2026-08-07,filing_likely_overdue,0.0
SNA,2026-08-07,days_past_expected_filing,-83.0
SNDK,2026-08-07,filing_likely_overdue,0.0
SNDK,2026-08-07,days_past_expected_filing,-7.0
SNPS,2026-08-07,filing_likely_overdue,0.0
SNPS,2026-08-07,days_past_expected_filing,-21.0
SO,2026-08-07,filing_likely_overdue,0.0
SO,2026-08-07,days_past_expected_filing,1.0
SOFI,2026-08-07,filing_likely_overdue,0.0
SOFI,2026-08-07,days_past_expected_filing,-99.0
SOLV,2026-08-07,filing_likely_overdue,0.0
SOLV,2026-08-07,days_past_expected_filing,-99.0
SPG,2026-08-07,filing_likely_overdue,0.0
SPG,2026-08-07,days_past_expected_filing,-5.0
SPGI,2026-08-07,filing_likely_overdue,0.0
SPGI,2026-08-07,days_past_expected_filing,3.0
SRE,2026-08-07,filing_likely_overdue,0.0
SRE,2026-08-07,days_past_expected_filing,-5.0
STE,2026-08-07,filing_likely_overdue,0.0
STE,2026-08-07,days_past_expected_filing,-8.0
STLD,2026-08-07,filing_likely_overdue,0.0
STLD,2026-08-07,days_past_expected_filing,-99.0
STT,2026-08-07,filing_likely_overdue,0.0
STT,2026-08-07,days_past_expected_filing,-91.0
STX,2026-08-07,filing_likely_overdue,0.0
STX,2026-08-07,days_past_expected_filing,-91.0
STZ,2026-08-07,filing_likely_overdue,0.0
STZ,2026-08-07,days_past_expected_filing,-64.0
SW,2026-08-07,filing_likely_overdue,0.0
SW,2026-08-07,days_past_expected_filing,-99.0
SWK,2026-08-07,filing_likely_overdue,0.0
SWK,2026-08-07,days_past_expected_filing,-95.0
SWKS,2026-08-07,filing_likely_overdue,0.0
SWKS,2026-08-07,days_past_expected_filing,-96.0
SYF,2026-08-07,filing_likely_overdue,0.0
SYF,2026-08-07,days_past_expected_filing,-83.0
SYK,2026-08-07,filing_likely_overdue,0.0
SYK,2026-08-07,days_past_expected_filing,-90.0
SYY,2026-08-07,filing_likely_overdue,0.0
SYY,2026-08-07,days_past_expected_filing,-24.0
T,2026-08-07,filing_likely_overdue,0.0
T,2026-08-07,days_past_expected_filing,-89.0
TAP,2026-08-07,filing_likely_overdue,0.0
TAP,2026-08-07,days_past_expected_filing,-92.0
TDG,2026-08-07,filing_likely_overdue,0.0
TDG,2026-08-07,days_past_expected_filing,-99.0
TDY,2026-08-07,filing_likely_overdue,0.0
TDY,2026-08-07,days_past_expected_filing,-87.0
TECH,2026-08-07,filing_likely_overdue,0.0
TECH,2026-08-07,days_past_expected_filing,-28.0
TEL,2026-08-07,filing_likely_overdue,0.0
TEL,2026-08-07,days_past_expected_filing,-102.0
TER,2026-08-07,filing_likely_overdue,0.0
TER,2026-08-07,days_past_expected_filing,-94.0
TFC,2026-08-07,filing_likely_overdue,0.0
TFC,2026-08-07,days_past_expected_filing,-92.0
TGT,2026-08-07,filing_likely_overdue,0.0
TGT,2026-08-07,days_past_expected_filing,-26.0
TJX,2026-08-07,filing_likely_overdue,0.0
TJX,2026-08-07,days_past_expected_filing,-28.0
TKO,2026-08-07,filing_likely_overdue,0.0
TKO,2026-08-07,days_past_expected_filing,-97.0
TMO,2026-08-07,filing_likely_overdue,0.0
TMO,2026-08-07,days_past_expected_filing,-91.0
TMUS,2026-08-07,filing_likely_overdue,0.0
TMUS,2026-08-07,days_past_expected_filing,-88.0
TPL,2026-08-07,filing_likely_overdue,0.0
TPL,2026-08-07,days_past_expected_filing,-96.0
TPR,2026-08-07,filing_likely_overdue,0.0
TPR,2026-08-07,days_past_expected_filing,-13.0
TRGP,2026-08-07,filing_likely_overdue,0.0
TRGP,2026-08-07,days_past_expected_filing,-96.0
TRMB,2026-08-07,filing_likely_overdue,0.0
TRMB,2026-08-07,days_past_expected_filing,-7.0
TROW,2026-08-07,filing_likely_overdue,0.0
TROW,2026-08-07,days_past_expected_filing,-88.0
TRV,2026-08-07,filing_likely_overdue,0.0
TRV,2026-08-07,days_past_expected_filing,-79.0
TSCO,2026-08-07,filing_likely_overdue,0.0
TSCO,2026-08-07,days_past_expected_filing,-97.0
TSLA,2026-08-07,filing_likely_overdue,0.0
TSLA,2026-08-07,days_past_expected_filing,-85.0
TSN,2026-08-07,filing_likely_overdue,0.0
TSN,2026-08-07,days_past_expected_filing,-102.0
TT,2026-08-07,filing_likely_overdue,0.0
TT,2026-08-07,days_past_expected_filing,-91.0
TTD,2026-08-07,filing_likely_overdue,0.0
TTD,2026-08-07,days_past_expected_filing,-100.0
TTWO,2026-08-07,filing_likely_overdue,0.0
TTWO,2026-08-07,days_past_expected_filing,-7.0
TXN,2026-08-07,filing_likely_overdue,0.0
TXN,2026-08-07,days_past_expected_filing,-86.0
TXT,2026-08-07,filing_likely_overdue,0.0
TXT,2026-08-07,days_past_expected_filing,-90.0
TYL,2026-08-07,filing_likely_overdue,0.0
TYL,2026-08-07,days_past_expected_filing,-89.0
UAL,2026-08-07,filing_likely_overdue,0.0
UAL,2026-08-07,days_past_expected_filing,-78.0
UBER,2026-08-07,filing_likely_overdue,0.0
UBER,2026-08-07,days_past_expected_filing,-96.0
UDR,2026-08-07,filing_likely_overdue,0.0
UDR,2026-08-07,days_past_expected_filing,2.0
UHS,2026-08-07,filing_likely_overdue,0.0
UHS,2026-08-07,days_past_expected_filing,-7.0
ULTA,2026-08-07,filing_likely_overdue,0.0
ULTA,2026-08-07,days_past_expected_filing,-34.0
UNH,2026-08-07,filing_likely_overdue,0.0
UNH,2026-08-07,days_past_expected_filing,-4.0
UNP,2026-08-07,filing_likely_overdue,0.0
UNP,2026-08-07,days_past_expected_filing,-83.0
UPS,2026-08-07,filing_likely_overdue,0.0
UPS,2026-08-07,days_past_expected_filing,-94.0
URI,2026-08-07,filing_likely_overdue,0.0
URI,2026-08-07,days_past_expected_filing,8.0
USB,2026-08-07,filing_likely_overdue,0.0
USB,2026-08-07,days_past_expected_filing,-96.0
V,2026-08-07,filing_likely_overdue,0.0
V,2026-08-07,days_past_expected_filing,3.0
VEEV,2026-08-07,filing_likely_overdue,0.0
VEEV,2026-08-07,days_past_expected_filing,-34.0
VICI,2026-08-07,filing_likely_overdue,0.0
VICI,2026-08-07,days_past_expected_filing,-90.0
VLO,2026-08-07,filing_likely_overdue,0.0
VLO,2026-08-07,days_past_expected_filing,-95.0
VLTO,2026-08-07,filing_likely_overdue,0.0
VLTO,2026-08-07,days_past_expected_filing,2.0
VMC,2026-08-07,filing_likely_overdue,0.0
VMC,2026-08-07,days_past_expected_filing,-3.0
VRSK,2026-08-07,filing_likely_overdue,0.0
VRSK,2026-08-07,days_past_expected_filing,-1.0
VRSN,2026-08-07,filing_likely_overdue,0.0
VRSN,2026-08-07,days_past_expected_filing,-85.0
VRT,2026-08-07,filing_likely_overdue,0.0
VRT,2026-08-07,days_past_expected_filing,-92.0
VRTX,2026-08-07,filing_likely_overdue,0.0
VRTX,2026-08-07,days_past_expected_filing,-95.0
VST,2026-08-07,filing_likely_overdue,0.0
VST,2026-08-07,days_past_expected_filing,-5.0
VTR,2026-08-07,filing_likely_overdue,0.0
VTR,2026-08-07,days_past_expected_filing,-95.0
VTRS,2026-08-07,filing_likely_overdue,0.0
VTRS,2026-08-07,days_past_expected_filing,-99.0
VZ,2026-08-07,filing_likely_overdue,0.0
VZ,2026-08-07,days_past_expected_filing,-85.0
WAB,2026-08-07,filing_likely_overdue,0.0
WAB,2026-08-07,days_past_expected_filing,-87.0
WAT,2026-08-07,filing_likely_overdue,0.0
WAT,2026-08-07,days_past_expected_filing,-7.0
WBD,2026-08-07,filing_likely_overdue,0.0
WBD,2026-08-07,days_past_expected_filing,-96.0
WDAY,2026-08-07,filing_likely_overdue,0.0
WDAY,2026-08-07,days_past_expected_filing,-25.0
WDC,2026-08-07,filing_likely_overdue,0.0
WDC,2026-08-07,days_past_expected_filing,-7.0
WEC,2026-08-07,filing_likely_overdue,0.0
WEC,2026-08-07,days_past_expected_filing,-95.0
WELL,2026-08-07,filing_likely_overdue,0.0
WELL,2026-08-07,days_past_expected_filing,-1.0
WFC,2026-08-07,filing_likely_overdue,0.0
WFC,2026-08-07,days_past_expected_filing,-89.0
WM,2026-08-07,filing_likely_overdue,0.0
WM,2026-08-07,days_past_expected_filing,-86.0
WMB,2026-08-07,filing_likely_overdue,0.0
WMB,2026-08-07,days_past_expected_filing,-93.0
WMT,2026-08-07,filing_likely_overdue,0.0
WMT,2026-08-07,days_past_expected_filing,-32.0
WRB,2026-08-07,filing_likely_overdue,0.0
WRB,2026-08-07,days_past_expected_filing,-95.0
WSM,2026-08-07,filing_likely_overdue,0.0
WSM,2026-08-07,days_past_expected_filing,-39.0
WST,2026-08-07,filing_likely_overdue,0.0
WST,2026-08-07,days_past_expected_filing,-89.0
WTW,2026-08-07,filing_likely_overdue,0.0
WTW,2026-08-07,days_past_expected_filing,-88.0
WY,2026-08-07,filing_likely_overdue,0.0
WY,2026-08-07,days_past_expected_filing,-88.0
WYNN,2026-08-07,filing_likely_overdue,0.0
WYNN,2026-08-07,days_past_expected_filing,-99.0
XEL,2026-08-07,filing_likely_overdue,0.0
XEL,2026-08-07,days_past_expected_filing,-88.0
XOM,2026-08-07,filing_likely_overdue,0.0
XOM,2026-08-07,days_past_expected_filing,-3.0
XYL,2026-08-07,filing_likely_overdue,0.0
XYL,2026-08-07,days_past_expected_filing,-91.0
XYZ,2026-08-07,filing_likely_overdue,0.0
XYZ,2026-08-07,days_past_expected_filing,-95.0
YUM,2026-08-07,filing_likely_overdue,0.0
YUM,2026-08-07,days_past_expected_filing,-98.0
ZBH,2026-08-07,filing_likely_overdue,0.0
ZBH,2026-08-07,days_past_expected_filing,-96.0
ZBRA,2026-08-07,filing_likely_overdue,0.0
ZBRA,2026-08-07,days_past_expected_filing,-95.0
ZTS,2026-08-07,filing_likely_overdue,0.0
ZTS,2026-08-07,days_past_expected_filing,-96.0
