ticker,end,concept,value
AAPL,2006-09-30,pe_ratio,
JPM,2006-12-31,pe_ratio,
BAC,2006-12-31,pe_ratio,
AFL,2006-12-31,pe_ratio,
MSFT,2007-06-30,pe_ratio,
AZO,2007-08-25,pe_ratio,
AAPL,2007-09-29,pe_ratio,
JPM,2007-12-31,pe_ratio,
BAC,2007-12-31,pe_ratio,
AFL,2007-12-31,pe_ratio,
AAPL,2008-06-28,pe_ratio,
JPM,2008-06-30,pe_ratio,
BAC,2008-06-30,pe_ratio,
AFL,2008-06-30,pe_ratio,
MSFT,2008-06-30,pe_ratio,10.597209374860538
AZO,2008-08-30,pe_ratio,
AAPL,2008-09-27,pe_ratio,
JPM,2008-09-30,pe_ratio,
MSFT,2008-09-30,pe_ratio,9.962183257837616
AFL,2008-09-30,pe_ratio,
BAC,2008-09-30,pe_ratio,
AZO,2008-11-22,pe_ratio,
AAPL,2008-12-27,pe_ratio,
AFL,2008-12-31,pe_ratio,
BAC,2008-12-31,pe_ratio,
MSFT,2008-12-31,pe_ratio,7.310580845773496
JPM,2008-12-31,pe_ratio,
AZO,2009-02-14,pe_ratio,
AAPL,2009-03-28,pe_ratio,
AFL,2009-03-31,pe_ratio,
BAC,2009-03-31,pe_ratio,
MSFT,2009-03-31,pe_ratio,7.56739967374643
JPM,2009-03-31,pe_ratio,
AZO,2009-05-09,pe_ratio,
AAPL,2009-06-27,pe_ratio,
MSFT,2009-06-30,pe_ratio,10.811463134962526
BAC,2009-06-30,pe_ratio,
AFL,2009-06-30,pe_ratio,
JPM,2009-06-30,pe_ratio,
AZO,2009-08-29,pe_ratio,12.650501832624574
AAPL,2009-09-26,pe_ratio,16.836155619869686
MSFT,2009-09-30,pe_ratio,12.42880146370128
BAC,2009-09-30,pe_ratio,
JPM,2009-09-30,pe_ratio,
AFL,2009-09-30,pe_ratio,
AZO,2009-11-21,pe_ratio,11.199864251252247
AAPL,2009-12-26,pe_ratio,17.221667684499003
AFL,2009-12-31,pe_ratio,9.730115624232218
BAC,2009-12-31,pe_ratio,14.229217232472584
JPM,2009-12-31,pe_ratio,9.045667569796677
MSFT,2009-12-31,pe_ratio,12.48549234320103
AZO,2010-02-13,pe_ratio,11.933538729231271
AAPL,2010-03-27,pe_ratio,16.51983558764336
BAC,2010-03-31,pe_ratio,26.31170554112171
JPM,2010-03-31,pe_ratio,9.095239679975679
AFL,2010-03-31,pe_ratio,11.07705815710375
MSFT,2010-03-31,pe_ratio,11.24163236500536
AZO,2010-05-08,pe_ratio,12.282352828771861
AAPL,2010-06-26,pe_ratio,16.941048022230845
BAC,2010-06-30,pe_ratio,21.667664038286002
AFL,2010-06-30,pe_ratio,7.483677955989952
JPM,2010-06-30,pe_ratio,6.435797984860805
MSFT,2010-06-30,pe_ratio,8.221610805881557
AZO,2010-08-28,pe_ratio,14.334207805480705
AAPL,2010-09-25,pe_ratio,16.168784813247928
MSFT,2010-09-30,pe_ratio,7.804655095724764
BAC,2010-09-30,pe_ratio,
AFL,2010-09-30,pe_ratio,7.7571668719909495
JPM,2010-09-30,pe_ratio,6.29486215884099
AZO,2010-11-20,pe_ratio,14.943885974780022
AAPL,2010-12-25,pe_ratio,15.21171383432686
BAC,2010-12-31,pe_ratio,
JPM,2010-12-31,pe_ratio,6.404993366105295
MSFT,2010-12-31,pe_ratio,8.83256991704305
AFL,2010-12-31,pe_ratio,7.882310276424762
AZO,2011-02-12,pe_ratio,14.621352163637049
AAPL,2011-03-26,pe_ratio,14.105122174901384
BAC,2011-03-31,pe_ratio,
JPM,2011-03-31,pe_ratio,6.233859268520138
MSFT,2011-03-31,pe_ratio,7.574486076541917
AFL,2011-03-31,pe_ratio,8.274217867395272
AZO,2011-05-07,pe_ratio,14.813629075483252
AAPL,2011-06-25,pe_ratio,10.866786978379004
MSFT,2011-06-30,pe_ratio,7.421685828009125
AFL,2011-06-30,pe_ratio,8.589276333917491
BAC,2011-06-30,pe_ratio,
JPM,2011-06-30,pe_ratio,5.3496724123114685
AZO,2011-08-27,pe_ratio,15.474659256628373
AAPL,2011-09-24,pe_ratio,12.24485744660637
MSFT,2011-09-30,pe_ratio,6.965288907525608
AFL,2011-09-30,pe_ratio,6.292779203271341
BAC,2011-09-30,pe_ratio,
JPM,2011-09-30,pe_ratio,3.8795504150284232
AZO,2011-11-19,pe_ratio,15.50719433769144
JPM,2011-12-31,pe_ratio,4.628319791346336
MSFT,2011-12-31,pe_ratio,7.30098747406539
AAPL,2011-12-31,pe_ratio,9.691145834757338
BAC,2011-12-31,pe_ratio,30.488615151989674
AFL,2011-12-31,pe_ratio,7.397603191805058
AZO,2012-02-11,pe_ratio,16.064911647674034
MSFT,2012-03-31,pe_ratio,9.216826162083334
AAPL,2012-03-31,pe_ratio,12.296260849310386
AFL,2012-03-31,pe_ratio,6.56271154538092
JPM,2012-03-31,pe_ratio,6.520296632294174
BAC,2012-03-31,pe_ratio,
AZO,2012-05-05,pe_ratio,16.977605587466474
BAC,2012-06-30,pe_ratio,6.462625309277909
AAPL,2012-06-30,pe_ratio,11.55131652300827
AFL,2012-06-30,pe_ratio,5.621310700709945
JPM,2012-06-30,pe_ratio,5.2167148229938975
MSFT,2012-06-30,pe_ratio,12.106934712005877
AZO,2012-08-25,pe_ratio,15.548902342419312
AAPL,2012-09-29,pe_ratio,12.72067942483424
MSFT,2012-09-30,pe_ratio,12.798616469050613
AFL,2012-09-30,pe_ratio,5.745554476832228
JPM,2012-09-30,pe_ratio,5.503948565269849
BAC,2012-09-30,pe_ratio,13.55918007840641
AZO,2012-11-17,pe_ratio,15.170741306098117
AAPL,2012-12-29,pe_ratio,9.777510712872711
BAC,2012-12-31,pe_ratio,23.350333606789654
AFL,2012-12-31,pe_ratio,6.3173817355681035
MSFT,2012-12-31,pe_ratio,11.697101853845252
JPM,2012-12-31,pe_ratio,5.478783645228411
AZO,2013-02-09,pe_ratio,14.958630089542359
AAPL,2013-03-30,pe_ratio,8.978428728134793
AFL,2013-03-31,pe_ratio,6.004290218549587
BAC,2013-03-31,pe_ratio,21.055819276558065
MSFT,2013-03-31,pe_ratio,11.882549697330022
JPM,2013-03-31,pe_ratio,5.572676348183111
AZO,2013-05-04,pe_ratio,15.497630743494401
AAPL,2013-06-29,pe_ratio,8.312863349870693
JPM,2013-06-30,pe_ratio,5.795349469937468
MSFT,2013-06-30,pe_ratio,10.893040711001976
BAC,2013-06-30,pe_ratio,17.563708290363238
AFL,2013-06-30,pe_ratio,5.925418458319373
AZO,2013-08-31,pe_ratio,15.11275196418731
AAPL,2013-09-28,pe_ratio,10.46586581235607
JPM,2013-09-30,pe_ratio,7.519291450603256
AFL,2013-09-30,pe_ratio,7.001483979047123
MSFT,2013-09-30,pe_ratio,10.163051315596741
BAC,2013-09-30,pe_ratio,14.14536275481828
AZO,2013-11-23,pe_ratio,15.728219254340155
AAPL,2013-12-28,pe_ratio,11.819344836473292
AFL,2013-12-31,pe_ratio,7.360804621517092
MSFT,2013-12-31,pe_ratio,11.366815128247856
BAC,2013-12-31,pe_ratio,13.230216102321208
JPM,2013-12-31,pe_ratio,8.89750534739255
AZO,2014-02-15,pe_ratio,17.628555974106245
AAPL,2014-03-29,pe_ratio,10.920414686796194
AFL,2014-03-31,pe_ratio,7.207950050301835
MSFT,2014-03-31,pe_ratio,12.726381473929925
BAC,2014-03-31,pe_ratio,16.13180424594249
JPM,2014-03-31,pe_ratio,10.024603740738485
AZO,2014-05-10,pe_ratio,16.930137035040545
AAPL,2014-06-28,pe_ratio,12.660771989343164
AFL,2014-06-30,pe_ratio,7.317265518570077
MSFT,2014-06-30,pe_ratio,13.297323899175353
BAC,2014-06-30,pe_ratio,19.138584585088495
JPM,2014-06-30,pe_ratio,9.852318494383553
AZO,2014-08-30,pe_ratio,17.066663354273206
AAPL,2014-09-27,pe_ratio,13.75949395687786
MSFT,2014-09-30,pe_ratio,15.277877803154508
BAC,2014-09-30,pe_ratio,32.40844968288104
AFL,2014-09-30,pe_ratio,6.858930186919957
JPM,2014-09-30,pe_ratio,7.529123813038481
AZO,2014-11-22,pe_ratio,17.10865780449168
AAPL,2014-12-27,pe_ratio,13.347241069572346
BAC,2014-12-31,pe_ratio,26.927177843279594
JPM,2014-12-31,pe_ratio,8.005095186055899
MSFT,2014-12-31,pe_ratio,15.818944559523963
AFL,2014-12-31,pe_ratio,7.17254873422476
AZO,2015-02-14,pe_ratio,18.150146862411066
AAPL,2015-03-28,pe_ratio,13.366893533847099
JPM,2015-03-31,pe_ratio,7.494654740218127
BAC,2015-03-31,pe_ratio,15.352658362918907
MSFT,2015-03-31,pe_ratio,14.312073437118531
AFL,2015-03-31,pe_ratio,7.504111094037333
AZO,2015-05-09,pe_ratio,19.564949162649008
AAPL,2015-06-27,pe_ratio,12.86934195551925
JPM,2015-06-30,pe_ratio,8.29261541344731
MSFT,2015-06-30,pe_ratio,25.70952274319694
AFL,2015-06-30,pe_ratio,7.891230126818997
BAC,2015-06-30,pe_ratio,12.87168204498681
AZO,2015-08-29,pe_ratio,20.16315301025182
AAPL,2015-09-26,pe_ratio,11.155860084059158
AFL,2015-09-30,pe_ratio,7.774201266880142
MSFT,2015-09-30,pe_ratio,24.676570390088298
BAC,2015-09-30,pe_ratio,8.333158851533325
JPM,2015-09-30,pe_ratio,7.087452002411035
AZO,2015-11-21,pe_ratio,20.682794938880637
AAPL,2015-12-26,pe_ratio,10.124939637388842
MSFT,2015-12-31,pe_ratio,33.251456758937294
AFL,2015-12-31,pe_ratio,8.015567368866943
JPM,2015-12-31,pe_ratio,7.669491388863896
BAC,2015-12-31,pe_ratio,9.270363889752582
AZO,2016-02-13,pe_ratio,18.761488078043463
AAPL,2016-03-26,pe_ratio,10.456881533749463
BAC,2016-03-31,pe_ratio,7.2178872479566625
MSFT,2016-03-31,pe_ratio,36.94329595078995
AFL,2016-03-31,pe_ratio,8.052937876383464
JPM,2016-03-31,pe_ratio,6.970949750888847
AZO,2016-05-07,pe_ratio,19.418390933906608
AAPL,2016-06-25,pe_ratio,9.738254094054225
MSFT,2016-06-30,pe_ratio,21.580839976680775
AFL,2016-06-30,pe_ratio,9.201880315327497
BAC,2016-06-30,pe_ratio,7.235405609079098
JPM,2016-06-30,pe_ratio,7.334370022264304
AZO,2016-08-27,pe_ratio,18.510591766368048
AAPL,2016-09-24,pe_ratio,12.423043227115397
MSFT,2016-09-30,pe_ratio,22.979637332354365
BAC,2016-09-30,pe_ratio,8.354368485065315
JPM,2016-09-30,pe_ratio,8.016314602842103
AFL,2016-09-30,pe_ratio,8.930923263688626
AZO,2016-11-19,pe_ratio,17.789468557566956
MSFT,2016-12-31,pe_ratio,23.165189186208128
AAPL,2016-12-31,pe_ratio,12.558648826832306
JPM,2016-12-31,pe_ratio,9.970955043393719
AFL,2016-12-31,pe_ratio,8.6900289425077
BAC,2016-12-31,pe_ratio,11.054488498232686
AZO,2017-02-11,pe_ratio,17.1167897018152
MSFT,2017-03-31,pe_ratio,22.571459049584742
JPM,2017-03-31,pe_ratio,9.678240247295111
BAC,2017-03-31,pe_ratio,10.59125088295312
AFL,2017-03-31,pe_ratio,9.371382947432807
AAPL,2017-04-01,pe_ratio,15.27692296969816
AZO,2017-05-06,pe_ratio,16.0610082129818
MSFT,2017-06-30,pe_ratio,19.19433734191442
JPM,2017-06-30,pe_ratio,9.726516316386158
AFL,2017-06-30,pe_ratio,9.37867422736113
BAC,2017-06-30,pe_ratio,10.667851713486519
AAPL,2017-07-01,pe_ratio,14.99405403371301
AZO,2017-08-26,pe_ratio,12.00273572457243
AAPL,2017-09-30,pe_ratio,15.596235037366075
JPM,2017-09-30,pe_ratio,9.940551071121673
MSFT,2017-09-30,pe_ratio,20.05019579151199
AFL,2017-09-30,pe_ratio,9.522608517590367
BAC,2017-09-30,pe_ratio,10.854279210869121
AZO,2017-11-18,pe_ratio,13.775662240471643
AAPL,2017-12-30,pe_ratio,16.153256700850783
BAC,2017-12-31,pe_ratio,14.305768657180497
MSFT,2017-12-31,pe_ratio,43.66780104455431
JPM,2017-12-31,pe_ratio,12.397690578373446
AFL,2017-12-31,pe_ratio,6.240942350091777
AZO,2018-02-10,pe_ratio,15.097780009759516
JPM,2018-03-31,pe_ratio,11.409849328214456
MSFT,2018-03-31,pe_ratio,41.50525214158415
AAPL,2018-03-31,pe_ratio,14.974003800529127
AFL,2018-03-31,pe_ratio,5.986335681020697
BAC,2018-03-31,pe_ratio,13.043260950650607
AZO,2018-05-05,pe_ratio,12.954214684080618
BAC,2018-06-30,pe_ratio,11.172338015639006
AAPL,2018-06-30,pe_ratio,15.315262930974873
AFL,2018-06-30,pe_ratio,5.7289348439674574
JPM,2018-06-30,pe_ratio,10.23294774445509
MSFT,2018-06-30,pe_ratio,42.85234991005353
AZO,2018-08-25,pe_ratio,15.798259647310429
AAPL,2018-09-29,pe_ratio,17.932031610157633
MSFT,2018-09-30,pe_ratio,43.774690738829804
BAC,2018-09-30,pe_ratio,10.706074508820672
AFL,2018-09-30,pe_ratio,6.094638744213984
JPM,2018-09-30,pe_ratio,10.398409135718094
AZO,2018-11-17,pe_ratio,15.347294715997272
AAPL,2018-12-29,pe_ratio,11.908663613839071
AFL,2018-12-31,pe_ratio,10.149997203796847
BAC,2018-12-31,pe_ratio,7.481073263389719
MSFT,2018-12-31,pe_ratio,21.91194363145921
JPM,2018-12-31,pe_ratio,8.316279687192512
AZO,2019-02-09,pe_ratio,15.86219982649895
AAPL,2019-03-30,pe_ratio,14.886225595422665
BAC,2019-03-31,pe_ratio,7.938878086019247
JPM,2019-03-31,pe_ratio,8.304996179035426
MSFT,2019-03-31,pe_ratio,24.463053245612155
AFL,2019-03-31,pe_ratio,10.191155676832594
AZO,2019-05-04,pe_ratio,18.069340754329684
AAPL,2019-06-29,pe_ratio,15.64540732892337
BAC,2019-06-30,pe_ratio,8.03570465412423
JPM,2019-06-30,pe_ratio,8.751901236236222
MSFT,2019-06-30,pe_ratio,24.851549818173098
AFL,2019-06-30,pe_ratio,11.18012399608067
AZO,2019-08-31,pe_ratio,17.36985243573795
AAPL,2019-09-28,pe_ratio,17.681987104032256
JPM,2019-09-30,pe_ratio,8.946076088770722
AFL,2019-09-30,pe_ratio,10.893268752253013
MSFT,2019-09-30,pe_ratio,24.573442879898355
BAC,2019-09-30,pe_ratio,8.359493740470223
AZO,2019-11-23,pe_ratio,17.63859473107142
AAPL,2019-12-28,pe_ratio,21.61771919097004
BAC,2019-12-31,pe_ratio,10.352028474157585
JPM,2019-12-31,pe_ratio,10.329103069656723
MSFT,2019-12-31,pe_ratio,25.866764766855866
AFL,2019-12-31,pe_ratio,10.24659665844854
AZO,2020-02-15,pe_ratio,15.699407548415994
AAPL,2020-03-28,pe_ratio,18.416425018661247
BAC,2020-03-31,pe_ratio,6.700318102093755
JPM,2020-03-31,pe_ratio,7.795234031561984
AFL,2020-03-31,pe_ratio,7.298459421618946
MSFT,2020-03-31,pe_ratio,24.798018178015127
AZO,2020-05-09,pe_ratio,16.18214660543599
AAPL,2020-06-27,pe_ratio,25.521274985704522
BAC,2020-06-30,pe_ratio,8.869736759632348
AFL,2020-06-30,pe_ratio,7.6913178367862205
JPM,2020-06-30,pe_ratio,9.790561456716699
MSFT,2020-06-30,pe_ratio,33.562038285259376
AZO,2020-08-29,pe_ratio,16.531975998678803
AAPL,2020-09-26,pe_ratio,33.25101543346659
AFL,2020-09-30,pe_ratio,4.928200748456021
BAC,2020-09-30,pe_ratio,9.487570525075174
MSFT,2020-09-30,pe_ratio,32.22290925785249
JPM,2020-09-30,pe_ratio,9.980118860315395
AZO,2020-11-21,pe_ratio,14.516416067217683
AAPL,2020-12-26,pe_ratio,34.325951958307215
BAC,2020-12-31,pe_ratio,13.063465826133251
JPM,2020-12-31,pe_ratio,11.662370310559428
MSFT,2020-12-31,pe_ratio,31.537843328998974
AFL,2020-12-31,pe_ratio,5.870916074374052
AZO,2021-02-13,pe_ratio,14.193051016718739
AAPL,2021-03-27,pe_ratio,26.16638372965338
JPM,2021-03-31,pe_ratio,10.077587437442801
AFL,2021-03-31,pe_ratio,5.706162141702238
BAC,2021-03-31,pe_ratio,13.60720355410492
MSFT,2021-03-31,pe_ratio,30.61672095833618
AZO,2021-05-08,pe_ratio,15.9692267767693
AAPL,2021-06-26,pe_ratio,25.08486901988857
AFL,2021-06-30,pe_ratio,5.616023477126597
BAC,2021-06-30,pe_ratio,11.535202630573808
JPM,2021-06-30,pe_ratio,8.679344804832269
MSFT,2021-06-30,pe_ratio,32.28185637692077
AZO,2021-08-28,pe_ratio,16.266781344705656
AAPL,2021-09-25,pe_ratio,25.547667065363125
JPM,2021-09-30,pe_ratio,8.668887402483687
MSFT,2021-09-30,pe_ratio,30.217127055387635
BAC,2021-09-30,pe_ratio,10.53420021665024
AFL,2021-09-30,pe_ratio,7.41832014741398
AZO,2021-11-20,pe_ratio,17.601307283834746
AAPL,2021-12-25,pe_ratio,28.3118642881624
AFL,2021-12-31,pe_ratio,8.430722654680304
BAC,2021-12-31,pe_ratio,10.639841959294403
JPM,2021-12-31,pe_ratio,8.808538652692523
MSFT,2021-12-31,pe_ratio,34.38405374038117
AZO,2022-02-12,pe_ratio,17.119366136375504
AAPL,2022-03-26,pe_ratio,27.522105983365552
MSFT,2022-03-31,pe_ratio,30.945278479824715
BAC,2022-03-31,pe_ratio,9.79470146185353
AFL,2022-03-31,pe_ratio,9.582001426123377
JPM,2022-03-31,pe_ratio,8.58300441047066
AZO,2022-05-07,pe_ratio,16.97395619398902
AAPL,2022-06-25,pe_ratio,22.66687519346453
MSFT,2022-06-30,pe_ratio,25.7585569639373
AFL,2022-06-30,pe_ratio,7.618543950795346
JPM,2022-06-30,pe_ratio,7.708986518933647
BAC,2022-06-30,pe_ratio,8.191079331274862
AZO,2022-08-27,pe_ratio,18.458108426287332
AAPL,2022-09-24,pe_ratio,24.156665111954204
JPM,2022-09-30,pe_ratio,7.59479395626102
BAC,2022-09-30,pe_ratio,8.17415081028206
AFL,2022-09-30,pe_ratio,6.329217745517194
MSFT,2022-09-30,pe_ratio,24.219265406382736
AZO,2022-11-19,pe_ratio,20.02877901178211
MSFT,2022-12-31,pe_ratio,25.835318542760085
BAC,2022-12-31,pe_ratio,8.985300282342806
AAPL,2022-12-31,pe_ratio,21.419632935645968
AFL,2022-12-31,pe_ratio,9.616973215287063
JPM,2022-12-31,pe_ratio,9.674253049895997
AZO,2023-02-11,pe_ratio,20.09828602680889
AFL,2023-03-31,pe_ratio,8.095467773909421
BAC,2023-03-31,pe_ratio,7.524487804235315
JPM,2023-03-31,pe_ratio,8.500332531243933
MSFT,2023-03-31,pe_ratio,30.390414509183255
AAPL,2023-04-01,pe_ratio,27.284384787061818
AZO,2023-05-06,pe_ratio,20.65559761736481
MSFT,2023-06-30,pe_ratio,34.351375064941315
JPM,2023-06-30,pe_ratio,8.32952787402759
AFL,2023-06-30,pe_ratio,8.222876893191566
BAC,2023-06-30,pe_ratio,7.221016301373248
AAPL,2023-07-01,pe_ratio,31.844414330035878
AZO,2023-08-26,pe_ratio,18.536155827567292
JPM,2023-09-30,pe_ratio,7.762850902602083
AAPL,2023-09-30,pe_ratio,27.562687551368448
AFL,2023-09-30,pe_ratio,9.365919832085327
BAC,2023-09-30,pe_ratio,6.7806782348388195
MSFT,2023-09-30,pe_ratio,29.917750068926598
AZO,2023-11-18,pe_ratio,18.548040146943503
AAPL,2023-12-30,pe_ratio,29.38574793235477
BAC,2023-12-31,pe_ratio,9.751846506604222
JPM,2023-12-31,pe_ratio,9.518261702414481
MSFT,2023-12-31,pe_ratio,33.37424657027692
AFL,2023-12-31,pe_ratio,10.049833090586272
AZO,2024-02-10,pe_ratio,18.22892062248169
AAPL,2024-03-30,pe_ratio,26.153789084509263
JPM,2024-03-31,pe_ratio,10.984663647349032
MSFT,2024-03-31,pe_ratio,35.847892925980275
BAC,2024-03-31,pe_ratio,11.651589824317762
AFL,2024-03-31,pe_ratio,8.840472088528927
AZO,2024-05-04,pe_ratio,19.974409473598193
AAPL,2024-06-29,pe_ratio,31.43386020886388
JPM,2024-06-30,pe_ratio,10.334294384499469
BAC,2024-06-30,pe_ratio,12.442634118594464
MSFT,2024-06-30,pe_ratio,37.290301616994526
AFL,2024-06-30,pe_ratio,8.877192675072278
AZO,2024-08-31,pe_ratio,21.27378068667616
AAPL,2024-09-28,pe_ratio,37.16496227272136
JPM,2024-09-30,pe_ratio,10.775291544651166
MSFT,2024-09-30,pe_ratio,35.02641179187782
AFL,2024-09-30,pe_ratio,15.856235405250683
BAC,2024-09-30,pe_ratio,12.883321680561519
AZO,2024-11-23,pe_ratio,20.439762285485397
AAPL,2024-12-28,pe_ratio,40.018985324201424
AFL,2024-12-31,pe_ratio,10.397497949686073
JPM,2024-12-31,pe_ratio,11.390709233993139
MSFT,2024-12-31,pe_ratio,33.54024779286346
BAC,2024-12-31,pe_ratio,12.501944561002517
AZO,2025-02-15,pe_ratio,22.879746965440646
AAPL,2025-03-29,pe_ratio,33.54253928199561
JPM,2025-03-31,pe_ratio,11.25836965236315
BAC,2025-03-31,pe_ratio,11.40688188698292
MSFT,2025-03-31,pe_ratio,28.700773453466976
AFL,2025-03-31,pe_ratio,16.4793614553382
AZO,2025-05-10,pe_ratio,24.592043458455997
AAPL,2025-06-28,pe_ratio,30.156148995849648
AFL,2025-06-30,pe_ratio,22.81341819669264
MSFT,2025-06-30,pe_ratio,36.174696684726534
BAC,2025-06-30,pe_ratio,12.6863330572293
JPM,2025-06-30,pe_ratio,13.983021387378285
AZO,2025-08-30,pe_ratio,28.98179208333348
AAPL,2025-09-27,pe_ratio,34.124509358945375
MSFT,2025-09-30,pe_ratio,36.62763356297086
JPM,2025-09-30,pe_ratio,14.754408487008861
BAC,2025-09-30,pe_ratio,13.124398475560348
AFL,2025-09-30,pe_ratio,14.032691978011723
AZO,2025-11-22,pe_ratio,27.052703972450942
AAPL,2025-12-27,pe_ratio,34.316055829912585
AFL,2025-12-31,pe_ratio,16.008513333339973
MSFT,2025-12-31,pe_ratio,30.116968691150117
JPM,2025-12-31,pe_ratio,15.503620204457064
BAC,2025-12-31,pe_ratio,13.68963247868956
AZO,2026-02-14,pe_ratio,26.775934930606976
AAPL,2026-03-28,pe_ratio,29.862734980223262
MSFT,2026-03-31,pe_ratio,21.961727044846196
JPM,2026-03-31,pe_ratio,13.46671321604627
BAC,2026-03-31,pe_ratio,11.329849023059959
AFL,2026-03-31,pe_ratio,12.119524755058256
AZO,2026-05-09,pe_ratio,23.775159311066812
AAPL,2026-06-27,pe_ratio,32.38758037165709
JPM,2026-06-30,pe_ratio,13.502782249565092
BAC,2026-06-30,pe_ratio,12.34953239224425
AFL,2026-06-30,pe_ratio,12.192311908679555
MSFT,2026-06-30,pe_ratio,20.786084218341045
AAPL,2006-09-30,pb_ratio,
AMT,2006-12-31,pb_ratio,
MSFT,2007-06-30,pb_ratio,
AZO,2007-08-25,pb_ratio,
AAPL,2007-09-29,pb_ratio,7.872557340134052
O,2007-12-31,pb_ratio,
AMT,2007-12-31,pb_ratio,4.302207853043188
AAPL,2008-06-28,pb_ratio,
AMT,2008-06-30,pb_ratio,
MSFT,2008-06-30,pb_ratio,5.163679076142567
AZO,2008-08-30,pb_ratio,38.16309141177584
AAPL,2008-09-27,pb_ratio,4.349045404337755
AMT,2008-09-30,pb_ratio,3.7789035672757683
MSFT,2008-09-30,pb_ratio,5.268148644861738
AZO,2008-11-22,pb_ratio,
AAPL,2008-12-27,pb_ratio,
AMT,2008-12-31,pb_ratio,2.94054126587109
O,2008-12-31,pb_ratio,0.6114998786477774
MSFT,2008-12-31,pb_ratio,3.6538061701481785
AZO,2009-02-14,pb_ratio,
AAPL,2009-03-28,pb_ratio,
MSFT,2009-03-31,pb_ratio,3.2407717358726225
AMT,2009-03-31,pb_ratio,2.890447745830811
AZO,2009-05-09,pb_ratio,
AAPL,2009-06-27,pb_ratio,4.192926833252383
MSFT,2009-06-30,pb_ratio,3.981804095587973
AMT,2009-06-30,pb_ratio,2.993655758798501
O,2009-06-30,pb_ratio,
AZO,2009-08-29,pb_ratio,
AAPL,2009-09-26,pb_ratio,4.381976660228408
O,2009-09-30,pb_ratio,
MSFT,2009-09-30,pb_ratio,4.1527855031342
AMT,2009-09-30,pb_ratio,3.2769461627600864
AZO,2009-11-21,pb_ratio,
AAPL,2009-12-26,pb_ratio,4.5057136600184995
O,2009-12-31,pb_ratio,0.789982031930858
AMT,2009-12-31,pb_ratio,3.803717802280105
MSFT,2009-12-31,pb_ratio,4.583906567210043
AZO,2010-02-13,pb_ratio,
AAPL,2010-03-27,pb_ratio,4.539302184954763
O,2010-03-31,pb_ratio,
MSFT,2010-03-31,pb_ratio,4.251456983020075
AMT,2010-03-31,pb_ratio,3.5914165134304556
AZO,2010-05-08,pb_ratio,
AAPL,2010-06-26,pb_ratio,4.808693944655398
O,2010-06-30,pb_ratio,0.97873566540947
AMT,2010-06-30,pb_ratio,3.7714301525232687
MSFT,2010-06-30,pb_ratio,3.3402797773327126
AZO,2010-08-28,pb_ratio,
AAPL,2010-09-25,pb_ratio,4.740917360759206
MSFT,2010-09-30,pb_ratio,3.4243252599281506
O,2010-09-30,pb_ratio,0.9839439572951537
AMT,2010-09-30,pb_ratio,4.297920619581206
AZO,2010-11-20,pb_ratio,
AAPL,2010-12-25,pb_ratio,4.630075485482102
AMT,2010-12-31,pb_ratio,4.27343698961661
MSFT,2010-12-31,pb_ratio,3.7472060818411634
O,2010-12-31,pb_ratio,0.9069482482043458
AZO,2011-02-12,pb_ratio,
AAPL,2011-03-26,pb_ratio,4.485959769729686
AMT,2011-03-31,pb_ratio,4.2680133310338055
O,2011-03-31,pb_ratio,0.9234460817832981
MSFT,2011-03-31,pb_ratio,3.0883474809577667
AZO,2011-05-07,pb_ratio,
AAPL,2011-06-25,pb_ratio,3.6994684423603412
MSFT,2011-06-30,pb_ratio,3.009863302881966
O,2011-06-30,pb_ratio,0.9580905387182186
AMT,2011-06-30,pb_ratio,4.216812122216012
AZO,2011-08-27,pb_ratio,
AAPL,2011-09-24,pb_ratio,4.142937998184824
MSFT,2011-09-30,pb_ratio,2.7534652215131286
AMT,2011-09-30,pb_ratio,4.672017288095787
O,2011-09-30,pb_ratio,0.8611210864568949
AZO,2011-11-19,pb_ratio,
MSFT,2011-12-31,pb_ratio,2.672128850787832
AAPL,2011-12-31,pb_ratio,3.549352298864754
O,2011-12-31,pb_ratio,0.9514759224792488
AMT,2011-12-31,pb_ratio,5.270074366429457
AZO,2012-02-11,pb_ratio,
MSFT,2012-03-31,pb_ratio,3.1337128406716284
AMT,2012-03-31,pb_ratio,5.206613747425671
AAPL,2012-03-31,pb_ratio,4.632721664986821
O,2012-03-31,pb_ratio,1.027650199073342
AZO,2012-05-05,pb_ratio,
AAPL,2012-06-30,pb_ratio,4.148595797772546
AMT,2012-06-30,pb_ratio,6.0290588822940885
O,2012-06-30,pb_ratio,1.1162538374658537
MSFT,2012-06-30,pb_ratio,3.097381636460615
AZO,2012-08-25,pb_ratio,
AAPL,2012-09-29,pb_ratio,4.490923901840854
MSFT,2012-09-30,pb_ratio,2.920202659406545
O,2012-09-30,pb_ratio,1.119134786727942
AMT,2012-09-30,pb_ratio,5.840718987411878
AZO,2012-11-17,pb_ratio,
AAPL,2012-12-29,pb_ratio,3.2052969055195852
AMT,2012-12-31,pb_ratio,6.3095891226269885
O,2012-12-31,pb_ratio,1.1265687315434587
MSFT,2012-12-31,pb_ratio,2.491532980029125
AZO,2013-02-09,pb_ratio,
AAPL,2013-03-30,pb_ratio,2.628918920234434
MSFT,2013-03-31,pb_ratio,2.542054954287455
O,2013-03-31,pb_ratio,0.7836305220983406
AMT,2013-03-31,pb_ratio,6.118179231870123
AZO,2013-05-04,pb_ratio,
AAPL,2013-06-29,pb_ratio,2.543849131207086
MSFT,2013-06-30,pb_ratio,3.0167530029468512
AMT,2013-06-30,pb_ratio,6.112895782722792
O,2013-06-30,pb_ratio,0.8450006916335904
AZO,2013-08-31,pb_ratio,
AAPL,2013-09-28,pb_ratio,3.1374132699757324
O,2013-09-30,pb_ratio,0.8236411237361324
MSFT,2013-09-30,pb_ratio,2.818456962021849
AMT,2013-09-30,pb_ratio,6.180108776852553
AZO,2013-11-23,pb_ratio,
AAPL,2013-12-28,pb_ratio,3.3749896566996886
MSFT,2013-12-31,pb_ratio,3.048336719822239
AMT,2013-12-31,pb_ratio,
O,2013-12-31,pb_ratio,0.7117109621546378
AZO,2014-02-15,pb_ratio,
AAPL,2014-03-29,pb_ratio,3.4263563234427323
MSFT,2014-03-31,pb_ratio,3.264716294333666
AMT,2014-03-31,pb_ratio,
O,2014-03-31,pb_ratio,0.8628059142150782
AZO,2014-05-10,pb_ratio,
AAPL,2014-06-28,pb_ratio,4.036183760948616
AMT,2014-06-30,pb_ratio,6.096442375196731
MSFT,2014-06-30,pb_ratio,3.269236475879853
O,2014-06-30,pb_ratio,0.9255079390763509
AZO,2014-08-30,pb_ratio,
AAPL,2014-09-27,pb_ratio,4.873619247817012
MSFT,2014-09-30,pb_ratio,3.6208079034425182
AMT,2014-09-30,pb_ratio,6.70281762545726
O,2014-09-30,pb_ratio,0.9066471544685822
AZO,2014-11-22,pb_ratio,
AAPL,2014-12-27,pb_ratio,4.811924562429665
AMT,2014-12-31,pb_ratio,
MSFT,2014-12-31,pb_ratio,3.559645607463707
O,2014-12-31,pb_ratio,1.046427561905345
AZO,2015-02-14,pb_ratio,
AAPL,2015-03-28,pb_ratio,4.953602515124584
MSFT,2015-03-31,pb_ratio,3.175802919522152
O,2015-03-31,pb_ratio,1.1733704318632463
AMT,2015-03-31,pb_ratio,3.9471094811677667
AZO,2015-05-09,pb_ratio,
AAPL,2015-06-27,pb_ratio,5.195475725846258
MSFT,2015-06-30,pb_ratio,3.914391453964016
AMT,2015-06-30,pb_ratio,4.1387306228882155
O,2015-06-30,pb_ratio,0.9989363402726132
AZO,2015-08-29,pb_ratio,
AAPL,2015-09-26,pb_ratio,4.990624551365713
AMT,2015-09-30,pb_ratio,4.3368829623887555
MSFT,2015-09-30,pb_ratio,4.000443427562252
O,2015-09-30,pb_ratio,1.0829558943881537
AZO,2015-11-21,pb_ratio,
AAPL,2015-12-26,pb_ratio,4.2413335593452715
MSFT,2015-12-31,pb_ratio,5.071301883917111
O,2015-12-31,pb_ratio,1.1009122799619062
AMT,2015-12-31,pb_ratio,4.73265292871809
AZO,2016-02-13,pb_ratio,
AAPL,2016-03-26,pb_ratio,4.062134207956302
MSFT,2016-03-31,pb_ratio,5.176091287600319
AMT,2016-03-31,pb_ratio,4.849515887376286
O,2016-03-31,pb_ratio,1.4406401601795393
AZO,2016-05-07,pb_ratio,
AAPL,2016-06-25,pb_ratio,3.6783282172063587
MSFT,2016-06-30,pb_ratio,4.362919122978502
AMT,2016-06-30,pb_ratio,5.577698027264029
O,2016-06-30,pb_ratio,1.5577150332120273
AZO,2016-08-27,pb_ratio,
AAPL,2016-09-24,pb_ratio,4.425543871041654
AMT,2016-09-30,pb_ratio,5.658504575586161
MSFT,2016-09-30,pb_ratio,4.894270942593432
O,2016-09-30,pb_ratio,1.5550901938717605
AZO,2016-11-19,pb_ratio,
MSFT,2016-12-31,pb_ratio,5.325539099475091
AMT,2016-12-31,pb_ratio,5.253234350732662
AAPL,2016-12-31,pb_ratio,4.2893301911237725
O,2016-12-31,pb_ratio,1.3315153544040625
AZO,2017-02-11,pb_ratio,
MSFT,2017-03-31,pb_ratio,5.55344781828664
O,2017-03-31,pb_ratio,1.38399141476652
AMT,2017-03-31,pb_ratio,5.976249058649989
AAPL,2017-04-01,pb_ratio,5.210346559600072
AZO,2017-05-06,pb_ratio,
O,2017-06-30,pb_ratio,1.3487063975802418
MSFT,2017-06-30,pb_ratio,5.5779145661098
AMT,2017-06-30,pb_ratio,6.951237593757929
AAPL,2017-07-01,pb_ratio,5.2821417007872045
AZO,2017-08-26,pb_ratio,
AAPL,2017-09-30,pb_ratio,5.625590727817012
AMT,2017-09-30,pb_ratio,7.215493131851538
O,2017-09-30,pb_ratio,1.3600700033560706
MSFT,2017-09-30,pb_ratio,5.904102407267767
AZO,2017-11-18,pb_ratio,
AAPL,2017-12-30,pb_ratio,5.821320371832081
AMT,2017-12-31,pb_ratio,7.883919224921284
MSFT,2017-12-31,pb_ratio,7.706508686129934
O,2017-12-31,pb_ratio,1.3580369097985945
AZO,2018-02-10,pb_ratio,
MSFT,2018-03-31,pb_ratio,8.258727527055584
AAPL,2018-03-31,pb_ratio,6.292532469274515
AMT,2018-03-31,pb_ratio,8.039168280058012
O,2018-03-31,pb_ratio,1.3138994353436566
AZO,2018-05-05,pb_ratio,
AAPL,2018-06-30,pb_ratio,7.477164270122487
O,2018-06-30,pb_ratio,1.3497451219299987
AMT,2018-06-30,pb_ratio,9.321663907330263
MSFT,2018-06-30,pb_ratio,8.584664648075353
AZO,2018-08-25,pb_ratio,
AAPL,2018-09-29,pb_ratio,9.963057983744708
O,2018-09-30,pb_ratio,1.4353704374789888
MSFT,2018-09-30,pb_ratio,9.582699233590077
AMT,2018-09-30,pb_ratio,
AZO,2018-11-17,pb_ratio,
AAPL,2018-12-29,pb_ratio,6.003323272436381
O,2018-12-31,pb_ratio,1.5187389061406247
AMT,2018-12-31,pb_ratio,
MSFT,2018-12-31,pb_ratio,7.977471575881094
AZO,2019-02-09,pb_ratio,
AAPL,2019-03-30,pb_ratio,8.039349303705967
AMT,2019-03-31,pb_ratio,
MSFT,2019-03-31,pb_ratio,9.006541972257653
O,2019-03-31,pb_ratio,1.899857356522618
AZO,2019-05-04,pb_ratio,
AAPL,2019-06-29,pb_ratio,9.033869963344813
AMT,2019-06-30,pb_ratio,
O,2019-06-30,pb_ratio,1.6652356010779297
MSFT,2019-06-30,pb_ratio,9.529705998877283
AZO,2019-08-31,pb_ratio,
AAPL,2019-09-28,pb_ratio,10.797408268725205
MSFT,2019-09-30,pb_ratio,9.521134646161576
AMT,2019-09-30,pb_ratio,
O,2019-09-30,pb_ratio,1.8279916689902878
AZO,2019-11-23,pb_ratio,
AAPL,2019-12-28,pb_ratio,13.890189229416999
MSFT,2019-12-31,pb_ratio,10.412342449403342
AMT,2019-12-31,pb_ratio,
O,2019-12-31,pb_ratio,1.6621058406186977
AZO,2020-02-15,pb_ratio,
AAPL,2020-03-28,pb_ratio,13.435712559039889
AMT,2020-03-31,pb_ratio,
O,2020-03-31,pb_ratio,1.14075455043244
MSFT,2020-03-31,pb_ratio,10.020044445236705
AZO,2020-05-09,pb_ratio,
AAPL,2020-06-27,pb_ratio,20.628302617038834
MSFT,2020-06-30,pb_ratio,12.562217822808783
O,2020-06-30,pb_ratio,1.4115683835301462
AMT,2020-06-30,pb_ratio,
AZO,2020-08-29,pb_ratio,
AAPL,2020-09-26,pb_ratio,29.216456435677784
O,2020-09-30,pb_ratio,1.453040529906224
AMT,2020-09-30,pb_ratio,
MSFT,2020-09-30,pb_ratio,12.403229529555903
AZO,2020-11-21,pb_ratio,
AAPL,2020-12-26,pb_ratio,33.13690065073961
AMT,2020-12-31,pb_ratio,
MSFT,2020-12-31,pb_ratio,12.42518766862417
O,2020-12-31,pb_ratio,1.4283944153338255
AZO,2021-02-13,pb_ratio,
AAPL,2021-03-27,pb_ratio,28.86442089672409
AMT,2021-03-31,pb_ratio,
O,2021-03-31,pb_ratio,1.511876581136878
MSFT,2021-03-31,pb_ratio,12.750422842877224
AZO,2021-05-08,pb_ratio,
AAPL,2021-06-26,pb_ratio,33.87393902713702
O,2021-06-30,pb_ratio,1.575727825518509
MSFT,2021-06-30,pb_ratio,13.930343564740067
AMT,2021-06-30,pb_ratio,
AZO,2021-08-28,pb_ratio,
AAPL,2021-09-25,pb_ratio,38.33972289980316
MSFT,2021-09-30,pb_ratio,13.496882679735744
AMT,2021-09-30,pb_ratio,
O,2021-09-30,pb_ratio,1.4385547249268031
AZO,2021-11-20,pb_ratio,
AAPL,2021-12-25,pb_ratio,39.57764991236404
AMT,2021-12-31,pb_ratio,
O,2021-12-31,pb_ratio,0.9322994065968733
MSFT,2021-12-31,pb_ratio,15.296724364158697
AZO,2022-02-12,pb_ratio,
AAPL,2022-03-26,pb_ratio,41.624740328704696
MSFT,2022-03-31,pb_ratio,13.76206757466168
O,2022-03-31,pb_ratio,1.2834856880883119
AMT,2022-03-31,pb_ratio,
AZO,2022-05-07,pb_ratio,
AAPL,2022-06-25,pb_ratio,38.86569219113793
MSFT,2022-06-30,pb_ratio,11.250170626285689
AMT,2022-06-30,pb_ratio,
O,2022-06-30,pb_ratio,1.2542703858922923
AZO,2022-08-27,pb_ratio,
AAPL,2022-09-24,pb_ratio,47.57869529855473
AMT,2022-09-30,pb_ratio,
O,2022-09-30,pb_ratio,1.0931047148705075
MSFT,2022-09-30,pb_ratio,9.738303086123118
AZO,2022-11-19,pb_ratio,
MSFT,2022-12-31,pb_ratio,9.515149399302295
AAPL,2022-12-31,pb_ratio,35.93576050414022
AMT,2022-12-31,pb_ratio,
O,2022-12-31,pb_ratio,1.1121037520032988
AZO,2023-02-11,pb_ratio,
AMT,2023-03-31,pb_ratio,
O,2023-03-31,pb_ratio,1.190623287293416
MSFT,2023-03-31,pb_ratio,10.77416317512997
AAPL,2023-04-01,pb_ratio,41.40240125970041
AZO,2023-05-06,pb_ratio,
MSFT,2023-06-30,pb_ratio,12.053455972778103
AMT,2023-06-30,pb_ratio,
O,2023-06-30,pb_ratio,1.0913357530861882
AAPL,2023-07-01,pb_ratio,50.0643179797956
AZO,2023-08-26,pb_ratio,
AMT,2023-09-30,pb_ratio,
O,2023-09-30,pb_ratio,0.95639192830693
AAPL,2023-09-30,pb_ratio,43.01874423205006
MSFT,2023-09-30,pb_ratio,10.450351401877384
AZO,2023-11-18,pb_ratio,
AAPL,2023-12-30,pb_ratio,40.01894711332952
MSFT,2023-12-31,pb_ratio,11.561534432476147
O,2023-12-31,pb_ratio,1.047483057843411
AMT,2023-12-31,pb_ratio,
AZO,2024-02-10,pb_ratio,
AAPL,2024-03-30,pb_ratio,35.38766925094752
O,2024-03-31,pb_ratio,1.0196194893753219
MSFT,2024-03-31,pb_ratio,12.20376398469657
AMT,2024-03-31,pb_ratio,
AZO,2024-05-04,pb_ratio,
AAPL,2024-06-29,pb_ratio,48.04327294259947
O,2024-06-30,pb_ratio,1.0588941978071205
MSFT,2024-06-30,pb_ratio,12.241711667351131
AMT,2024-06-30,pb_ratio,
AZO,2024-08-31,pb_ratio,
AAPL,2024-09-28,pb_ratio,61.17111332038297
AMT,2024-09-30,pb_ratio,
MSFT,2024-09-30,pb_ratio,11.018620632019148
O,2024-09-30,pb_ratio,1.2952213470612333
AZO,2024-11-23,pb_ratio,
AAPL,2024-12-28,pb_ratio,57.63841695260444
O,2024-12-31,pb_ratio,1.0840171051610705
AMT,2024-12-31,pb_ratio,
MSFT,2024-12-31,pb_ratio,10.277203068395863
AZO,2025-02-15,pb_ratio,
AAPL,2025-03-29,pb_ratio,48.85753363827895
MSFT,2025-03-31,pb_ratio,8.61626837244838
AMT,2025-03-31,pb_ratio,
O,2025-03-31,pb_ratio,1.228058230902489
AZO,2025-05-10,pb_ratio,
AAPL,2025-06-28,pb_ratio,45.479302328846316
AMT,2025-06-30,pb_ratio,
MSFT,2025-06-30,pb_ratio,10.724794566186207
O,2025-06-30,pb_ratio,1.24872639369792
AZO,2025-08-30,pb_ratio,
AAPL,2025-09-27,pb_ratio,51.83956021449651
O,2025-09-30,pb_ratio,1.3568431182775762
MSFT,2025-09-30,pb_ratio,10.583674746770368
AMT,2025-09-30,pb_ratio,
AZO,2025-11-22,pb_ratio,
AAPL,2025-12-27,pb_ratio,45.82880267013963
O,2025-12-31,pb_ratio,1.259700046123946
MSFT,2025-12-31,pb_ratio,9.189152337816298
AMT,2025-12-31,pb_ratio,
AZO,2026-02-14,pb_ratio,
AAPL,2026-03-28,pb_ratio,34.373090122178084
MSFT,2026-03-31,pb_ratio,6.636531416950339
O,2026-03-31,pb_ratio,1.4354320293970406
AMT,2026-03-31,pb_ratio,
AZO,2026-05-09,pb_ratio,
AAPL,2026-06-27,pb_ratio,38.836781411065374
MSFT,2026-06-30,pb_ratio,6.284357311853414
O,2026-06-30,pb_ratio,1.4581218210668156
AAPL,2006-09-30,pfcf_ratio,
MSFT,2007-06-30,pfcf_ratio,
AZO,2007-08-25,pfcf_ratio,
AAPL,2007-09-29,pfcf_ratio,
AAPL,2008-06-28,pfcf_ratio,
MSFT,2008-06-30,pfcf_ratio,
AZO,2008-08-30,pfcf_ratio,
AAPL,2008-09-27,pfcf_ratio,
MSFT,2008-09-30,pfcf_ratio,
AZO,2008-11-22,pfcf_ratio,
AAPL,2008-12-27,pfcf_ratio,
MSFT,2008-12-31,pfcf_ratio,
AZO,2009-02-14,pfcf_ratio,
AAPL,2009-03-28,pfcf_ratio,
MSFT,2009-03-31,pfcf_ratio,
AZO,2009-05-09,pfcf_ratio,
AAPL,2009-06-27,pfcf_ratio,
MSFT,2009-06-30,pfcf_ratio,9.89522593373973
AZO,2009-08-29,pfcf_ratio,12.757074516623888
AAPL,2009-09-26,pfcf_ratio,15.379449975554834
MSFT,2009-09-30,pfcf_ratio,9.008558593281746
AZO,2009-11-21,pfcf_ratio,10.134304841676352
AAPL,2009-12-26,pfcf_ratio,14.893296940351325
MSFT,2009-12-31,pfcf_ratio,10.883552330478919
AZO,2010-02-13,pfcf_ratio,9.619263275922266
AAPL,2010-03-27,pfcf_ratio,14.717572707119315
MSFT,2010-03-31,pfcf_ratio,9.60908320282079
AZO,2010-05-08,pfcf_ratio,10.345713666706699
AAPL,2010-06-26,pfcf_ratio,14.478810214278452
MSFT,2010-06-30,pfcf_ratio,6.98033212881689
AZO,2010-08-28,pfcf_ratio,12.014621410943343
AAPL,2010-09-25,pfcf_ratio,13.657214080050826
MSFT,2010-09-30,pfcf_ratio,6.682658865533684
AZO,2010-11-20,pfcf_ratio,11.29438698651373
AAPL,2010-12-25,pfcf_ratio,12.819474599339781
MSFT,2010-12-31,pfcf_ratio,7.845409313082634
AZO,2011-02-12,pfcf_ratio,11.864160808393166
AAPL,2011-03-26,pfcf_ratio,11.844837381938405
MSFT,2011-03-31,pfcf_ratio,6.82565017788524
AZO,2011-05-07,pfcf_ratio,11.901369482129258
AAPL,2011-06-25,pfcf_ratio,8.723212737982628
MSFT,2011-06-30,pfcf_ratio,6.973173705037187
AZO,2011-08-27,pfcf_ratio,13.544821985554497
AAPL,2011-09-24,pfcf_ratio,9.5407494884406
MSFT,2011-09-30,pfcf_ratio,6.524018709442521
AZO,2011-11-19,pfcf_ratio,14.33867300826614
MSFT,2011-12-31,pfcf_ratio,6.408811447217751
AAPL,2011-12-31,pfcf_ratio,7.806789241676637
AZO,2012-02-11,pfcf_ratio,14.749920748336027
MSFT,2012-03-31,pfcf_ratio,7.80517992917628
AAPL,2012-03-31,pfcf_ratio,9.919877689016028
AZO,2012-05-05,pfcf_ratio,18.268193695201973
AAPL,2012-06-30,pfcf_ratio,10.150842698005057
MSFT,2012-06-30,pfcf_ratio,7.01038632858483
AZO,2012-08-25,pfcf_ratio,17.101114479057916
AAPL,2012-09-29,pfcf_ratio,12.4732058559857
MSFT,2012-09-30,pfcf_ratio,6.89706880298195
AZO,2012-11-17,pfcf_ratio,17.80162936592895
AAPL,2012-12-29,pfcf_ratio,8.604712349648947
MSFT,2012-12-31,pfcf_ratio,6.544297982649696
AZO,2013-02-09,pfcf_ratio,16.590555738106787
AAPL,2013-03-30,pfcf_ratio,7.843397804649847
MSFT,2013-03-31,pfcf_ratio,7.083246505864267
AZO,2013-05-04,pfcf_ratio,16.455553278092875
AAPL,2013-06-29,pfcf_ratio,7.259883990720655
MSFT,2013-06-30,pfcf_ratio,9.690533409205576
AZO,2013-08-31,pfcf_ratio,15.353227421952788
AAPL,2013-09-28,pfcf_ratio,8.519027539883337
MSFT,2013-09-30,pfcf_ratio,9.721646239233841
AZO,2013-11-23,pfcf_ratio,15.631846346515237
AAPL,2013-12-28,pfcf_ratio,9.709655891905904
MSFT,2013-12-31,pfcf_ratio,11.529486882527669
AZO,2014-02-15,pfcf_ratio,18.334824518723188
AAPL,2014-03-29,pfcf_ratio,8.81049439619625
MSFT,2014-03-31,pfcf_ratio,12.589411905775062
AZO,2014-05-10,pfcf_ratio,16.840637818153613
AAPL,2014-06-28,pfcf_ratio,10.02930007702997
MSFT,2014-06-30,pfcf_ratio,10.864460441588509
AZO,2014-08-30,pfcf_ratio,20.215495416896786
AAPL,2014-09-27,pfcf_ratio,10.841960955610949
MSFT,2014-09-30,pfcf_ratio,12.040872161291237
AZO,2014-11-22,pfcf_ratio,20.465311519319346
AAPL,2014-12-27,pfcf_ratio,9.897018652401949
MSFT,2014-12-31,pfcf_ratio,11.987123543767702
AZO,2015-02-14,pfcf_ratio,23.804471117282556
AAPL,2015-03-28,pfcf_ratio,9.904901671877028
MSFT,2015-03-31,pfcf_ratio,10.766219157572145
AZO,2015-05-09,pfcf_ratio,24.622716245046032
AAPL,2015-06-27,pfcf_ratio,9.383378880768836
MSFT,2015-06-30,pfcf_ratio,13.511905638267255
AZO,2015-08-29,pfcf_ratio,21.414574920675275
AAPL,2015-09-26,pfcf_ratio,8.50706227350083
MSFT,2015-09-30,pfcf_ratio,13.101080059521253
AZO,2015-11-21,pfcf_ratio,22.810512984054263
AAPL,2015-12-26,pfcf_ratio,8.585546147818826
MSFT,2015-12-31,pfcf_ratio,15.963207553589529
AZO,2016-02-13,pfcf_ratio,19.064627850487263
AAPL,2016-03-26,pfcf_ratio,9.476981336373893
MSFT,2016-03-31,pfcf_ratio,15.973049167123035
AZO,2016-05-07,pfcf_ratio,19.97721791066086
AAPL,2016-06-25,pfcf_ratio,9.162946000502181
MSFT,2016-06-30,pfcf_ratio,14.511045950215502
AZO,2016-08-27,pfcf_ratio,19.936136845473474
AAPL,2016-09-24,pfcf_ratio,10.690743565967622
MSFT,2016-09-30,pfcf_ratio,15.032455693837145
AZO,2016-11-19,pfcf_ratio,18.686182945981688
MSFT,2016-12-31,pfcf_ratio,15.81274861101445
AAPL,2016-12-31,pfcf_ratio,10.722313098371938
AZO,2017-02-11,pfcf_ratio,19.329244978650955
MSFT,2017-03-31,pfcf_ratio,16.28887798336799
AAPL,2017-04-01,pfcf_ratio,13.109412234791932
AZO,2017-05-06,pfcf_ratio,20.289961973212225
MSFT,2017-06-30,pfcf_ratio,15.591958203456455
AAPL,2017-07-01,pfcf_ratio,13.48773866155195
AZO,2017-08-26,pfcf_ratio,15.120214898795574
AAPL,2017-09-30,pfcf_ratio,14.615349257533278
MSFT,2017-09-30,pfcf_ratio,16.386534628617135
AZO,2017-11-18,pfcf_ratio,15.20673972963151
AAPL,2017-12-30,pfcf_ratio,15.295899222416661
MSFT,2017-12-31,pfcf_ratio,18.14331272218308
AZO,2018-02-10,pfcf_ratio,16.71883362990135
MSFT,2018-03-31,pfcf_ratio,19.513755680950542
AAPL,2018-03-31,pfcf_ratio,14.596484901120938
AZO,2018-05-05,pfcf_ratio,13.719255488348727
AAPL,2018-06-30,pfcf_ratio,14.43967131505989
MSFT,2018-06-30,pfcf_ratio,22.017434278788823
AZO,2018-08-25,pfcf_ratio,13.558348913846228
AAPL,2018-09-29,pfcf_ratio,16.6483955924626
MSFT,2018-09-30,pfcf_ratio,25.74442654501822
AZO,2018-11-17,pfcf_ratio,14.853152798566988
AAPL,2018-12-29,pfcf_ratio,11.420195685767508
MSFT,2018-12-31,pfcf_ratio,23.036971486780974
AZO,2019-02-09,pfcf_ratio,13.649241618879492
AAPL,2019-03-30,pfcf_ratio,14.224394405654584
MSFT,2019-03-31,pfcf_ratio,25.39747919670194
AZO,2019-05-04,pfcf_ratio,16.379697846051855
AAPL,2019-06-29,pfcf_ratio,14.960442290057296
MSFT,2019-06-30,pfcf_ratio,25.48810284540283
AZO,2019-08-31,pfcf_ratio,17.207673390439208
AAPL,2019-09-28,pfcf_ratio,16.589172090131864
MSFT,2019-09-30,pfcf_ratio,26.135438213844996
AZO,2019-11-23,pfcf_ratio,17.51944990142561
AAPL,2019-12-28,pfcf_ratio,19.440402249475277
MSFT,2019-12-31,pfcf_ratio,28.252651916248215
AZO,2020-02-15,pfcf_ratio,17.282776388518155
AAPL,2020-03-28,pfcf_ratio,15.812710208336384
MSFT,2020-03-31,pfcf_ratio,26.458768253863933
AZO,2020-05-09,pfcf_ratio,14.925523363938126
AAPL,2020-06-27,pfcf_ratio,20.79400565872871
MSFT,2020-06-30,pfcf_ratio,32.85494577772406
AZO,2020-08-29,pfcf_ratio,12.663464736284926
AAPL,2020-09-26,pfcf_ratio,26.020228270302606
MSFT,2020-09-30,pfcf_ratio,31.088571738425763
AZO,2020-11-21,pfcf_ratio,10.652207618640604
AAPL,2020-12-26,pfcf_ratio,27.355839747373814
MSFT,2020-12-31,pfcf_ratio,32.08435921189106
AZO,2021-02-13,pfcf_ratio,10.207742175630376
AAPL,2021-03-27,pfcf_ratio,22.070484109000244
MSFT,2021-03-31,pfcf_ratio,31.883761075335126
AZO,2021-05-08,pfcf_ratio,10.98973423565643
AAPL,2021-06-26,pfcf_ratio,22.97628736139169
MSFT,2021-06-30,pfcf_ratio,35.24611750365859
AZO,2021-08-28,pfcf_ratio,12.187350104859165
AAPL,2021-09-25,pfcf_ratio,26.022324376282434
MSFT,2021-09-30,pfcf_ratio,33.94950738002117
AZO,2021-11-20,pfcf_ratio,13.386431457830076
AAPL,2021-12-25,pfcf_ratio,27.951061956900336
MSFT,2021-12-31,pfcf_ratio,40.32802572799224
AZO,2022-02-12,pfcf_ratio,13.623016656470703
AAPL,2022-03-26,pfcf_ratio,26.51844520350465
MSFT,2022-03-31,pfcf_ratio,35.22712214699649
AZO,2022-05-07,pfcf_ratio,15.372879300983566
AAPL,2022-06-25,pfcf_ratio,20.992069083586955
MSFT,2022-06-30,pfcf_ratio,28.75908941722622
AZO,2022-08-27,pfcf_ratio,17.664598740535244
AAPL,2022-09-24,pfcf_ratio,21.633549421393585
MSFT,2022-09-30,pfcf_ratio,26.68769244712232
AZO,2022-11-19,pfcf_ratio,19.015740452190354
MSFT,2022-12-31,pfcf_ratio,29.22886377252885
AAPL,2022-12-31,pfcf_ratio,20.908407209566988
AZO,2023-02-11,pfcf_ratio,19.474297105160264
MSFT,2023-03-31,pfcf_ratio,36.53880098637474
AAPL,2023-04-01,pfcf_ratio,26.39748135706696
AZO,2023-05-06,pfcf_ratio,21.583213312570095
MSFT,2023-06-30,pfcf_ratio,41.7940286015001
AAPL,2023-07-01,pfcf_ratio,29.880843097767038
AZO,2023-08-26,pfcf_ratio,21.858411792223823
AAPL,2023-09-30,pfcf_ratio,26.846108602235127
MSFT,2023-09-30,pfcf_ratio,36.48086007835329
AZO,2023-11-18,pfcf_ratio,23.25579267527281
AAPL,2023-12-30,pfcf_ratio,27.748027782591
MSFT,2023-12-31,pfcf_ratio,40.84429811190194
AZO,2024-02-10,pfcf_ratio,23.54943089374794
AAPL,2024-03-30,pfcf_ratio,25.76117046286561
MSFT,2024-03-31,pfcf_ratio,43.77419037992953
AZO,2024-05-04,pfcf_ratio,27.455933195914273
AAPL,2024-06-29,pfcf_ratio,30.71594179985361
MSFT,2024-06-30,pfcf_ratio,44.371184718924134
AZO,2024-08-31,pfcf_ratio,29.32551598941978
AAPL,2024-09-28,pfcf_ratio,32.01719469883197
MSFT,2024-09-30,pfcf_ratio,43.63092929050185
AZO,2024-11-23,pfcf_ratio,28.314634529156347
AAPL,2024-12-28,pfcf_ratio,39.14409545287304
MSFT,2024-12-31,pfcf_ratio,44.42115609927155
AZO,2025-02-15,pfcf_ratio,29.61910852302529
AAPL,2025-03-29,pfcf_ratio,33.13656577485613
MSFT,2025-03-31,pfcf_ratio,39.984130940326985
AZO,2025-05-10,pfcf_ratio,31.482759523799807
AAPL,2025-06-28,pfcf_ratio,31.126824339889723
MSFT,2025-06-30,pfcf_ratio,51.44100365584997
AZO,2025-08-30,pfcf_ratio,40.44715663267537
AAPL,2025-09-27,pfcf_ratio,38.70003435657124
MSFT,2025-09-30,pfcf_ratio,49.25437138519039
AZO,2025-11-22,pfcf_ratio,35.930136611056575
AAPL,2025-12-27,pfcf_ratio,32.7725512266843
MSFT,2025-12-31,pfcf_ratio,46.39861933607122
AZO,2026-02-14,pfcf_ratio,40.92106169218344
AAPL,2026-03-28,pfcf_ratio,28.337163362602897
MSFT,2026-03-31,pfcf_ratio,37.7140766587232
AZO,2026-05-09,pfcf_ratio,36.07457705846365
AAPL,2026-06-27,pfcf_ratio,30.550476191755735
MSFT,2026-06-30,pfcf_ratio,41.50235087582511
AAPL,2006-09-30,ev_fcf,
AMT,2006-12-31,ev_fcf,
MSFT,2007-06-30,ev_fcf,
AZO,2007-08-25,ev_fcf,
AAPL,2007-09-29,ev_fcf,
O,2007-12-31,ev_fcf,
AMT,2007-12-31,ev_fcf,
AAPL,2008-06-28,ev_fcf,
AMT,2008-06-30,ev_fcf,
MSFT,2008-06-30,ev_fcf,
AZO,2008-08-30,ev_fcf,
AAPL,2008-09-27,ev_fcf,
AMT,2008-09-30,ev_fcf,
MSFT,2008-09-30,ev_fcf,
AZO,2008-11-22,ev_fcf,
AAPL,2008-12-27,ev_fcf,
AMT,2008-12-31,ev_fcf,
O,2008-12-31,ev_fcf,
MSFT,2008-12-31,ev_fcf,
AZO,2009-02-14,ev_fcf,
AAPL,2009-03-28,ev_fcf,
MSFT,2009-03-31,ev_fcf,
AMT,2009-03-31,ev_fcf,
AZO,2009-05-09,ev_fcf,
AAPL,2009-06-27,ev_fcf,
MSFT,2009-06-30,ev_fcf,9.748850760979334
AMT,2009-06-30,ev_fcf,
O,2009-06-30,ev_fcf,
AZO,2009-08-29,ev_fcf,16.799971497873532
AAPL,2009-09-26,ev_fcf,
O,2009-09-30,ev_fcf,
MSFT,2009-09-30,ev_fcf,8.741319936581041
AMT,2009-09-30,ev_fcf,
AZO,2009-11-21,ev_fcf,13.7320760307993
AAPL,2009-12-26,ev_fcf,
O,2009-12-31,ev_fcf,
AMT,2009-12-31,ev_fcf,27.883776373319435
MSFT,2009-12-31,ev_fcf,10.579225484733383
AZO,2010-02-13,ev_fcf,12.800342002746728
AAPL,2010-03-27,ev_fcf,
O,2010-03-31,ev_fcf,
MSFT,2010-03-31,ev_fcf,9.391074895858765
AMT,2010-03-31,ev_fcf,25.54944679380466
AZO,2010-05-08,ev_fcf,13.453204512237038
AAPL,2010-06-26,ev_fcf,
O,2010-06-30,ev_fcf,
AMT,2010-06-30,ev_fcf,24.65804938900695
MSFT,2010-06-30,ev_fcf,6.952951607455558
AZO,2010-08-28,ev_fcf,15.175220467311496
AAPL,2010-09-25,ev_fcf,
MSFT,2010-09-30,ev_fcf,6.746639908187713
O,2010-09-30,ev_fcf,
AMT,2010-09-30,ev_fcf,28.4410584457751
AZO,2010-11-20,ev_fcf,14.001595800329557
AAPL,2010-12-25,ev_fcf,
AMT,2010-12-31,ev_fcf,29.054355034933543
MSFT,2010-12-31,ev_fcf,8.090572553711413
O,2010-12-31,ev_fcf,
AZO,2011-02-12,ev_fcf,15.04139256329979
AAPL,2011-03-26,ev_fcf,
AMT,2011-03-31,ev_fcf,30.1669069395763
O,2011-03-31,ev_fcf,
MSFT,2011-03-31,ev_fcf,7.027386791488714
AZO,2011-05-07,ev_fcf,14.923090172530943
AAPL,2011-06-25,ev_fcf,
MSFT,2011-06-30,ev_fcf,7.066115788725648
O,2011-06-30,ev_fcf,
AMT,2011-06-30,ev_fcf,31.974417306477967
AZO,2011-08-27,ev_fcf,16.86462931265098
AAPL,2011-09-24,ev_fcf,
MSFT,2011-09-30,ev_fcf,6.4848820302755215
AMT,2011-09-30,ev_fcf,34.48579430180507
O,2011-09-30,ev_fcf,
AZO,2011-11-19,ev_fcf,17.771091448722824
MSFT,2011-12-31,ev_fcf,6.457062803118256
AAPL,2011-12-31,ev_fcf,
O,2011-12-31,ev_fcf,
AMT,2011-12-31,ev_fcf,37.528669442742704
AZO,2012-02-11,ev_fcf,18.198896178113056
MSFT,2012-03-31,ev_fcf,8.00651490704757
AMT,2012-03-31,ev_fcf,33.60922959802546
AAPL,2012-03-31,ev_fcf,
O,2012-03-31,ev_fcf,
AZO,2012-05-05,ev_fcf,22.410476162869085
AAPL,2012-06-30,ev_fcf,
AMT,2012-06-30,ev_fcf,31.63336562079463
O,2012-06-30,ev_fcf,
MSFT,2012-06-30,ev_fcf,7.179616573119463
AZO,2012-08-25,ev_fcf,21.433746018185996
AAPL,2012-09-29,ev_fcf,12.220721186922473
MSFT,2012-09-30,ev_fcf,7.136012017941635
O,2012-09-30,ev_fcf,
AMT,2012-09-30,ev_fcf,29.854662876991743
AZO,2012-11-17,ev_fcf,22.410707261818814
AAPL,2012-12-29,ev_fcf,
AMT,2012-12-31,ev_fcf,36.47401373160481
O,2012-12-31,ev_fcf,
MSFT,2012-12-31,ev_fcf,6.8404508544241525
AZO,2013-02-09,ev_fcf,21.113365751935273
AAPL,2013-03-30,ev_fcf,
MSFT,2013-03-31,ev_fcf,7.408804241493946
O,2013-03-31,ev_fcf,
AMT,2013-03-31,ev_fcf,36.8806921939401
AZO,2013-05-04,ev_fcf,20.693324013766322
AAPL,2013-06-29,ev_fcf,7.3919895826508775
MSFT,2013-06-30,ev_fcf,10.170513877955576
AMT,2013-06-30,ev_fcf,36.68937390045615
O,2013-06-30,ev_fcf,
AZO,2013-08-31,ev_fcf,19.395772596654954
AAPL,2013-09-28,ev_fcf,8.5783888726013
O,2013-09-30,ev_fcf,
MSFT,2013-09-30,ev_fcf,10.168517674444454
AMT,2013-09-30,ev_fcf,37.79196704609611
AZO,2013-11-23,ev_fcf,19.533295348079616
AAPL,2013-12-28,ev_fcf,9.77363530491032
MSFT,2013-12-31,ev_fcf,12.091309104749891
AMT,2013-12-31,ev_fcf,43.14739023785949
O,2013-12-31,ev_fcf,
AZO,2014-02-15,ev_fcf,22.486277700912737
AAPL,2014-03-29,ev_fcf,8.767979900186663
MSFT,2014-03-31,ev_fcf,13.08025924378397
AMT,2014-03-31,ev_fcf,43.70909098103155
O,2014-03-31,ev_fcf,
AZO,2014-05-10,ev_fcf,20.785901554878237
AAPL,2014-06-28,ev_fcf,10.35912687327414
AMT,2014-06-30,ev_fcf,40.26730793404361
MSFT,2014-06-30,ev_fcf,11.306071279209265
O,2014-06-30,ev_fcf,
AZO,2014-08-30,ev_fcf,24.887437510842428
AAPL,2014-09-27,ev_fcf,11.143963269040807
MSFT,2014-09-30,ev_fcf,12.553429786222086
AMT,2014-09-30,ev_fcf,39.81561291602062
O,2014-09-30,ev_fcf,
AZO,2014-11-22,ev_fcf,25.189775547326523
AAPL,2014-12-27,ev_fcf,10.114256236205025
AMT,2014-12-31,ev_fcf,37.15175599949253
MSFT,2014-12-31,ev_fcf,12.48463124058635
O,2014-12-31,ev_fcf,
AZO,2015-02-14,ev_fcf,28.88656263786694
AAPL,2015-03-28,ev_fcf,10.301426672652006
MSFT,2015-03-31,ev_fcf,11.619493314114816
O,2015-03-31,ev_fcf,
AMT,2015-03-31,ev_fcf,34.94957821666373
AZO,2015-05-09,ev_fcf,29.488936438337596
AAPL,2015-06-27,ev_fcf,9.880605334365823
MSFT,2015-06-30,ev_fcf,14.576776327922426
AMT,2015-06-30,ev_fcf,36.086190292871294
O,2015-06-30,ev_fcf,
AZO,2015-08-29,ev_fcf,25.508433708213985
AAPL,2015-09-26,ev_fcf,9.002770581245871
AMT,2015-09-30,ev_fcf,33.88890477536947
MSFT,2015-09-30,ev_fcf,14.08082464680136
O,2015-09-30,ev_fcf,
AZO,2015-11-21,ev_fcf,27.11942789857064
AAPL,2015-12-26,ev_fcf,9.20126460438002
MSFT,2015-12-31,ev_fcf,17.365921558181196
O,2015-12-31,ev_fcf,
AMT,2015-12-31,ev_fcf,33.53605110927099
AZO,2016-02-13,ev_fcf,23.019240334898093
AAPL,2016-03-26,ev_fcf,10.37758579289952
MSFT,2016-03-31,ev_fcf,17.364493414472566
AMT,2016-03-31,ev_fcf,33.5221603645461
O,2016-03-31,ev_fcf,
AZO,2016-05-07,ev_fcf,24.010741445445205
AAPL,2016-06-25,ev_fcf,10.229956512727073
MSFT,2016-06-30,ev_fcf,15.875628449615071
AMT,2016-06-30,ev_fcf,32.718190558151385
O,2016-06-30,ev_fcf,
AZO,2016-08-27,ev_fcf,24.06517789404807
AAPL,2016-09-24,ev_fcf,11.79157234728237
AMT,2016-09-30,ev_fcf,29.157940950989847
MSFT,2016-09-30,ev_fcf,16.755936027567778
O,2016-09-30,ev_fcf,
AZO,2016-11-19,ev_fcf,22.704620156260347
MSFT,2016-12-31,ev_fcf,17.678999200658488
AMT,2016-12-31,ev_fcf,26.5159485201823
AAPL,2016-12-31,ev_fcf,11.868156265985842
O,2016-12-31,ev_fcf,
AZO,2017-02-11,ev_fcf,23.743302322380664
MSFT,2017-03-31,ev_fcf,18.751094740789384
O,2017-03-31,ev_fcf,
AMT,2017-03-31,ev_fcf,27.265837811518917
AAPL,2017-04-01,ev_fcf,14.486248848854345
AZO,2017-05-06,ev_fcf,25.20046999794399
O,2017-06-30,ev_fcf,
MSFT,2017-06-30,ev_fcf,17.804878083627276
AMT,2017-06-30,ev_fcf,29.21607885441872
AAPL,2017-07-01,ev_fcf,14.987671173458777
AZO,2017-08-26,ev_fcf,19.852634891320996
AAPL,2017-09-30,ev_fcf,16.23202496882873
AMT,2017-09-30,ev_fcf,31.253514258176953
O,2017-09-30,ev_fcf,
MSFT,2017-09-30,ev_fcf,18.56659654812178
AZO,2017-11-18,ev_fcf,19.2898732812629
AAPL,2017-12-30,ev_fcf,16.85012828327091
AMT,2017-12-31,ev_fcf,32.454158378311256
MSFT,2017-12-31,ev_fcf,20.06438591050179
O,2017-12-31,ev_fcf,
AZO,2018-02-10,ev_fcf,20.677936251275298
MSFT,2018-03-31,ev_fcf,21.53185563324062
AAPL,2018-03-31,ev_fcf,15.781211668585332
AMT,2018-03-31,ev_fcf,31.52640310829335
O,2018-03-31,ev_fcf,
AZO,2018-05-05,ev_fcf,17.393576485157237
AAPL,2018-06-30,ev_fcf,15.626691458533841
O,2018-06-30,ev_fcf,
AMT,2018-06-30,ev_fcf,30.229243361511248
MSFT,2018-06-30,ev_fcf,24.009682821514854
AZO,2018-08-25,ev_fcf,16.64302242126103
AAPL,2018-09-29,ev_fcf,17.843105593866195
O,2018-09-30,ev_fcf,
MSFT,2018-09-30,ev_fcf,27.652704928717714
AMT,2018-09-30,ev_fcf,29.228938236210727
AZO,2018-11-17,ev_fcf,18.236891497022217
AAPL,2018-12-29,ev_fcf,12.355925761768347
O,2018-12-31,ev_fcf,
AMT,2018-12-31,ev_fcf,26.547746837050248
MSFT,2018-12-31,ev_fcf,25.123358346950866
AZO,2019-02-09,ev_fcf,16.65332164835314
AAPL,2019-03-30,ev_fcf,15.27266450426732
AMT,2019-03-31,ev_fcf,32.316429698635105
MSFT,2019-03-31,ev_fcf,27.23713913546714
O,2019-03-31,ev_fcf,
AZO,2019-05-04,ev_fcf,19.50234434898179
AAPL,2019-06-29,ev_fcf,15.783431387833929
AMT,2019-06-30,ev_fcf,32.393152925974185
O,2019-06-30,ev_fcf,
MSFT,2019-06-30,ev_fcf,27.077804884085527
AZO,2019-08-31,ev_fcf,20.303425024626325
AAPL,2019-09-28,ev_fcf,17.49284975924352
MSFT,2019-09-30,ev_fcf,27.59457170936754
AMT,2019-09-30,ev_fcf,33.503018368556745
O,2019-09-30,ev_fcf,
AZO,2019-11-23,ev_fcf,20.685494824308897
AAPL,2019-12-28,ev_fcf,20.43353965763535
MSFT,2019-12-31,ev_fcf,29.749546938426626
AMT,2019-12-31,ev_fcf,38.590609999075866
O,2019-12-31,ev_fcf,
AZO,2020-02-15,ev_fcf,20.89596983254851
AAPL,2020-03-28,ev_fcf,16.702679594253905
AMT,2020-03-31,ev_fcf,37.03690331093964
O,2020-03-31,ev_fcf,
MSFT,2020-03-31,ev_fcf,27.724853766524788
AZO,2020-05-09,ev_fcf,17.851035015047284
AAPL,2020-06-27,ev_fcf,21.744748971701128
MSFT,2020-06-30,ev_fcf,33.9548042912316
O,2020-06-30,ev_fcf,
AMT,2020-06-30,ev_fcf,42.79840130249723
AZO,2020-08-29,ev_fcf,14.34275753163423
AAPL,2020-09-26,ev_fcf,26.966510557496772
O,2020-09-30,ev_fcf,
AMT,2020-09-30,ev_fcf,41.02244219899709
MSFT,2020-09-30,ev_fcf,32.030029009546446
AZO,2020-11-21,ev_fcf,12.214647810797675
AAPL,2020-12-26,ev_fcf,28.241328222672685
AMT,2020-12-31,ev_fcf,39.144251863837226
MSFT,2020-12-31,ev_fcf,32.99821042927547
O,2020-12-31,ev_fcf,
AZO,2021-02-13,ev_fcf,11.946011697097092
AAPL,2021-03-27,ev_fcf,22.934598264604677
AMT,2021-03-31,ev_fcf,38.400001045388095
O,2021-03-31,ev_fcf,
MSFT,2021-03-31,ev_fcf,32.708390646437024
AZO,2021-05-08,ev_fcf,12.39017778109231
AAPL,2021-06-26,ev_fcf,23.81772117871399
O,2021-06-30,ev_fcf,
MSFT,2021-06-30,ev_fcf,36.02878973003871
AMT,2021-06-30,ev_fcf,46.29547354698344
AZO,2021-08-28,ev_fcf,13.612612189328244
AAPL,2021-09-25,ev_fcf,26.9234249324775
MSFT,2021-09-30,ev_fcf,34.51427070342401
AMT,2021-09-30,ev_fcf,33.14838748202797
O,2021-09-30,ev_fcf,
AZO,2021-11-20,ev_fcf,14.831768238663539
AAPL,2021-12-25,ev_fcf,28.743193754687343
AMT,2021-12-31,ev_fcf,43.92325958660544
O,2021-12-31,ev_fcf,
MSFT,2021-12-31,ev_fcf,40.86604493943343
AZO,2022-02-12,ev_fcf,15.48239880009235
AAPL,2022-03-26,ev_fcf,27.320974671427862
MSFT,2022-03-31,ev_fcf,35.81515966526072
O,2022-03-31,ev_fcf,
AMT,2022-03-31,ev_fcf,45.856284442112006
AZO,2022-05-07,ev_fcf,17.56437157877377
AAPL,2022-06-25,ev_fcf,21.746823596423674
MSFT,2022-06-30,ev_fcf,29.309366474433546
AMT,2022-06-30,ev_fcf,48.80186402270071
O,2022-06-30,ev_fcf,
AZO,2022-08-27,ev_fcf,19.98425759546508
AAPL,2022-09-24,ev_fcf,22.409201548489946
AMT,2022-09-30,ev_fcf,79.70110016602513
O,2022-09-30,ev_fcf,
MSFT,2022-09-30,ev_fcf,27.094077643067624
AZO,2022-11-19,ev_fcf,21.41064847347682
MSFT,2022-12-31,ev_fcf,29.77349794341684
AAPL,2022-12-31,ev_fcf,21.81986180350738
AMT,2022-12-31,ev_fcf,65.56193665046403
O,2022-12-31,ev_fcf,
AZO,2023-02-11,ev_fcf,22.190563499601218
AMT,2023-03-31,ev_fcf,54.52008145131258
O,2023-03-31,ev_fcf,
MSFT,2023-03-31,ev_fcf,36.915904425039685
AAPL,2023-04-01,ev_fcf,27.24795832906409
AZO,2023-05-06,ev_fcf,24.58344099667635
MSFT,2023-06-30,ev_fcf,42.004755797801074
AMT,2023-06-30,ev_fcf,48.01743151200429
O,2023-06-30,ev_fcf,
AAPL,2023-07-01,ev_fcf,30.642248031075283
AZO,2023-08-26,ev_fcf,25.324872563510652
AMT,2023-09-30,ev_fcf,36.209752932711474
O,2023-09-30,ev_fcf,
AAPL,2023-09-30,ev_fcf,27.60062740043564
MSFT,2023-09-30,ev_fcf,35.93111788368653
AZO,2023-11-18,ev_fcf,27.309502988841498
AAPL,2023-12-30,ev_fcf,28.358494802961733
MSFT,2023-12-31,ev_fcf,41.28722197579104
O,2023-12-31,ev_fcf,
AMT,2023-12-31,ev_fcf,43.226057289587146
AZO,2024-02-10,ev_fcf,27.676468283286912
AAPL,2024-03-30,ev_fcf,26.447058275736616
O,2024-03-31,ev_fcf,
MSFT,2024-03-31,ev_fcf,44.13228661661055
AMT,2024-03-31,ev_fcf,37.05119083056494
AZO,2024-05-04,ev_fcf,32.04581816527155
AAPL,2024-06-29,ev_fcf,31.413044513124774
O,2024-06-30,ev_fcf,
MSFT,2024-06-30,ev_fcf,44.73059663451863
AMT,2024-06-30,ev_fcf,34.50383183075234
AZO,2024-08-31,ev_fcf,33.87234060550536
AAPL,2024-09-28,ev_fcf,32.63038135042608
AMT,2024-09-30,ev_fcf,37.26659229672863
MSFT,2024-09-30,ev_fcf,43.96503790298155
O,2024-09-30,ev_fcf,
AZO,2024-11-23,ev_fcf,32.92238678188953
AAPL,2024-12-28,ev_fcf,39.800266929693755
O,2024-12-31,ev_fcf,
AMT,2024-12-31,ev_fcf,30.309132016412214
MSFT,2024-12-31,ev_fcf,44.81366798686419
AZO,2025-02-15,ev_fcf,33.98981285385439
AAPL,2025-03-29,ev_fcf,33.78679017223241
MSFT,2025-03-31,ev_fcf,40.18672590897111
AMT,2025-03-31,ev_fcf,34.027359070716926
O,2025-03-31,ev_fcf,
AZO,2025-05-10,ev_fcf,35.79597156740898
AAPL,2025-06-28,ev_fcf,31.704165685643694
AMT,2025-06-30,ev_fcf,35.517961936612764
MSFT,2025-06-30,ev_fcf,51.62126925750335
O,2025-06-30,ev_fcf,
AZO,2025-08-30,ev_fcf,45.238449200605295
AAPL,2025-09-27,ev_fcf,39.2545313039322
O,2025-09-30,ev_fcf,
MSFT,2025-09-30,ev_fcf,49.438421015399186
AMT,2025-09-30,ev_fcf,32.652380645598164
AZO,2025-11-22,ev_fcf,40.447905070235905
AAPL,2025-12-27,ev_fcf,33.12271015763042
O,2025-12-31,ev_fcf,
MSFT,2025-12-31,ev_fcf,46.6048664295451
AMT,2025-12-31,ev_fcf,29.884955764663232
AZO,2026-02-14,ev_fcf,46.337383334698416
AAPL,2026-03-28,ev_fcf,28.624589624853815
MSFT,2026-03-31,ev_fcf,37.8259451100919
O,2026-03-31,ev_fcf,
AMT,2026-03-31,ev_fcf,28.802502444441174
AZO,2026-05-09,ev_fcf,41.46531450873067
AAPL,2026-06-27,ev_fcf,30.863287587466978
MSFT,2026-06-30,ev_fcf,41.791347248255576
O,2026-06-30,ev_fcf,
AAPL,2006-09-30,pfcf_ex_sbc,
MSFT,2007-06-30,pfcf_ex_sbc,
AZO,2007-08-25,pfcf_ex_sbc,
AAPL,2007-09-29,pfcf_ex_sbc,
AAPL,2008-06-28,pfcf_ex_sbc,
MSFT,2008-06-30,pfcf_ex_sbc,
AZO,2008-08-30,pfcf_ex_sbc,
AAPL,2008-09-27,pfcf_ex_sbc,
MSFT,2008-09-30,pfcf_ex_sbc,
AZO,2008-11-22,pfcf_ex_sbc,
AAPL,2008-12-27,pfcf_ex_sbc,
MSFT,2008-12-31,pfcf_ex_sbc,
AZO,2009-02-14,pfcf_ex_sbc,
AAPL,2009-03-28,pfcf_ex_sbc,
MSFT,2009-03-31,pfcf_ex_sbc,
AZO,2009-05-09,pfcf_ex_sbc,
AAPL,2009-06-27,pfcf_ex_sbc,
MSFT,2009-06-30,pfcf_ex_sbc,
AZO,2009-08-29,pfcf_ex_sbc,13.143058996824887
AAPL,2009-09-26,pfcf_ex_sbc,16.694249431622737
MSFT,2009-09-30,pfcf_ex_sbc,
AZO,2009-11-21,pfcf_ex_sbc,10.400609098067259
AAPL,2009-12-26,pfcf_ex_sbc,15.994478581931489
MSFT,2009-12-31,pfcf_ex_sbc,
AZO,2010-02-13,pfcf_ex_sbc,9.838437639471437
AAPL,2010-03-27,pfcf_ex_sbc,15.749269233189313
MSFT,2010-03-31,pfcf_ex_sbc,
AZO,2010-05-08,pfcf_ex_sbc,10.584014444791707
AAPL,2010-06-26,pfcf_ex_sbc,15.37548057910249
MSFT,2010-06-30,pfcf_ex_sbc,7.633626266683396
AZO,2010-08-28,pfcf_ex_sbc,12.28120030249807
AAPL,2010-09-25,pfcf_ex_sbc,14.421308738338949
MSFT,2010-09-30,pfcf_ex_sbc,7.280762584996252
AZO,2010-11-20,pfcf_ex_sbc,11.52072604223475
AAPL,2010-12-25,pfcf_ex_sbc,13.48397562673084
MSFT,2010-12-31,pfcf_ex_sbc,8.604978119256415
AZO,2011-02-12,pfcf_ex_sbc,12.142543994547658
AAPL,2011-03-26,pfcf_ex_sbc,12.392529377355617
MSFT,2011-03-31,pfcf_ex_sbc,7.476035938234435
AZO,2011-05-07,pfcf_ex_sbc,12.193998077427747
AAPL,2011-06-25,pfcf_ex_sbc,9.060261361820764
MSFT,2011-06-30,pfcf_ex_sbc,7.645264402545777
AZO,2011-08-27,pfcf_ex_sbc,13.92712607187763
AAPL,2011-09-24,pfcf_ex_sbc,9.887891178808458
MSFT,2011-09-30,pfcf_ex_sbc,7.150461432920255
AZO,2011-11-19,pfcf_ex_sbc,14.797626055175241
MSFT,2011-12-31,pfcf_ex_sbc,6.9886027671153315
AAPL,2011-12-31,pfcf_ex_sbc,8.060558125837659
AZO,2012-02-11,pfcf_ex_sbc,15.215392689765924
MSFT,2012-03-31,pfcf_ex_sbc,8.50492489238965
AAPL,2012-03-31,pfcf_ex_sbc,10.224467189565893
AZO,2012-05-05,pfcf_ex_sbc,18.988513202988127
AAPL,2012-06-30,pfcf_ex_sbc,10.516991515832371
MSFT,2012-06-30,pfcf_ex_sbc,7.591370445043239
AZO,2012-08-25,pfcf_ex_sbc,17.80326776466349
AAPL,2012-09-29,pfcf_ex_sbc,13.004877745195056
MSFT,2012-09-30,pfcf_ex_sbc,7.484922187329049
AZO,2012-11-17,pfcf_ex_sbc,18.586666025514393
AAPL,2012-12-29,pfcf_ex_sbc,8.956853763940515
MSFT,2012-12-31,pfcf_ex_sbc,7.143300053669659
AZO,2013-02-09,pfcf_ex_sbc,17.29440201470411
AAPL,2013-03-30,pfcf_ex_sbc,8.207761469745915
MSFT,2013-03-31,pfcf_ex_sbc,7.736838128919965
AZO,2013-05-04,pfcf_ex_sbc,17.114219483348652
AAPL,2013-06-29,pfcf_ex_sbc,7.6391646354631275
MSFT,2013-06-30,pfcf_ex_sbc,10.742198875265505
AZO,2013-08-31,pfcf_ex_sbc,15.947861288061477
AAPL,2013-09-28,pfcf_ex_sbc,8.962825381340911
MSFT,2013-09-30,pfcf_ex_sbc,10.8380031480583
AZO,2013-11-23,pfcf_ex_sbc,16.233121155361573
AAPL,2013-12-28,pfcf_ex_sbc,10.253049068577644
MSFT,2013-12-31,pfcf_ex_sbc,12.92285816762342
AZO,2014-02-15,pfcf_ex_sbc,19.120789272885247
AAPL,2014-03-29,pfcf_ex_sbc,9.31051341024768
MSFT,2014-03-31,pfcf_ex_sbc,14.100116456665667
AZO,2014-05-10,pfcf_ex_sbc,17.503962707778207
AAPL,2014-06-28,pfcf_ex_sbc,10.608194372468231
MSFT,2014-06-30,pfcf_ex_sbc,11.945998443302948
AZO,2014-08-30,pfcf_ex_sbc,21.1374157025325
AAPL,2014-09-27,pfcf_ex_sbc,11.49850052319728
MSFT,2014-09-30,pfcf_ex_sbc,13.240662205102273
AZO,2014-11-22,pfcf_ex_sbc,21.37899156534422
AAPL,2014-12-27,pfcf_ex_sbc,10.43108051106176
MSFT,2014-12-31,pfcf_ex_sbc,13.19575060593738
AZO,2015-02-14,pfcf_ex_sbc,24.951729302241393
AAPL,2015-03-28,pfcf_ex_sbc,10.439002990446479
MSFT,2015-03-31,pfcf_ex_sbc,11.902427075652652
AZO,2015-05-09,pfcf_ex_sbc,25.770624219730426
AAPL,2015-06-27,pfcf_ex_sbc,9.870327918570286
MSFT,2015-06-30,pfcf_ex_sbc,15.198109706574241
AZO,2015-08-29,pfcf_ex_sbc,22.24951287160094
AAPL,2015-09-26,pfcf_ex_sbc,8.966266664583184
MSFT,2015-09-30,pfcf_ex_sbc,14.720818267013142
AZO,2015-11-21,pfcf_ex_sbc,23.715885926342718
AAPL,2015-12-26,pfcf_ex_sbc,9.129589884987832
MSFT,2015-12-31,pfcf_ex_sbc,17.8899406683738
AZO,2016-02-13,pfcf_ex_sbc,19.723546800506607
AAPL,2016-03-26,pfcf_ex_sbc,10.18692148108178
MSFT,2016-03-31,pfcf_ex_sbc,17.940169803096396
AZO,2016-05-07,pfcf_ex_sbc,20.673033417610313
AAPL,2016-06-25,pfcf_ex_sbc,9.966368989861676
MSFT,2016-06-30,pfcf_ex_sbc,16.246076451030014
AZO,2016-08-27,pfcf_ex_sbc,20.649915920676058
AAPL,2016-09-24,pfcf_ex_sbc,11.61152978554053
MSFT,2016-09-30,pfcf_ex_sbc,16.711166016651056
AZO,2016-11-19,pfcf_ex_sbc,19.346256279332913
MSFT,2016-12-31,pfcf_ex_sbc,17.60528174245333
AAPL,2016-12-31,pfcf_ex_sbc,11.690948139972335
AZO,2017-02-11,pfcf_ex_sbc,20.078641269903475
MSFT,2017-03-31,pfcf_ex_sbc,18.220013824134305
AAPL,2017-04-01,pfcf_ex_sbc,14.335242077487932
AZO,2017-05-06,pfcf_ex_sbc,21.142578301305928
MSFT,2017-06-30,pfcf_ex_sbc,17.4034029776628
AAPL,2017-07-01,pfcf_ex_sbc,14.830650158523175
AZO,2017-08-26,pfcf_ex_sbc,15.710257292924286
AAPL,2017-09-30,pfcf_ex_sbc,16.128273596793715
MSFT,2017-09-30,pfcf_ex_sbc,18.400954961213095
AZO,2017-11-18,pfcf_ex_sbc,15.741226414566883
AAPL,2017-12-30,pfcf_ex_sbc,16.835680731284647
MSFT,2017-12-31,pfcf_ex_sbc,20.450473116094063
AZO,2018-02-10,pfcf_ex_sbc,17.311190995577082
MSFT,2018-03-31,pfcf_ex_sbc,22.0378282713035
AAPL,2018-03-31,pfcf_ex_sbc,16.068589434380147
AZO,2018-05-05,pfcf_ex_sbc,14.139579389288524
AAPL,2018-06-30,pfcf_ex_sbc,15.812866682972915
MSFT,2018-06-30,pfcf_ex_sbc,25.08145981772736
AZO,2018-08-25,pfcf_ex_sbc,13.949497733781225
AAPL,2018-09-29,pfcf_ex_sbc,18.160830434737317
MSFT,2018-09-30,pfcf_ex_sbc,29.50030098528337
AZO,2018-11-17,pfcf_ex_sbc,15.30709011958916
AAPL,2018-12-29,pfcf_ex_sbc,12.555327075289513
MSFT,2018-12-31,pfcf_ex_sbc,26.597730940314616
AZO,2019-02-09,pfcf_ex_sbc,14.002889960113542
AAPL,2019-03-30,pfcf_ex_sbc,15.742319181855935
MSFT,2019-03-31,pfcf_ex_sbc,29.29326285378167
AZO,2019-05-04,pfcf_ex_sbc,16.86004718716696
AAPL,2019-06-29,pfcf_ex_sbc,16.65114293983274
MSFT,2019-06-30,pfcf_ex_sbc,29.01615135875721
AZO,2019-08-31,pfcf_ex_sbc,17.676031158902145
AAPL,2019-09-28,pfcf_ex_sbc,18.494659639214174
MSFT,2019-09-30,pfcf_ex_sbc,29.848986483005024
AZO,2019-11-23,pfcf_ex_sbc,17.99186313629295
AAPL,2019-12-28,pfcf_ex_sbc,21.53387009573745
MSFT,2019-12-31,pfcf_ex_sbc,32.19038114222126
AZO,2020-02-15,pfcf_ex_sbc,17.812740089625294
AAPL,2020-03-28,pfcf_ex_sbc,17.4933718073298
MSFT,2020-03-31,pfcf_ex_sbc,30.009026706006694
AZO,2020-05-09,pfcf_ex_sbc,15.324558295148014
AAPL,2020-06-27,pfcf_ex_sbc,22.90336655962645
MSFT,2020-06-30,pfcf_ex_sbc,37.20517254498862
AZO,2020-08-29,pfcf_ex_sbc,12.919499445717658
AAPL,2020-09-26,pfcf_ex_sbc,28.69084476149379
MSFT,2020-09-30,pfcf_ex_sbc,34.98512545400635
AZO,2020-11-21,pfcf_ex_sbc,10.85003243076882
AAPL,2020-12-26,pfcf_ex_sbc,30.028162406877122
MSFT,2020-12-31,pfcf_ex_sbc,36.17963961837229
AZO,2021-02-13,pfcf_ex_sbc,10.395098022695755
AAPL,2021-03-27,pfcf_ex_sbc,24.043141586918473
MSFT,2021-03-31,pfcf_ex_sbc,35.80889951519431
AZO,2021-05-08,pfcf_ex_sbc,11.172986872003126
AAPL,2021-06-26,pfcf_ex_sbc,25.003924998729577
MSFT,2021-06-30,pfcf_ex_sbc,39.55883244140625
AZO,2021-08-28,pfcf_ex_sbc,12.428088393190295
AAPL,2021-09-25,pfcf_ex_sbc,28.44136909883454
MSFT,2021-09-30,pfcf_ex_sbc,37.94637479467365
AZO,2021-11-20,pfcf_ex_sbc,13.658970967385914
AAPL,2021-12-25,pfcf_ex_sbc,30.38248397575473
MSFT,2021-12-31,pfcf_ex_sbc,45.328139292363296
AZO,2022-02-12,pfcf_ex_sbc,13.911018190587146
AAPL,2022-03-26,pfcf_ex_sbc,28.81212962190352
MSFT,2022-03-31,pfcf_ex_sbc,39.63323665943435
AZO,2022-05-07,pfcf_ex_sbc,15.771397403444228
AAPL,2022-06-25,pfcf_ex_sbc,22.84018301678299
MSFT,2022-06-30,pfcf_ex_sbc,32.501707225751055
AZO,2022-08-27,pfcf_ex_sbc,18.16997391749769
AAPL,2022-09-24,pfcf_ex_sbc,23.542870447423127
MSFT,2022-09-30,pfcf_ex_sbc,30.541691905714373
AZO,2022-11-19,pfcf_ex_sbc,19.596337149222393
MSFT,2022-12-31,pfcf_ex_sbc,34.178020994226245
AAPL,2022-12-31,pfcf_ex_sbc,23.212569871536807
AZO,2023-02-11,pfcf_ex_sbc,20.13792945603464
MSFT,2023-03-31,pfcf_ex_sbc,43.50492407648874
AAPL,2023-04-01,pfcf_ex_sbc,29.4523845533253
AZO,2023-05-06,pfcf_ex_sbc,22.376671266463315
MSFT,2023-06-30,pfcf_ex_sbc,49.84958790057394
AAPL,2023-07-01,pfcf_ex_sbc,33.34302054026143
AZO,2023-08-26,pfcf_ex_sbc,22.850459733907538
AAPL,2023-09-30,pfcf_ex_sbc,30.122960631936348
MSFT,2023-09-30,pfcf_ex_sbc,43.27465026855469
AZO,2023-11-18,pfcf_ex_sbc,24.405029501737605
AAPL,2023-12-30,pfcf_ex_sbc,30.90765426809094
MSFT,2023-12-31,pfcf_ex_sbc,48.13545031639949
AZO,2024-02-10,pfcf_ex_sbc,24.72699871963533
AAPL,2024-03-30,pfcf_ex_sbc,28.942554041236388
MSFT,2024-03-31,pfcf_ex_sbc,51.385636875917406
AZO,2024-05-04,pfcf_ex_sbc,29.005274169675673
AAPL,2024-06-29,pfcf_ex_sbc,34.5040120091181
MSFT,2024-06-30,pfcf_ex_sbc,51.890964575452415
AZO,2024-08-31,pfcf_ex_sbc,31.03257939226932
AAPL,2024-09-28,pfcf_ex_sbc,35.87037452605371
MSFT,2024-09-30,pfcf_ex_sbc,51.46357456790165
AZO,2024-11-23,pfcf_ex_sbc,30.04408070305681
AAPL,2024-12-28,pfcf_ex_sbc,44.57525820673718
MSFT,2024-12-31,pfcf_ex_sbc,52.98594782558781
AZO,2025-02-15,pfcf_ex_sbc,31.443734440056904
AAPL,2025-03-29,pfcf_ex_sbc,37.83885604023886
MSFT,2025-03-31,pfcf_ex_sbc,48.010996445710106
AZO,2025-05-10,pfcf_ex_sbc,33.497700698269895
AAPL,2025-06-28,pfcf_ex_sbc,35.79253607235197
MSFT,2025-06-30,pfcf_ex_sbc,61.76940008382501
AZO,2025-08-30,pfcf_ex_sbc,43.47444572574022
AAPL,2025-09-27,pfcf_ex_sbc,44.49485813577332
MSFT,2025-09-30,pfcf_ex_sbc,58.31782754140713
AZO,2025-11-22,pfcf_ex_sbc,38.620863680576676
AAPL,2025-12-27,pfcf_ex_sbc,36.69116689949084
MSFT,2025-12-31,pfcf_ex_sbc,55.12546495455508
AZO,2026-02-14,pfcf_ex_sbc,44.70932437854359
AAPL,2026-03-28,pfcf_ex_sbc,31.636932612517324
MSFT,2026-03-31,pfcf_ex_sbc,45.40884434688674
AZO,2026-05-09,pfcf_ex_sbc,39.37139258636579
AAPL,2026-06-27,pfcf_ex_sbc,33.95537976465314
MSFT,2026-06-30,pfcf_ex_sbc,50.93470334760354
AAPL,2006-09-30,ev_ebitda,
MSFT,2007-06-30,ev_ebitda,
AZO,2007-08-25,ev_ebitda,
AAPL,2007-09-29,ev_ebitda,
AAPL,2008-06-28,ev_ebitda,
MSFT,2008-06-30,ev_ebitda,
AZO,2008-08-30,ev_ebitda,
AAPL,2008-09-27,ev_ebitda,
MSFT,2008-09-30,ev_ebitda,
AZO,2008-11-22,ev_ebitda,
AAPL,2008-12-27,ev_ebitda,
MSFT,2008-12-31,ev_ebitda,
AZO,2009-02-14,ev_ebitda,
AAPL,2009-03-28,ev_ebitda,
MSFT,2009-03-31,ev_ebitda,
AZO,2009-05-09,ev_ebitda,
AAPL,2009-06-27,ev_ebitda,
MSFT,2009-06-30,ev_ebitda,
AZO,2009-08-29,ev_ebitda,
AAPL,2009-09-26,ev_ebitda,
MSFT,2009-09-30,ev_ebitda,
AZO,2009-11-21,ev_ebitda,
AAPL,2009-12-26,ev_ebitda,
MSFT,2009-12-31,ev_ebitda,
AZO,2010-02-13,ev_ebitda,
AAPL,2010-03-27,ev_ebitda,
MSFT,2010-03-31,ev_ebitda,
AZO,2010-05-08,ev_ebitda,
AAPL,2010-06-26,ev_ebitda,
MSFT,2010-06-30,ev_ebitda,6.193606882416368
AZO,2010-08-28,ev_ebitda,8.843626190092388
AAPL,2010-09-25,ev_ebitda,
MSFT,2010-09-30,ev_ebitda,5.919737227385542
AZO,2010-11-20,ev_ebitda,9.115916226875653
AAPL,2010-12-25,ev_ebitda,
MSFT,2010-12-31,ev_ebitda,6.932809016531897
AZO,2011-02-12,ev_ebitda,9.174305919139641
AAPL,2011-03-26,ev_ebitda,
MSFT,2011-03-31,ev_ebitda,6.17510262515549
AZO,2011-05-07,ev_ebitda,9.252414784401786
AAPL,2011-06-25,ev_ebitda,
MSFT,2011-06-30,ev_ebitda,6.285725572908198
AZO,2011-08-27,ev_ebitda,9.67324164139295
AAPL,2011-09-24,ev_ebitda,
MSFT,2011-09-30,ev_ebitda,5.853440870395615
AZO,2011-11-19,ev_ebitda,9.642237262083375
MSFT,2011-12-31,ev_ebitda,6.248355799962595
AAPL,2011-12-31,ev_ebitda,
AZO,2012-02-11,ev_ebitda,9.974294742066675
MSFT,2012-03-31,ev_ebitda,7.806302476839152
AAPL,2012-03-31,ev_ebitda,
AZO,2012-05-05,ev_ebitda,10.502305206795207
AAPL,2012-06-30,ev_ebitda,
MSFT,2012-06-30,ev_ebitda,9.431187560612686
AZO,2012-08-25,ev_ebitda,9.850148185291438
AAPL,2012-09-29,ev_ebitda,8.888309826662008
MSFT,2012-09-30,ev_ebitda,10.14779557272061
AZO,2012-11-17,ev_ebitda,9.653182079193959
AAPL,2012-12-29,ev_ebitda,
MSFT,2012-12-31,ev_ebitda,9.303888631976065
AZO,2013-02-09,ev_ebitda,9.604932167967032
AAPL,2013-03-30,ev_ebitda,
MSFT,2013-03-31,ev_ebitda,9.44092556414466
AZO,2013-05-04,ev_ebitda,9.838324942293994
AAPL,2013-06-29,ev_ebitda,5.718908243196801
MSFT,2013-06-30,ev_ebitda,9.088119443865622
AZO,2013-08-31,ev_ebitda,9.701629031203112
AAPL,2013-09-28,ev_ebitda,7.000596744605635
MSFT,2013-09-30,ev_ebitda,8.441014443812499
AZO,2013-11-23,ev_ebitda,10.003241335652437
AAPL,2013-12-28,ev_ebitda,7.788670708732298
MSFT,2013-12-31,ev_ebitda,9.486190413085273
AZO,2014-02-15,ev_ebitda,11.040385647435023
AAPL,2014-03-29,ev_ebitda,7.090389767194811
MSFT,2014-03-31,ev_ebitda,10.581735559371483
AZO,2014-05-10,ev_ebitda,10.722966229630751
AAPL,2014-06-28,ev_ebitda,8.527077933451592
MSFT,2014-06-30,ev_ebitda,10.678790649922973
AZO,2014-08-30,ev_ebitda,10.798174764191513
AAPL,2014-09-27,ev_ebitda,9.243835402343201
MSFT,2014-09-30,ev_ebitda,12.01759104128696
AZO,2014-11-22,ev_ebitda,10.869865694123833
AAPL,2014-12-27,ev_ebitda,8.963111780963388
MSFT,2014-12-31,ev_ebitda,12.038972176721494
AZO,2015-02-14,ev_ebitda,11.428473628328192
AAPL,2015-03-28,ev_ebitda,9.111974856953141
MSFT,2015-03-31,ev_ebitda,10.991904242745797
AZO,2015-05-09,ev_ebitda,12.196974361744092
AAPL,2015-06-27,ev_ebitda,8.828462137382095
MSFT,2015-06-30,ev_ebitda,17.411378819327616
AZO,2015-08-29,ev_ebitda,12.53565962478484
AAPL,2015-09-26,ev_ebitda,7.641991990595544
MSFT,2015-09-30,ev_ebitda,17.305027608749537
AZO,2015-11-21,ev_ebitda,12.852791269856569
AAPL,2015-12-26,ev_ebitda,7.042288795358673
MSFT,2015-12-31,ev_ebitda,24.32744995676291
AZO,2016-02-13,ev_ebitda,11.851630836931067
AAPL,2016-03-26,ev_ebitda,7.392466589815732
MSFT,2016-03-31,ev_ebitda,26.326392198400743
AZO,2016-05-07,ev_ebitda,12.245242432282259
AAPL,2016-06-25,ev_ebitda,7.026058393952432
MSFT,2016-06-30,ev_ebitda,18.74314508167692
AZO,2016-08-27,ev_ebitda,11.76081624960848
AAPL,2016-09-24,ev_ebitda,8.87598825897462
MSFT,2016-09-30,ev_ebitda,20.39826654884101
AZO,2016-11-19,ev_ebitda,11.43223526857819
MSFT,2016-12-31,ev_ebitda,20.301493352679163
AAPL,2016-12-31,ev_ebitda,9.0114612760269
AZO,2017-02-11,ev_ebitda,11.169993231963698
MSFT,2017-03-31,ev_ebitda,20.728151914429898
AAPL,2017-04-01,ev_ebitda,11.073466074794476
AZO,2017-05-06,ev_ebitda,10.632417627280025
MSFT,2017-06-30,ev_ebitda,18.189798284432396
AAPL,2017-07-01,ev_ebitda,11.071355934346716
AZO,2017-08-26,ev_ebitda,8.399814451545225
AAPL,2017-09-30,ev_ebitda,11.713228630252543
MSFT,2017-09-30,ev_ebitda,18.707919531580156
AZO,2017-11-18,ev_ebitda,9.273060854623388
AAPL,2017-12-30,ev_ebitda,12.121124582879254
MSFT,2017-12-31,ev_ebitda,20.18995134519883
AZO,2018-02-10,ev_ebitda,11.10454100578024
MSFT,2018-03-31,ev_ebitda,20.84201092525421
AAPL,2018-03-31,ev_ebitda,11.301486483498023
AZO,2018-05-05,ev_ebitda,9.931787182900404
AAPL,2018-06-30,ev_ebitda,11.844034427391158
MSFT,2018-06-30,ev_ebitda,20.792102955172705
AZO,2018-08-25,ev_ebitda,12.031047717295008
AAPL,2018-09-29,ev_ebitda,13.98659886534754
MSFT,2018-09-30,ev_ebitda,22.411136565459515
AZO,2018-11-17,ev_ebitda,12.1729809426817
AAPL,2018-12-29,ev_ebitda,9.629085764295485
MSFT,2018-12-31,ev_ebitda,19.534742903796573
AZO,2019-02-09,ev_ebitda,11.496111674841535
AAPL,2019-03-30,ev_ebitda,11.814125247789951
MSFT,2019-03-31,ev_ebitda,21.333750818539
AZO,2019-05-04,ev_ebitda,13.096470546513865
AAPL,2019-06-29,ev_ebitda,12.010006678220487
MSFT,2019-06-30,ev_ebitda,23.085765550965156
AZO,2019-08-31,ev_ebitda,12.816472619498434
AAPL,2019-09-28,ev_ebitda,13.471486583161033
MSFT,2019-09-30,ev_ebitda,22.453386579057447
AZO,2019-11-23,ev_ebitda,12.917689001059747
AAPL,2019-12-28,ev_ebitda,16.732165895200183
MSFT,2019-12-31,ev_ebitda,23.671770324150522
AZO,2020-02-15,ev_ebitda,11.74065494287908
AAPL,2020-03-28,ev_ebitda,14.39751319374818
MSFT,2020-03-31,ev_ebitda,22.446788696815563
AZO,2020-05-09,ev_ebitda,11.72472489560528
AAPL,2020-06-27,ev_ebitda,19.81961548429283
MSFT,2020-06-30,ev_ebitda,28.150872751275116
AZO,2020-08-29,ev_ebitda,11.526458865301219
AAPL,2020-09-26,ev_ebitda,25.579205200800978
MSFT,2020-09-30,ev_ebitda,27.328139103120712
AZO,2020-11-21,ev_ebitda,10.367886345319365
AAPL,2020-12-26,ev_ebitda,26.60307317716953
MSFT,2020-12-31,ev_ebitda,26.986278071263094
AZO,2021-02-13,ev_ebitda,10.336325381726342
AAPL,2021-03-27,ev_ebitda,20.787035752289913
MSFT,2021-03-31,ev_ebitda,26.74030495913307
AZO,2021-05-08,ev_ebitda,11.517063960163833
AAPL,2021-06-26,ev_ebitda,20.346669677418017
MSFT,2021-06-30,ev_ebitda,28.28493357866753
AZO,2021-08-28,ev_ebitda,11.763191532557183
AAPL,2021-09-25,ev_ebitda,20.814694116828
MSFT,2021-09-30,ev_ebitda,27.474996520433187
AZO,2021-11-20,ev_ebitda,12.71586087045318
AAPL,2021-12-25,ev_ebitda,22.832835588577034
MSFT,2021-12-31,ev_ebitda,30.88078469968168
AZO,2022-02-12,ev_ebitda,12.83449216781481
AAPL,2022-03-26,ev_ebitda,22.12569371996852
MSFT,2022-03-31,ev_ebitda,27.22527018110592
AZO,2022-05-07,ev_ebitda,12.808599461442212
AAPL,2022-06-25,ev_ebitda,18.058204312777015
MSFT,2022-06-30,ev_ebitda,22.36706004969979
AZO,2022-08-27,ev_ebitda,13.664306477687136
AAPL,2022-09-24,ev_ebitda,19.130760819729932
MSFT,2022-09-30,ev_ebitda,19.759296133826687
AZO,2022-11-19,ev_ebitda,14.746494133857357
MSFT,2022-12-31,ev_ebitda,20.838162996767217
AAPL,2022-12-31,ev_ebitda,16.98002112028576
AZO,2023-02-11,ev_ebitda,14.776158140308077
MSFT,2023-03-31,ev_ebitda,24.28041257360023
AAPL,2023-04-01,ev_ebitda,21.459297003752045
AZO,2023-05-06,ev_ebitda,15.17417342364823
MSFT,2023-06-30,ev_ebitda,27.453108253562842
AAPL,2023-07-01,ev_ebitda,24.964049645556116
AZO,2023-08-26,ev_ebitda,13.672156443776975
AAPL,2023-09-30,ev_ebitda,21.845341591519496
MSFT,2023-09-30,ev_ebitda,23.571081752583158
AZO,2023-11-18,ev_ebitda,13.69276975577846
AAPL,2023-12-30,ev_ebitda,23.293115626879903
MSFT,2023-12-31,ev_ebitda,26.8575407852666
AZO,2024-02-10,ev_ebitda,13.393107139483876
AAPL,2024-03-30,ev_ebitda,20.79363207619283
MSFT,2024-03-31,ev_ebitda,28.39322740846603
AZO,2024-05-04,ev_ebitda,14.408614089314659
AAPL,2024-06-29,ev_ebitda,24.871610106577776
MSFT,2024-06-30,ev_ebitda,29.02048737674351
AZO,2024-08-31,ev_ebitda,15.079468487407905
AAPL,2024-09-28,ev_ebitda,26.36556912243196
MSFT,2024-09-30,ev_ebitda,25.91116541573887
AZO,2024-11-23,ev_ebitda,14.410181906601084
AAPL,2024-12-28,ev_ebitda,28.48394227184145
MSFT,2024-12-31,ev_ebitda,23.5415380785388
AZO,2025-02-15,ev_ebitda,15.841885855868352
AAPL,2025-03-29,ev_ebitda,23.962134841519745
MSFT,2025-03-31,ev_ebitda,19.407869126754726
AZO,2025-05-10,ev_ebitda,16.66210901235566
AAPL,2025-06-28,ev_ebitda,21.520956641739733
MSFT,2025-06-30,ev_ebitda,23.63164339375989
AZO,2025-08-30,ev_ebitda,19.174434340712427
AAPL,2025-09-27,ev_ebitda,26.784841885866964
MSFT,2025-09-30,ev_ebitda,23.188089795766416
AZO,2025-11-22,ev_ebitda,17.946818878283654
AAPL,2025-12-27,ev_ebitda,26.715315087308305
MSFT,2025-12-31,ev_ebitda,20.57365701243703
AZO,2026-02-14,ev_ebitda,17.689668534131197
AAPL,2026-03-28,ev_ebitda,23.113171601995717
MSFT,2026-03-31,ev_ebitda,14.944524529806298
AZO,2026-05-09,ev_ebitda,15.882206933919445
AAPL,2026-06-27,ev_ebitda,25.116169644483172
MSFT,2026-06-30,ev_ebitda,14.405270113868674
AAPL,2006-09-30,ev_sales,
AMT,2006-12-31,ev_sales,
MSFT,2007-06-30,ev_sales,
AZO,2007-08-25,ev_sales,
AAPL,2007-09-29,ev_sales,
O,2007-12-31,ev_sales,
AMT,2007-12-31,ev_sales,
AAPL,2008-06-28,ev_sales,
AMT,2008-06-30,ev_sales,
MSFT,2008-06-30,ev_sales,
AZO,2008-08-30,ev_sales,
AAPL,2008-09-27,ev_sales,
AMT,2008-09-30,ev_sales,
MSFT,2008-09-30,ev_sales,
AZO,2008-11-22,ev_sales,
AAPL,2008-12-27,ev_sales,
AMT,2008-12-31,ev_sales,
O,2008-12-31,ev_sales,
MSFT,2008-12-31,ev_sales,
AZO,2009-02-14,ev_sales,
AAPL,2009-03-28,ev_sales,
MSFT,2009-03-31,ev_sales,
AMT,2009-03-31,ev_sales,
AZO,2009-05-09,ev_sales,
AAPL,2009-06-27,ev_sales,
MSFT,2009-06-30,ev_sales,2.655547109079334
AMT,2009-06-30,ev_sales,
O,2009-06-30,ev_sales,
AZO,2009-08-29,ev_sales,1.6057635982518508
AAPL,2009-09-26,ev_sales,
O,2009-09-30,ev_sales,
MSFT,2009-09-30,ev_sales,2.9499004574954992
AMT,2009-09-30,ev_sales,
AZO,2009-11-21,ev_sales,1.4654591101671859
AAPL,2009-12-26,ev_sales,
O,2009-12-31,ev_sales,
AMT,2009-12-31,ev_sales,9.57210684410563
MSFT,2009-12-31,ev_sales,3.3620122086892317
AZO,2010-02-13,ev_sales,1.5376135527976011
AAPL,2010-03-27,ev_sales,
O,2010-03-31,ev_sales,
MSFT,2010-03-31,ev_sales,3.1896597254777586
AMT,2010-03-31,ev_sales,9.157262299725977
AZO,2010-05-08,ev_sales,1.575952604179337
AAPL,2010-06-26,ev_sales,
O,2010-06-30,ev_sales,
AMT,2010-06-30,ev_sales,9.23441030343659
MSFT,2010-06-30,ev_sales,2.4587481390169965
AZO,2010-08-28,ev_sales,1.8155394316359026
AAPL,2010-09-25,ev_sales,
MSFT,2010-09-30,ev_sales,2.467854990975338
O,2010-09-30,ev_sales,
AMT,2010-09-30,ev_sales,10.121003343077147
AZO,2010-11-20,ev_sales,1.8785036397362926
AAPL,2010-12-25,ev_sales,
AMT,2010-12-31,ev_sales,9.868223401426532
MSFT,2010-12-31,ev_sales,2.8091962521178804
O,2010-12-31,ev_sales,
AZO,2011-02-12,ev_sales,1.9013230412161228
AAPL,2011-03-26,ev_sales,
AMT,2011-03-31,ev_sales,9.533602299523645
O,2011-03-31,ev_sales,
MSFT,2011-03-31,ev_sales,2.4769707724572547
AZO,2011-05-07,ev_sales,1.92545465125658
AAPL,2011-06-25,ev_sales,
MSFT,2011-06-30,ev_sales,2.489198732087718
O,2011-06-30,ev_sales,
AMT,2011-06-30,ev_sales,8.828081428502529
AZO,2011-08-27,ev_sales,2.0262147993975472
AAPL,2011-09-24,ev_sales,
MSFT,2011-09-30,ev_sales,2.2855744231002
AMT,2011-09-30,ev_sales,8.571153795943113
O,2011-09-30,ev_sales,
AZO,2011-11-19,ev_sales,2.0330895522483696
MSFT,2011-12-31,ev_sales,2.3959025986976985
AAPL,2011-12-31,ev_sales,
O,2011-12-31,ev_sales,
AMT,2011-12-31,ev_sales,9.874310980504548
AZO,2012-02-11,ev_sales,2.1056400424717587
MSFT,2012-03-31,ev_sales,3.0221082817936678
AMT,2012-03-31,ev_sales,9.6236336241176
AAPL,2012-03-31,ev_sales,
O,2012-03-31,ev_sales,
AZO,2012-05-05,ev_sales,2.229760305969224
AAPL,2012-06-30,ev_sales,
AMT,2012-06-30,ev_sales,10.119476159493727
O,2012-06-30,ev_sales,
MSFT,2012-06-30,ev_sales,2.855466239035793
AZO,2012-08-25,ev_sales,2.107354415410247
AAPL,2012-09-29,ev_sales,3.3233196669602023
MSFT,2012-09-30,ev_sales,2.874266784545239
O,2012-09-30,ev_sales,
AMT,2012-09-30,ev_sales,10.051866994841376
AZO,2012-11-17,ev_sales,2.0764880238415975
AAPL,2012-12-29,ev_sales,
AMT,2012-12-31,ev_sales,10.733642402414363
O,2012-12-31,ev_sales,
MSFT,2012-12-31,ev_sales,2.5916426375784143
AZO,2013-02-09,ev_sales,2.0779396170381608
AAPL,2013-03-30,ev_sales,
MSFT,2013-03-31,ev_sales,2.682538419386365
O,2013-03-31,ev_sales,
AMT,2013-03-31,ev_sales,10.3325438549375
AZO,2013-05-04,ev_sales,2.142183775845758
AAPL,2013-06-29,ev_sales,1.8860473526653379
MSFT,2013-06-30,ev_sales,3.2107098236924845
AMT,2013-06-30,ev_sales,9.652351002663723
O,2013-06-30,ev_sales,
AZO,2013-08-31,ev_sales,2.121516325096401
AAPL,2013-09-28,ev_sales,2.2838059334868164
O,2013-09-30,ev_sales,
MSFT,2013-09-30,ev_sales,2.994632883369737
AMT,2013-09-30,ev_sales,9.519869493397954
AZO,2013-11-23,ev_sales,2.190823518773938
AAPL,2013-12-28,ev_sales,2.5321058361271924
MSFT,2013-12-31,ev_sales,3.260753596980482
AMT,2013-12-31,ev_sales,11.225370796771022
O,2013-12-31,ev_sales,
AZO,2014-02-15,ev_sales,2.4134758615132172
AAPL,2014-03-29,ev_sales,2.327884094612004
MSFT,2014-03-31,ev_sales,3.557927187731129
AMT,2014-03-31,ev_sales,10.697584505216804
O,2014-03-31,ev_sales,
AZO,2014-05-10,ev_sales,2.342406945613225
AAPL,2014-06-28,ev_sales,2.8302332048742906
AMT,2014-06-30,ev_sales,10.445238480332115
MSFT,2014-06-30,ev_sales,3.517742422240355
O,2014-06-30,ev_sales,
AZO,2014-08-30,ev_sales,2.3720897441506144
AAPL,2014-09-27,ev_sales,3.056870298620007
MSFT,2014-09-30,ev_sales,3.7198650199815515
AMT,2014-09-30,ev_sales,10.209477978673316
O,2014-09-30,ev_sales,
AZO,2014-11-22,ev_sales,2.3805019612474747
AAPL,2014-12-27,ev_sales,3.035390552729358
AMT,2014-12-31,ev_sales,10.51278180993765
MSFT,2014-12-31,ev_sales,3.6448240751600536
O,2014-12-31,ev_sales,
AZO,2015-02-14,ev_sales,2.4933498762041157
AAPL,2015-03-28,ev_sales,3.1326117817639285
MSFT,2015-03-31,ev_sales,3.2593474366690995
O,2015-03-31,ev_sales,
AMT,2015-03-31,ev_sales,10.399025520468602
AZO,2015-05-09,ev_sales,2.6685139540419036
AAPL,2015-06-27,ev_sales,3.0648167836655573
MSFT,2015-06-30,ev_sales,3.6138193076277014
AMT,2015-06-30,ev_sales,10.64258316582386
O,2015-06-30,ev_sales,
AZO,2015-08-29,ev_sales,2.735395874857183
AAPL,2015-09-26,ev_sales,2.697152486268552
AMT,2015-09-30,ev_sales,10.00380818165981
MSFT,2015-09-30,ev_sales,3.6689144896048678
O,2015-09-30,ev_sales,
AZO,2015-11-21,ev_sales,2.813600947304256
AAPL,2015-12-26,ev_sales,2.48114002270984
MSFT,2015-12-31,ev_sales,4.808927372135186
O,2015-12-31,ev_sales,
AMT,2015-12-31,ev_sales,10.10752035626468
AZO,2016-02-13,ev_sales,2.600486273621351
AAPL,2016-03-26,ev_sales,2.550349802743997
MSFT,2016-03-31,ev_sales,4.844654891009248
AMT,2016-03-31,ev_sales,10.071764059737456
O,2016-03-31,ev_sales,
AZO,2016-05-07,ev_sales,2.6944948921978855
AAPL,2016-06-25,ev_sales,2.359008801811764
MSFT,2016-06-30,ev_sales,4.648440575812045
AMT,2016-06-30,ev_sales,10.62516514635287
O,2016-06-30,ev_sales,
AZO,2016-08-27,ev_sales,2.6072210611527535
AAPL,2016-09-24,ev_sales,2.9030675152325
AMT,2016-09-30,ev_sales,10.108433317137587
MSFT,2016-09-30,ev_sales,5.178641062613126
O,2016-09-30,ev_sales,
AZO,2016-11-19,ev_sales,2.5432340920066867
MSFT,2016-12-31,ev_sales,5.480551400701327
AMT,2016-12-31,ev_sales,9.16772134213476
AAPL,2016-12-31,ev_sales,2.881694422298372
O,2016-12-31,ev_sales,
AZO,2017-02-11,ev_sales,2.4831955254040623
MSFT,2017-03-31,ev_sales,5.82823664333446
O,2017-03-31,ev_sales,
AMT,2017-03-31,ev_sales,9.393892272142184
AAPL,2017-04-01,ev_sales,3.5017562944442537
AZO,2017-05-06,ev_sales,2.358139469280937
O,2017-06-30,ev_sales,
MSFT,2017-06-30,ev_sales,5.785188767932989
AMT,2017-06-30,ev_sales,9.758848493635382
AAPL,2017-07-01,ev_sales,3.477634323429448
AZO,2017-08-26,ev_sales,1.8538307232943072
AAPL,2017-09-30,ev_sales,3.6535049787190688
AMT,2017-09-30,ev_sales,9.972977211687528
O,2017-09-30,ev_sales,
MSFT,2017-09-30,ev_sales,6.04653178032419
AZO,2017-11-18,ev_sales,2.0375082197575933
AAPL,2017-12-30,ev_sales,3.7590406011074933
AMT,2017-12-31,ev_sales,10.179576800724229
MSFT,2017-12-31,ev_sales,6.5298076779320215
O,2017-12-31,ev_sales,
AZO,2018-02-10,ev_sales,2.2408947949252407
MSFT,2018-03-31,ev_sales,6.819912264038132
AAPL,2018-03-31,ev_sales,3.4887858741986686
AMT,2018-03-31,ev_sales,10.069239225207077
O,2018-03-31,ev_sales,
AZO,2018-05-05,ev_sales,2.0151675732557037
AAPL,2018-06-30,ev_sales,3.6437222579906683
O,2018-06-30,ev_sales,
AMT,2018-06-30,ev_sales,10.021751885582896
MSFT,2018-06-30,ev_sales,7.016675338523895
AZO,2018-08-25,ev_sales,2.3115619564916132
AAPL,2018-09-29,ev_sales,4.30775343581127
O,2018-09-30,ev_sales,
MSFT,2018-09-30,ev_sales,7.70071976236261
AMT,2018-09-30,ev_sales,9.953802442843722
AZO,2018-11-17,ev_sales,2.3533262231273624
AAPL,2018-12-29,ev_sales,2.9269826584180767
O,2018-12-31,ev_sales,13.293110437518528
AMT,2018-12-31,ev_sales,10.00201464482138
MSFT,2018-12-31,ev_sales,6.766142727380557
AZO,2019-02-09,ev_sales,2.4177024266904903
AAPL,2019-03-30,ev_sales,3.535005289528855
AMT,2019-03-31,ev_sales,11.934583067346093
MSFT,2019-03-31,ev_sales,7.497562393370892
O,2019-03-31,ev_sales,15.061849222567906
AZO,2019-05-04,ev_sales,2.7325683198182467
AAPL,2019-06-29,ev_sales,3.5489779765759986
AMT,2019-06-30,ev_sales,12.130216417715598
O,2019-06-30,ev_sales,14.964561201507353
MSFT,2019-06-30,ev_sales,8.232454843456628
AZO,2019-08-31,ev_sales,2.7937719925110107
AAPL,2019-09-28,ev_sales,3.9598840753511357
MSFT,2019-09-30,ev_sales,8.213282555861024
AMT,2019-09-30,ev_sales,12.744352894719531
O,2019-09-30,ev_sales,16.015606233745768
AZO,2019-11-23,ev_sales,2.801343914044221
AAPL,2019-12-28,ev_sales,4.88313987776188
MSFT,2019-12-31,ev_sales,8.992518489980204
AMT,2019-12-31,ev_sales,13.81519707062942
O,2019-12-31,ev_sales,15.071301989935897
AZO,2020-02-15,ev_sales,2.547186699431916
AAPL,2020-03-28,ev_sales,4.153278618419601
AMT,2020-03-31,ev_sales,13.053599298378856
O,2020-03-31,ev_sales,11.486130074441157
MSFT,2020-03-31,ev_sales,8.667727301740083
AZO,2020-05-09,ev_sales,2.496888987496167
AAPL,2020-06-27,ev_sales,5.693588149161062
MSFT,2020-06-30,ev_sales,10.739514158022377
O,2020-06-30,ev_sales,13.224216449033696
AMT,2020-06-30,ev_sales,14.957500735289589
AZO,2020-08-29,ev_sales,2.568772580991212
AAPL,2020-09-26,ev_sales,7.2068850410751715
O,2020-09-30,ev_sales,13.171759474701654
AMT,2020-09-30,ev_sales,14.435033054505752
MSFT,2020-09-30,ev_sales,10.718261335501461
AZO,2020-11-21,ev_sales,2.3381047380096884
AAPL,2020-12-26,ev_sales,7.70221533885658
AMT,2020-12-31,ev_sales,13.87171230944189
MSFT,2020-12-31,ev_sales,10.857609021234685
O,2020-12-31,ev_sales,14.007341598089566
AZO,2021-02-13,ev_sales,2.3217789716281416
AAPL,2021-03-27,ev_sales,6.376532420402755
AMT,2021-03-31,ev_sales,14.186696946425167
O,2021-03-31,ev_sales,14.635792606783236
MSFT,2021-03-31,ev_sales,10.998078530722834
AZO,2021-05-08,ev_sales,2.682567179984025
AAPL,2021-06-26,ev_sales,6.50187322857043
O,2021-06-30,ev_sales,14.902653635873628
MSFT,2021-06-30,ev_sales,12.028601816133886
AMT,2021-06-30,ev_sales,15.77358461776178
AZO,2021-08-28,ev_sales,2.6954069846784123
AAPL,2021-09-25,ev_sales,6.841161339545677
MSFT,2021-09-30,ev_sales,11.831718605289495
AMT,2021-09-30,ev_sales,14.653728618690653
O,2021-09-30,ev_sales,14.874680685721152
AZO,2021-11-20,ev_sales,2.9400441105743744
AAPL,2021-12-25,ev_sales,7.738309628270472
AMT,2021-12-31,ev_sales,16.163106093748983
O,2021-12-31,ev_sales,17.11043641435789
MSFT,2021-12-31,ev_sales,13.413967677696052
AZO,2022-02-12,ev_sales,3.0037468734744426
AAPL,2022-03-26,ev_sales,7.487669904212425
MSFT,2022-03-31,ev_sales,11.838567787897505
O,2022-03-31,ev_sales,18.666020089356635
AMT,2022-03-31,ev_sales,13.734512329279553
AZO,2022-05-07,ev_sales,2.9491815321899484
AAPL,2022-06-25,ev_sales,6.036937354275024
MSFT,2022-06-30,ev_sales,9.630685007529486
AMT,2022-06-30,ev_sales,13.466398022308441
O,2022-06-30,ev_sales,16.62795708358145
AZO,2022-08-27,ev_sales,3.121719969703938
AAPL,2022-09-24,ev_sales,6.333176056907867
AMT,2022-09-30,ev_sales,11.55102775936757
O,2022-09-30,ev_sales,13.488692011994017
MSFT,2022-09-30,ev_sales,8.449963380258746
AZO,2022-11-19,ev_sales,3.2852739696201896
MSFT,2022-12-31,ev_sales,8.697151314544401
AAPL,2022-12-31,ev_sales,5.489521996914778
AMT,2022-12-31,ev_sales,11.156014390598141
O,2022-12-31,ev_sales,13.768930629067118
AZO,2023-02-11,ev_sales,3.2793465288676407
AMT,2023-03-31,ev_sales,11.107527945899415
O,2023-03-31,ev_sales,14.394097850250253
MSFT,2023-03-31,ev_sales,10.20850812137245
AAPL,2023-04-01,ev_sales,6.898047124736644
AZO,2023-05-06,ev_sales,3.400346809355617
MSFT,2023-06-30,ev_sales,11.788843881151493
AMT,2023-06-30,ev_sales,11.054870415816577
O,2023-06-30,ev_sales,13.608695658004317
AAPL,2023-07-01,ev_sales,8.05991853243717
AZO,2023-08-26,ev_sales,3.1104541078088004
AMT,2023-09-30,ev_sales,10.000019282603013
O,2023-09-30,ev_sales,12.184733451625412
AAPL,2023-09-30,ev_sales,7.171115172900016
MSFT,2023-09-30,ev_sales,10.406215287041203
AZO,2023-11-18,ev_sales,3.1848045715106523
AAPL,2023-12-30,ev_sales,7.857393924641352
MSFT,2023-12-31,ev_sales,12.235609365186445
O,2023-12-31,ev_sales,12.962764236910388
AMT,2023-12-31,ev_sales,12.625193197493028
AZO,2024-02-10,ev_sales,3.1492173942694572
AAPL,2024-03-30,ev_sales,7.063142767613064
O,2024-03-31,ev_sales,13.837921444077004
MSFT,2024-03-31,ev_sales,13.165219373473718
AMT,2024-03-31,ev_sales,11.860795625321588
AZO,2024-05-04,ev_sales,3.4046087677734174
AAPL,2024-06-29,ev_sales,8.499948525957853
O,2024-06-30,ev_sales,13.181048643960814
MSFT,2024-06-30,ev_sales,13.516697902739981
AMT,2024-06-30,ev_sales,11.78518443537003
AZO,2024-08-31,ev_sales,3.5381702467636034
AAPL,2024-09-28,ev_sales,9.079529718812408
AMT,2024-09-30,ev_sales,13.227881969310236
MSFT,2024-09-30,ev_sales,12.5677154258879
O,2024-09-30,ev_sales,14.480678975900101
AZO,2024-11-23,ev_sales,3.369130807566755
AAPL,2024-12-28,ev_sales,9.885603494344974
O,2024-12-31,ev_sales,12.201654664032878
AMT,2024-12-31,ev_sales,11.075020047667016
MSFT,2024-12-31,ev_sales,11.987479021505129
AZO,2025-02-15,ev_sales,3.665482640961493
AAPL,2025-03-29,ev_sales,8.311209785302651
MSFT,2025-03-31,ev_sales,10.323885199347362
AMT,2025-03-31,ev_sales,12.629782546586867
O,2025-03-31,ev_sales,13.075600275701845
AZO,2025-05-10,ev_sales,3.7922472915683465
AAPL,2025-06-28,ev_sales,7.462669861873241
AMT,2025-06-30,ev_sales,12.95140623426469
MSFT,2025-06-30,ev_sales,13.12153282219148
O,2025-06-30,ev_sales,13.360608912191122
AZO,2025-08-30,ev_sales,4.275920003931604
AAPL,2025-09-27,ev_sales,9.31623168267923
O,2025-09-30,ev_sales,13.808192928132783
MSFT,2025-09-30,ev_sales,13.127568963685617
AMT,2025-09-30,ev_sales,11.527511236557554
AZO,2025-11-22,ev_sales,3.89073738811251
AAPL,2025-12-27,ev_sales,9.377102150466154
O,2025-12-31,ev_sales,12.919318199270675
MSFT,2025-12-31,ev_sales,11.811230926014625
AMT,2025-12-31,ev_sales,10.622542757001654
AZO,2026-02-14,ev_sales,3.7804898577248616
AAPL,2026-03-28,ev_sales,8.190537743942448
MSFT,2026-03-31,ev_sales,8.665883105533492
O,2026-03-31,ev_sales,13.642682249902403
AMT,2026-03-31,ev_sales,10.03840139542288
AZO,2026-05-09,ev_sales,3.3884066334583314
AAPL,2026-06-27,ev_sales,9.036587180404027
MSFT,2026-06-30,ev_sales,8.43625064600272
O,2026-06-30,ev_sales,13.576867927703537
AAPL,2006-09-30,dividend_yield,
AMT,2006-12-31,dividend_yield,
JPM,2006-12-31,dividend_yield,
BAC,2006-12-31,dividend_yield,
AFL,2006-12-31,dividend_yield,
MSFT,2007-06-30,dividend_yield,
AZO,2007-08-25,dividend_yield,
AAPL,2007-09-29,dividend_yield,
JPM,2007-12-31,dividend_yield,
BAC,2007-12-31,dividend_yield,
AFL,2007-12-31,dividend_yield,
O,2007-12-31,dividend_yield,
AMT,2007-12-31,dividend_yield,
AAPL,2008-06-28,dividend_yield,
JPM,2008-06-30,dividend_yield,
BAC,2008-06-30,dividend_yield,
AMT,2008-06-30,dividend_yield,
AFL,2008-06-30,dividend_yield,
MSFT,2008-06-30,dividend_yield,
AZO,2008-08-30,dividend_yield,
AAPL,2008-09-27,dividend_yield,
JPM,2008-09-30,dividend_yield,
AMT,2008-09-30,dividend_yield,
MSFT,2008-09-30,dividend_yield,
AFL,2008-09-30,dividend_yield,
BAC,2008-09-30,dividend_yield,
AZO,2008-11-22,dividend_yield,
AAPL,2008-12-27,dividend_yield,
AFL,2008-12-31,dividend_yield,
AMT,2008-12-31,dividend_yield,
BAC,2008-12-31,dividend_yield,
O,2008-12-31,dividend_yield,
MSFT,2008-12-31,dividend_yield,
JPM,2008-12-31,dividend_yield,
AZO,2009-02-14,dividend_yield,
AAPL,2009-03-28,dividend_yield,
AFL,2009-03-31,dividend_yield,
BAC,2009-03-31,dividend_yield,
MSFT,2009-03-31,dividend_yield,
AMT,2009-03-31,dividend_yield,
JPM,2009-03-31,dividend_yield,
AZO,2009-05-09,dividend_yield,
AAPL,2009-06-27,dividend_yield,
MSFT,2009-06-30,dividend_yield,0.029698777679022632
BAC,2009-06-30,dividend_yield,
AFL,2009-06-30,dividend_yield,
AMT,2009-06-30,dividend_yield,
JPM,2009-06-30,dividend_yield,
O,2009-06-30,dividend_yield,
AZO,2009-08-29,dividend_yield,
AAPL,2009-09-26,dividend_yield,
O,2009-09-30,dividend_yield,
MSFT,2009-09-30,dividend_yield,0.027293645869863967
AMT,2009-09-30,dividend_yield,
BAC,2009-09-30,dividend_yield,
JPM,2009-09-30,dividend_yield,
AFL,2009-09-30,dividend_yield,
AZO,2009-11-21,dividend_yield,
AAPL,2009-12-26,dividend_yield,
O,2009-12-31,dividend_yield,
AFL,2009-12-31,dividend_yield,
BAC,2009-12-31,dividend_yield,0.0034617459404603047
JPM,2009-12-31,dividend_yield,0.007314144900670161
AMT,2009-12-31,dividend_yield,
MSFT,2009-12-31,dividend_yield,0.02292989726323786
AZO,2010-02-13,dividend_yield,
AAPL,2010-03-27,dividend_yield,
BAC,2010-03-31,dividend_yield,0.0029188920677654428
O,2010-03-31,dividend_yield,
JPM,2010-03-31,dividend_yield,0.00680256759662952
AFL,2010-03-31,dividend_yield,
MSFT,2010-03-31,dividend_yield,0.0237504381939232
AMT,2010-03-31,dividend_yield,
AZO,2010-05-08,dividend_yield,
AAPL,2010-06-26,dividend_yield,
BAC,2010-06-30,dividend_yield,0.0036234162848921836
O,2010-06-30,dividend_yield,
AFL,2010-06-30,dividend_yield,
AMT,2010-06-30,dividend_yield,
JPM,2010-06-30,dividend_yield,0.008305780760865269
MSFT,2010-06-30,dividend_yield,0.030096717376197155
AZO,2010-08-28,dividend_yield,
AAPL,2010-09-25,dividend_yield,
MSFT,2010-09-30,dividend_yield,0.029750596464801486
BAC,2010-09-30,dividend_yield,0.0039715042028232945
AFL,2010-09-30,dividend_yield,
O,2010-09-30,dividend_yield,
AMT,2010-09-30,dividend_yield,
JPM,2010-09-30,dividend_yield,0.00797843961097559
AZO,2010-11-20,dividend_yield,
AAPL,2010-12-25,dividend_yield,
BAC,2010-12-31,dividend_yield,0.003896490189387841
AMT,2010-12-31,dividend_yield,
JPM,2010-12-31,dividend_yield,0.0071491788789904585
MSFT,2010-12-31,dividend_yield,0.027360855213877704
AFL,2010-12-31,dividend_yield,
O,2010-12-31,dividend_yield,
AZO,2011-02-12,dividend_yield,
AAPL,2011-03-26,dividend_yield,
AMT,2011-03-31,dividend_yield,
O,2011-03-31,dividend_yield,
BAC,2011-03-31,dividend_yield,0.0038966147152597707
JPM,2011-03-31,dividend_yield,0.013141873189676814
MSFT,2011-03-31,dividend_yield,0.031446279988157584
AFL,2011-03-31,dividend_yield,
AZO,2011-05-07,dividend_yield,
AAPL,2011-06-25,dividend_yield,
MSFT,2011-06-30,dividend_yield,0.0320089349892343
O,2011-06-30,dividend_yield,
AFL,2011-06-30,dividend_yield,
AMT,2011-06-30,dividend_yield,
BAC,2011-06-30,dividend_yield,0.004735187945902649
JPM,2011-06-30,dividend_yield,0.022077656202922576
AZO,2011-08-27,dividend_yield,
AAPL,2011-09-24,dividend_yield,
MSFT,2011-09-30,dividend_yield,0.03530338669700741
AMT,2011-09-30,dividend_yield,
O,2011-09-30,dividend_yield,
AFL,2011-09-30,dividend_yield,
BAC,2011-09-30,dividend_yield,0.008469565185784842
JPM,2011-09-30,dividend_yield,0.03976713356635653
AZO,2011-11-19,dividend_yield,
JPM,2011-12-31,dividend_yield,0.04463661701357255
MSFT,2011-12-31,dividend_yield,0.035571466977783725
AAPL,2011-12-31,dividend_yield,
O,2011-12-31,dividend_yield,
AMT,2011-12-31,dividend_yield,0.00808526369080324
BAC,2011-12-31,dividend_yield,0.009304267995848655
AFL,2011-12-31,dividend_yield,
AZO,2012-02-11,dividend_yield,
MSFT,2012-03-31,dividend_yield,0.03001743978528046
AMT,2012-03-31,dividend_yield,0.012318542699256174
AAPL,2012-03-31,dividend_yield,
AFL,2012-03-31,dividend_yield,
JPM,2012-03-31,dividend_yield,0.03365025562163121
BAC,2012-03-31,dividend_yield,0.00539895501621693
O,2012-03-31,dividend_yield,
AZO,2012-05-05,dividend_yield,
BAC,2012-06-30,dividend_yield,0.006307891368658324
AAPL,2012-06-30,dividend_yield,
AMT,2012-06-30,dividend_yield,0.015367031294141574
O,2012-06-30,dividend_yield,
AFL,2012-06-30,dividend_yield,
JPM,2012-06-30,dividend_yield,0.045070672616624494
MSFT,2012-06-30,dividend_yield,0.033105079540752015
AZO,2012-08-25,dividend_yield,
AAPL,2012-09-29,dividend_yield,0.018947264108371466
MSFT,2012-09-30,dividend_yield,0.0350720967874659
O,2012-09-30,dividend_yield,
AMT,2012-09-30,dividend_yield,0.019422444302098926
AFL,2012-09-30,dividend_yield,
JPM,2012-09-30,dividend_yield,0.041246362397960895
BAC,2012-09-30,dividend_yield,0.005836248057073089
AZO,2012-11-17,dividend_yield,
AAPL,2012-12-29,dividend_yield,0.04938187037303147
AMT,2012-12-31,dividend_yield,0.01593974276523421
BAC,2012-12-31,dividend_yield,0.004434286241081456
O,2012-12-31,dividend_yield,
AFL,2012-12-31,dividend_yield,
MSFT,2012-12-31,dividend_yield,0.04015938071812528
JPM,2012-12-31,dividend_yield,0.03933301640801242
AZO,2013-02-09,dividend_yield,
AAPL,2013-03-30,dividend_yield,0.08477848510638299
AFL,2013-03-31,dividend_yield,
BAC,2013-03-31,dividend_yield,0.004222971217815016
MSFT,2013-03-31,dividend_yield,0.03848165253866525
O,2013-03-31,dividend_yield,
AMT,2013-03-31,dividend_yield,0.016901835546366116
JPM,2013-03-31,dividend_yield,0.03619201743994004
AZO,2013-05-04,dividend_yield,
AAPL,2013-06-29,dividend_yield,0.13030676732344526
JPM,2013-06-30,dividend_yield,0.03449138353546417
MSFT,2013-06-30,dividend_yield,0.03271992926696146
BAC,2013-06-30,dividend_yield,0.003996678632964358
AMT,2013-06-30,dividend_yield,0.018573272226353254
AFL,2013-06-30,dividend_yield,
O,2013-06-30,dividend_yield,
AZO,2013-08-31,dividend_yield,
AAPL,2013-09-28,dividend_yield,0.11036955660459886
JPM,2013-09-30,dividend_yield,0.037156031724526056
AFL,2013-09-30,dividend_yield,
O,2013-09-30,dividend_yield,
MSFT,2013-09-30,dividend_yield,0.035553765840377546
AMT,2013-09-30,dividend_yield,0.019178238531933667
BAC,2013-09-30,dividend_yield,0.0037218283163576787
AZO,2013-11-23,dividend_yield,
AAPL,2013-12-28,dividend_yield,0.09803711198415109
AFL,2013-12-31,dividend_yield,
MSFT,2013-12-31,dividend_yield,0.03300869650236319
AMT,2013-12-31,dividend_yield,
O,2013-12-31,dividend_yield,
BAC,2013-12-31,dividend_yield,0.0032966077189890415
JPM,2013-12-31,dividend_yield,0.03451947375014745
AZO,2014-02-15,dividend_yield,
AAPL,2014-03-29,dividend_yield,0.10525905564598251
AFL,2014-03-31,dividend_yield,
MSFT,2014-03-31,dividend_yield,0.031367320868968054
BAC,2014-03-31,dividend_yield,0.002982412790480635
AMT,2014-03-31,dividend_yield,
O,2014-03-31,dividend_yield,
JPM,2014-03-31,dividend_yield,0.034870730881056834
AZO,2014-05-10,dividend_yield,
AAPL,2014-06-28,dividend_yield,0.08876674753463673
AFL,2014-06-30,dividend_yield,
AMT,2014-06-30,dividend_yield,
MSFT,2014-06-30,dividend_yield,0.03204795470866561
BAC,2014-06-30,dividend_yield,0.0033353616545502836
O,2014-06-30,dividend_yield,
JPM,2014-06-30,dividend_yield,0.0369910441196683
AZO,2014-08-30,dividend_yield,
AAPL,2014-09-27,dividend_yield,0.08199025624550019
MSFT,2014-09-30,dividend_yield,0.029414994382217074
BAC,2014-09-30,dividend_yield,0.005994952398682607
AMT,2014-09-30,dividend_yield,
AFL,2014-09-30,dividend_yield,
O,2014-09-30,dividend_yield,
JPM,2014-09-30,dividend_yield,0.03559289514898035
AZO,2014-11-22,dividend_yield,
AAPL,2014-12-27,dividend_yield,0.07334351089162322
BAC,2014-12-31,dividend_yield,0.008545217337506798
AMT,2014-12-31,dividend_yield,
JPM,2014-12-31,dividend_yield,0.03446902167694098
MSFT,2014-12-31,dividend_yield,0.0299350560180433
O,2014-12-31,dividend_yield,
AFL,2014-12-31,dividend_yield,
AZO,2015-02-14,dividend_yield,
AAPL,2015-03-28,dividend_yield,0.06866209765237075
JPM,2015-03-31,dividend_yield,0.035827231300719534
BAC,2015-03-31,dividend_yield,0.013203149764932342
MSFT,2015-03-31,dividend_yield,0.03481944822247441
O,2015-03-31,dividend_yield,
AFL,2015-03-31,dividend_yield,
AMT,2015-03-31,dividend_yield,
AZO,2015-05-09,dividend_yield,
AAPL,2015-06-27,dividend_yield,0.06825668309525106
JPM,2015-06-30,dividend_yield,0.03261488900581963
MSFT,2015-06-30,dividend_yield,0.032649877876300144
AMT,2015-06-30,dividend_yield,
AFL,2015-06-30,dividend_yield,
O,2015-06-30,dividend_yield,
BAC,2015-06-30,dividend_yield,0.014878732574272625
AZO,2015-08-29,dividend_yield,
AAPL,2015-09-26,dividend_yield,0.07702618120844759
AFL,2015-09-30,dividend_yield,
AMT,2015-09-30,dividend_yield,
MSFT,2015-09-30,dividend_yield,0.03366002993278859
BAC,2015-09-30,dividend_yield,0.016201754313452717
JPM,2015-09-30,dividend_yield,0.036890060810537445
O,2015-09-30,dividend_yield,
AZO,2015-11-21,dividend_yield,
AAPL,2015-12-26,dividend_yield,0.08349702171980049
MSFT,2015-12-31,dividend_yield,0.02770684360447956
AFL,2015-12-31,dividend_yield,
JPM,2015-12-31,dividend_yield,0.034624300334273
O,2015-12-31,dividend_yield,
AMT,2015-12-31,dividend_yield,
BAC,2015-12-31,dividend_yield,0.014956308209127238
AZO,2016-02-13,dividend_yield,
AAPL,2016-03-26,dividend_yield,0.08699231457658617
BAC,2016-03-31,dividend_yield,0.01854737280957651
MSFT,2016-03-31,dividend_yield,0.028664961359982602
AMT,2016-03-31,dividend_yield,
AFL,2016-03-31,dividend_yield,
O,2016-03-31,dividend_yield,
JPM,2016-03-31,dividend_yield,0.039240503702206796
AZO,2016-05-07,dividend_yield,
AAPL,2016-06-25,dividend_yield,0.1001765160158767
MSFT,2016-06-30,dividend_yield,0.03182963903221841
AFL,2016-06-30,dividend_yield,
BAC,2016-06-30,dividend_yield,0.018832912804006695
AMT,2016-06-30,dividend_yield,
JPM,2016-06-30,dividend_yield,0.03796539998184841
O,2016-06-30,dividend_yield,
AZO,2016-08-27,dividend_yield,
AAPL,2016-09-24,dividend_yield,0.08450467281151375
AMT,2016-09-30,dividend_yield,
MSFT,2016-09-30,dividend_yield,0.028686738238656095
BAC,2016-09-30,dividend_yield,0.017881756015216764
JPM,2016-09-30,dividend_yield,0.03593584481334212
O,2016-09-30,dividend_yield,
AFL,2016-09-30,dividend_yield,
AZO,2016-11-19,dividend_yield,
MSFT,2016-12-31,dividend_yield,0.026951453989598754
AMT,2016-12-31,dividend_yield,
AAPL,2016-12-31,dividend_yield,0.08369201061230643
O,2016-12-31,dividend_yield,
JPM,2016-12-31,dividend_yield,0.028130060084300443
AFL,2016-12-31,dividend_yield,
BAC,2016-12-31,dividend_yield,0.014017850000278064
AZO,2017-02-11,dividend_yield,
MSFT,2017-03-31,dividend_yield,0.025781423736657892
O,2017-03-31,dividend_yield,
AMT,2017-03-31,dividend_yield,
JPM,2017-03-31,dividend_yield,0.02835869444115134
BAC,2017-03-31,dividend_yield,0.014401794310910074
AFL,2017-03-31,dividend_yield,
AAPL,2017-04-01,dividend_yield,0.06868831147339019
AZO,2017-05-06,dividend_yield,
O,2017-06-30,dividend_yield,
MSFT,2017-06-30,dividend_yield,0.02497303676656888
AMT,2017-06-30,dividend_yield,
JPM,2017-06-30,dividend_yield,0.027377805893161588
AFL,2017-06-30,dividend_yield,
BAC,2017-06-30,dividend_yield,0.01522713138249137
AAPL,2017-07-01,dividend_yield,0.07003061899692987
AZO,2017-08-26,dividend_yield,
AAPL,2017-09-30,dividend_yield,0.06685674809435947
AMT,2017-09-30,dividend_yield,
O,2017-09-30,dividend_yield,
JPM,2017-09-30,dividend_yield,0.027119882354385002
MSFT,2017-09-30,dividend_yield,0.02342860348401926
AFL,2017-09-30,dividend_yield,
BAC,2017-09-30,dividend_yield,0.016679555991009162
AZO,2017-11-18,dividend_yield,
AAPL,2017-12-30,dividend_yield,0.0621859229901351
BAC,2017-12-31,dividend_yield,0.0161165987654827
AMT,2017-12-31,dividend_yield,
MSFT,2017-12-31,dividend_yield,0.02068317911941876
JPM,2017-12-31,dividend_yield,0.02502480797940397
AFL,2017-12-31,dividend_yield,
O,2017-12-31,dividend_yield,
AZO,2018-02-10,dividend_yield,
JPM,2018-03-31,dividend_yield,0.02489435295382473
MSFT,2018-03-31,dividend_yield,0.01965134234487511
AAPL,2018-03-31,dividend_yield,0.06399228143694304
AMT,2018-03-31,dividend_yield,
O,2018-03-31,dividend_yield,
AFL,2018-03-31,dividend_yield,
BAC,2018-03-31,dividend_yield,0.01762834320907878
AZO,2018-05-05,dividend_yield,
BAC,2018-06-30,dividend_yield,0.02060980757220403
AAPL,2018-06-30,dividend_yield,0.06007133159957675
O,2018-06-30,dividend_yield,
AFL,2018-06-30,dividend_yield,
JPM,2018-06-30,dividend_yield,0.03357470114300776
AMT,2018-06-30,dividend_yield,
MSFT,2018-06-30,dividend_yield,0.01843938038257779
AZO,2018-08-25,dividend_yield,
AAPL,2018-09-29,dividend_yield,
O,2018-09-30,dividend_yield,
MSFT,2018-09-30,dividend_yield,0.01621459868724691
BAC,2018-09-30,dividend_yield,0.02085312007307217
AFL,2018-09-30,dividend_yield,
AMT,2018-09-30,dividend_yield,
JPM,2018-09-30,dividend_yield,0.03347948025410061
AZO,2018-11-17,dividend_yield,
AAPL,2018-12-29,dividend_yield,
O,2018-12-31,dividend_yield,0.06208094914549879
AMT,2018-12-31,dividend_yield,
AFL,2018-12-31,dividend_yield,
BAC,2018-12-31,dividend_yield,0.02625222994950965
MSFT,2018-12-31,dividend_yield,0.01860222855754032
JPM,2018-12-31,dividend_yield,0.04146412330787358
AZO,2019-02-09,dividend_yield,
AAPL,2019-03-30,dividend_yield,
AMT,2019-03-31,dividend_yield,
BAC,2019-03-31,dividend_yield,
JPM,2019-03-31,dividend_yield,0.042565545626405965
MSFT,2019-03-31,dividend_yield,0.016314671708943497
O,2019-03-31,dividend_yield,0.053119489568206085
AFL,2019-03-31,dividend_yield,
AZO,2019-05-04,dividend_yield,
AAPL,2019-06-29,dividend_yield,
BAC,2019-06-30,dividend_yield,
JPM,2019-06-30,dividend_yield,0.034771417711329446
AMT,2019-06-30,dividend_yield,
O,2019-06-30,dividend_yield,0.05651451489773092
MSFT,2019-06-30,dividend_yield,0.014628679681368955
AFL,2019-06-30,dividend_yield,
AZO,2019-08-31,dividend_yield,
AAPL,2019-09-28,dividend_yield,
JPM,2019-09-30,dividend_yield,0.03382399009563264
AFL,2019-09-30,dividend_yield,
MSFT,2019-09-30,dividend_yield,0.014430180308751215
BAC,2019-09-30,dividend_yield,
AMT,2019-09-30,dividend_yield,
O,2019-09-30,dividend_yield,0.05073068869746817
AZO,2019-11-23,dividend_yield,
AAPL,2019-12-28,dividend_yield,
BAC,2019-12-31,dividend_yield,
JPM,2019-12-31,dividend_yield,0.02918781031035653
MSFT,2019-12-31,dividend_yield,0.013014074236409953
AMT,2019-12-31,dividend_yield,
AFL,2019-12-31,dividend_yield,0.02381906044636542
O,2019-12-31,dividend_yield,0.05274776586668932
AZO,2020-02-15,dividend_yield,
AAPL,2020-03-28,dividend_yield,
BAC,2020-03-31,dividend_yield,
AMT,2020-03-31,dividend_yield,
JPM,2020-03-31,dividend_yield,0.04622606507916387
AFL,2020-03-31,dividend_yield,0.036943704082100355
O,2020-03-31,dividend_yield,0.07765985167816118
MSFT,2020-03-31,dividend_yield,0.013312282739673453
AZO,2020-05-09,dividend_yield,
AAPL,2020-06-27,dividend_yield,
BAC,2020-06-30,dividend_yield,
AFL,2020-06-30,dividend_yield,0.03514492945715616
JPM,2020-06-30,dividend_yield,0.045041627732692484
MSFT,2020-06-30,dividend_yield,0.010546181763565879
O,2020-06-30,dividend_yield,0.06477390046163799
AMT,2020-06-30,dividend_yield,
AZO,2020-08-29,dividend_yield,
AAPL,2020-09-26,dividend_yield,0.00729969595528479
O,2020-09-30,dividend_yield,0.06320033949111631
AFL,2020-09-30,dividend_yield,0.034889472445419074
AMT,2020-09-30,dividend_yield,
BAC,2020-09-30,dividend_yield,
MSFT,2020-09-30,dividend_yield,0.010429111064698673
JPM,2020-09-30,dividend_yield,0.043582944156360194
AZO,2020-11-21,dividend_yield,
AAPL,2020-12-26,dividend_yield,0.006297364713979757
BAC,2020-12-31,dividend_yield,
JPM,2020-12-31,dividend_yield,0.032715471221519944
AMT,2020-12-31,dividend_yield,
MSFT,2020-12-31,dividend_yield,0.010071790942981544
AFL,2020-12-31,dividend_yield,0.02858937002000858
O,2020-12-31,dividend_yield,0.06150361167603248
AZO,2021-02-13,dividend_yield,
AAPL,2021-03-27,dividend_yield,0.0069521371997255344
JPM,2021-03-31,dividend_yield,0.027113109192707617
AMT,2021-03-31,dividend_yield,
AFL,2021-03-31,dividend_yield,0.02576760081368591
O,2021-03-31,dividend_yield,0.05976978217972441
BAC,2021-03-31,dividend_yield,
MSFT,2021-03-31,dividend_yield,0.009701150115198075
AZO,2021-05-08,dividend_yield,
AAPL,2021-06-26,dividend_yield,0.0064354921486435065
AFL,2021-06-30,dividend_yield,0.025477099019243513
BAC,2021-06-30,dividend_yield,
O,2021-06-30,dividend_yield,0.05640434087754604
JPM,2021-06-30,dividend_yield,0.026380762953577025
MSFT,2021-06-30,dividend_yield,0.008615987352630871
AMT,2021-06-30,dividend_yield,
AZO,2021-08-28,dividend_yield,
AAPL,2021-09-25,dividend_yield,0.0059264372213484766
JPM,2021-09-30,dividend_yield,0.02561598294543999
MSFT,2021-09-30,dividend_yield,0.00848471721024213
AMT,2021-09-30,dividend_yield,
BAC,2021-09-30,dividend_yield,
O,2021-09-30,dividend_yield,0.05757133665495609
AFL,2021-09-30,dividend_yield,0.027143009369931678
AZO,2021-11-20,dividend_yield,
AAPL,2021-12-25,dividend_yield,0.00501921007301448
AFL,2021-12-31,dividend_yield,0.025042685019863422
AMT,2021-12-31,dividend_yield,
O,2021-12-31,dividend_yield,0.050309053854077086
BAC,2021-12-31,dividend_yield,
JPM,2021-12-31,dividend_yield,0.02703258823424694
MSFT,2021-12-31,dividend_yield,0.007284519418466631
AZO,2022-02-12,dividend_yield,
AAPL,2022-03-26,dividend_yield,0.005145283789330899
MSFT,2022-03-31,dividend_yield,0.008131529311055204
O,2022-03-31,dividend_yield,0.052069003007728265
AMT,2022-03-31,dividend_yield,
BAC,2022-03-31,dividend_yield,
AFL,2022-03-31,dividend_yield,0.023764481943586546
JPM,2022-03-31,dividend_yield,0.03203551613774536
AZO,2022-05-07,dividend_yield,
AAPL,2022-06-25,dividend_yield,0.00640876761264423
MSFT,2022-06-30,dividend_yield,0.009980220617091447
AMT,2022-06-30,dividend_yield,
O,2022-06-30,dividend_yield,0.05296376502099798
AFL,2022-06-30,dividend_yield,0.0288417381354487
JPM,2022-06-30,dividend_yield,0.03948230680751397
BAC,2022-06-30,dividend_yield,
AZO,2022-08-27,dividend_yield,
AAPL,2022-09-24,dividend_yield,0.0060944835905111785
AMT,2022-09-30,dividend_yield,
JPM,2022-09-30,dividend_yield,0.0421733774923826
O,2022-09-30,dividend_yield,0.06218374934456121
BAC,2022-09-30,dividend_yield,
AFL,2022-09-30,dividend_yield,0.029565341615868327
MSFT,2022-09-30,dividend_yield,0.011248058838069222
AZO,2022-11-19,dividend_yield,
MSFT,2022-12-31,dividend_yield,0.011150105956160115
BAC,2022-12-31,dividend_yield,
AAPL,2022-12-31,dividend_yield,0.007122641529151467
AMT,2022-12-31,dividend_yield,
AFL,2022-12-31,dividend_yield,0.024012735330936667
JPM,2022-12-31,dividend_yield,0.032572991606686696
O,2022-12-31,dividend_yield,0.056881529036936225
AZO,2023-02-11,dividend_yield,
AFL,2023-03-31,dividend_yield,0.019961938315703844
AMT,2023-03-31,dividend_yield,
BAC,2023-03-31,dividend_yield,
O,2023-03-31,dividend_yield,0.056544912806252644
JPM,2023-03-31,dividend_yield,0.03327456997361773
MSFT,2023-03-31,dividend_yield,0.009465459219781331
AAPL,2023-04-01,dividend_yield,0.00566517973964448
AZO,2023-05-06,dividend_yield,
MSFT,2023-06-30,dividend_yield,0.008176304951386975
AMT,2023-06-30,dividend_yield,
JPM,2023-06-30,dividend_yield,0.029580898528368805
O,2023-06-30,dividend_yield,0.059603997947526244
AFL,2023-06-30,dividend_yield,0.018640238536727922
BAC,2023-06-30,dividend_yield,
AAPL,2023-07-01,dividend_yield,0.004861771871678886
AZO,2023-08-26,dividend_yield,
AMT,2023-09-30,dividend_yield,0.042220710412930094
O,2023-09-30,dividend_yield,0.07093874598309328
JPM,2023-09-30,dividend_yield,0.02983252049644887
AAPL,2023-09-30,dividend_yield,0.005559794935775736
AFL,2023-09-30,dividend_yield,0.017133002358763052
BAC,2023-09-30,dividend_yield,
MSFT,2023-09-30,dividend_yield,0.009026069478921418
AZO,2023-11-18,dividend_yield,
AAPL,2023-12-30,dividend_yield,0.004990149417861855
BAC,2023-12-31,dividend_yield,
JPM,2023-12-31,dividend_yield,0.025559335428513647
MSFT,2023-12-31,dividend_yield,0.007753345658736894
O,2023-12-31,dividend_yield,0.06127742953337293
AMT,2023-12-31,dividend_yield,0.03229801336097595
AFL,2023-12-31,dividend_yield,0.022506243232250388
AZO,2024-02-10,dividend_yield,
AAPL,2024-03-30,dividend_yield,0.005654474372869334
JPM,2024-03-31,dividend_yield,0.022361871518953854
O,2024-03-31,dividend_yield,0.06448550506769768
MSFT,2024-03-31,dividend_yield,0.007086459684891368
BAC,2024-03-31,dividend_yield,
AMT,2024-03-31,dividend_yield,0.03606082553026762
AFL,2024-03-31,dividend_yield,0.021489280777481662
AZO,2024-05-04,dividend_yield,
AAPL,2024-06-29,dividend_yield,0.004645344966805873
JPM,2024-06-30,dividend_yield,0.022793809655140138
O,2024-06-30,dividend_yield,0.06565491628157541
BAC,2024-06-30,dividend_yield,
MSFT,2024-06-30,dividend_yield,0.0068176465415340755
AMT,2024-06-30,dividend_yield,0.036361954317774454
AFL,2024-06-30,dividend_yield,0.021475061643220234
AZO,2024-08-31,dividend_yield,
AAPL,2024-09-28,dividend_yield,0.0043344591067415545
AMT,2024-09-30,dividend_yield,0.030622911189983792
JPM,2024-09-30,dividend_yield,0.02273202221582955
MSFT,2024-09-30,dividend_yield,0.007257206948537729
AFL,2024-09-30,dividend_yield,0.01781554642771231
O,2024-09-30,dividend_yield,0.054324510063987336
BAC,2024-09-30,dividend_yield,
AZO,2024-11-23,dividend_yield,
AAPL,2024-12-28,dividend_yield,0.003898138464982529
AFL,2024-12-31,dividend_yield,0.020766157083019227
O,2024-12-31,dividend_yield,0.06412170656975653
JPM,2024-12-31,dividend_yield,0.020738448868545957
AMT,2024-12-31,dividend_yield,0.03774894776238989
MSFT,2024-12-31,dividend_yield,0.00758597150065001
BAC,2024-12-31,dividend_yield,0.023533357536035634
AZO,2025-02-15,dividend_yield,
AAPL,2025-03-29,dividend_yield,0.004613509792198469
JPM,2025-03-31,dividend_yield,0.021211814151280484
BAC,2025-03-31,dividend_yield,0.025122478562164555
MSFT,2025-03-31,dividend_yield,0.00871593531667168
AFL,2025-03-31,dividend_yield,0.019211275096921436
AMT,2025-03-31,dividend_yield,0.03142969404113383
O,2025-03-31,dividend_yield,0.05868003723863942
AZO,2025-05-10,dividend_yield,
AAPL,2025-06-28,dividend_yield,0.005042803140598447
AMT,2025-06-30,dividend_yield,0.030827122488426104
AFL,2025-06-30,dividend_yield,0.02091862222773257
MSFT,2025-06-30,dividend_yield,0.006727887548111552
BAC,2025-06-30,dividend_yield,0.022456778509149646
O,2025-06-30,dividend_yield,0.05879794248113648
JPM,2025-06-30,dividend_yield,0.01872103512091301
AZO,2025-08-30,dividend_yield,
AAPL,2025-09-27,dividend_yield,0.004004093300610569
O,2025-09-30,dividend_yield,0.05525438743007453
MSFT,2025-09-30,dividend_yield,0.006605913393915842
JPM,2025-09-30,dividend_yield,0.01793163587486711
AMT,2025-09-30,dividend_yield,0.03554616572133447
BAC,2025-09-30,dividend_yield,0.020878066622391892
AFL,2025-09-30,dividend_yield,0.02037037425057158
AZO,2025-11-22,dividend_yield,
AAPL,2025-12-27,dividend_yield,0.0037743734537427605
O,2025-12-31,dividend_yield,0.058817552701416184
AFL,2025-12-31,dividend_yield,0.02153549860206271
MSFT,2025-12-31,dividend_yield,0.00722777668582261
JPM,2025-12-31,dividend_yield,0.018255724845480704
BAC,2025-12-31,dividend_yield,0.019849974391361002
AMT,2025-12-31,dividend_yield,0.03902677709081458
AZO,2026-02-14,dividend_yield,
AAPL,2026-03-28,dividend_yield,0.004183915530840717
MSFT,2026-03-31,dividend_yield,0.009638032452718697
JPM,2026-03-31,dividend_yield,0.020250576414577726
BAC,2026-03-31,dividend_yield,0.022681340034470546
O,2026-03-31,dividend_yield,0.05372849410151223
AMT,2026-03-31,dividend_yield,0.040175579201311165
AFL,2026-03-31,dividend_yield,0.021531026162061203
AZO,2026-05-09,dividend_yield,
AAPL,2026-06-27,dividend_yield,0.0037000493499071883
JPM,2026-06-30,dividend_yield,0.018412702337156764
BAC,2026-06-30,dividend_yield,0.019656019813931412
AFL,2026-06-30,dividend_yield,0.020298507462686566
MSFT,2026-06-30,dividend_yield,0.009758190196790197
O,2026-06-30,dividend_yield,0.05246405480754321
JPM,2006-12-31,p_tbv,
BAC,2006-12-31,p_tbv,
AFL,2006-12-31,p_tbv,
JPM,2007-12-31,p_tbv,1.2014241184372083
BAC,2007-12-31,p_tbv,
AFL,2007-12-31,p_tbv,
JPM,2008-06-30,p_tbv,
BAC,2008-06-30,p_tbv,
AFL,2008-06-30,p_tbv,
JPM,2008-09-30,p_tbv,
AFL,2008-09-30,p_tbv,
BAC,2008-09-30,p_tbv,
AFL,2008-12-31,p_tbv,
BAC,2008-12-31,p_tbv,0.5195062268605913
JPM,2008-12-31,p_tbv,0.6029845977879231
AFL,2009-03-31,p_tbv,
BAC,2009-03-31,p_tbv,
JPM,2009-03-31,p_tbv,0.5350150394291947
BAC,2009-06-30,p_tbv,0.43534846890616774
AFL,2009-06-30,p_tbv,
JPM,2009-06-30,p_tbv,0.8017365316639875
BAC,2009-09-30,p_tbv,0.6524783434629376
JPM,2009-09-30,p_tbv,0.998868390762251
AFL,2009-09-30,p_tbv,
AFL,2009-12-31,p_tbv,
BAC,2009-12-31,p_tbv,0.6153281013642797
JPM,2009-12-31,p_tbv,0.9431013908912546
BAC,2010-03-31,p_tbv,0.9553526217950726
JPM,2010-03-31,p_tbv,1.009322888808425
AFL,2010-03-31,p_tbv,
BAC,2010-06-30,p_tbv,0.7513029064729732
AFL,2010-06-30,p_tbv,
JPM,2010-06-30,p_tbv,0.7854503615562612
BAC,2010-09-30,p_tbv,0.6487014879806414
AFL,2010-09-30,p_tbv,
JPM,2010-09-30,p_tbv,0.7959281401696959
BAC,2010-12-31,p_tbv,0.6509974774303685
JPM,2010-12-31,p_tbv,0.8742867284541616
AFL,2010-12-31,p_tbv,
BAC,2011-03-31,p_tbv,0.6656698998600212
JPM,2011-03-31,p_tbv,0.9273990663852545
AFL,2011-03-31,p_tbv,
AFL,2011-06-30,p_tbv,
BAC,2011-06-30,p_tbv,0.5643594258393704
JPM,2011-06-30,p_tbv,0.8078585435727856
AFL,2011-09-30,p_tbv,
BAC,2011-09-30,p_tbv,0.3100060690977151
JPM,2011-09-30,p_tbv,0.5808607513653703
JPM,2011-12-31,p_tbv,0.648720289253522
BAC,2011-12-31,p_tbv,0.275310287070685
AFL,2011-12-31,p_tbv,
AFL,2012-03-31,p_tbv,
JPM,2012-03-31,p_tbv,0.8479653605137965
BAC,2012-03-31,p_tbv,0.4905972283356717
BAC,2012-06-30,p_tbv,0.44144668571438517
AFL,2012-06-30,p_tbv,
JPM,2012-06-30,p_tbv,0.6500481783185625
AFL,2012-09-30,p_tbv,
JPM,2012-09-30,p_tbv,0.7018201912748803
BAC,2012-09-30,p_tbv,0.4379816989093264
BAC,2012-12-31,p_tbv,0.5856251251316581
AFL,2012-12-31,p_tbv,
JPM,2012-12-31,p_tbv,0.7480110273970871
AFL,2013-03-31,p_tbv,
BAC,2013-03-31,p_tbv,0.631310989464627
JPM,2013-03-31,p_tbv,0.802124204865854
JPM,2013-06-30,p_tbv,0.8782085518433985
BAC,2013-06-30,p_tbv,0.7104370278334446
AFL,2013-06-30,p_tbv,
JPM,2013-09-30,p_tbv,0.8695292131532567
AFL,2013-09-30,p_tbv,
BAC,2013-09-30,p_tbv,0.759919851919347
AFL,2013-12-31,p_tbv,
BAC,2013-12-31,p_tbv,0.8573595901295769
JPM,2013-12-31,p_tbv,0.9757431506616501
AFL,2014-03-31,p_tbv,
BAC,2014-03-31,p_tbv,0.8740557698392744
JPM,2014-03-31,p_tbv,0.9713215326855764
AFL,2014-06-30,p_tbv,
BAC,2014-06-30,p_tbv,0.8060767452827828
JPM,2014-06-30,p_tbv,0.8856992642157487
BAC,2014-09-30,p_tbv,0.830853047282515
AFL,2014-09-30,p_tbv,
JPM,2014-09-30,p_tbv,0.9058837125508776
BAC,2014-12-31,p_tbv,0.8557218043564061
JPM,2014-12-31,p_tbv,0.9456257867274311
AFL,2014-12-31,p_tbv,
JPM,2015-03-31,p_tbv,0.8906344089967353
BAC,2015-03-31,p_tbv,0.7567744430605383
AFL,2015-03-31,p_tbv,
JPM,2015-06-30,p_tbv,0.9716788394368108
AFL,2015-06-30,p_tbv,
BAC,2015-06-30,p_tbv,0.8305406769147655
AFL,2015-09-30,p_tbv,
BAC,2015-09-30,p_tbv,0.7427302840966323
JPM,2015-09-30,p_tbv,0.8555059851137679
AFL,2015-12-31,p_tbv,
JPM,2015-12-31,p_tbv,0.9361277442302112
BAC,2015-12-31,p_tbv,0.8084521071653549
BAC,2016-03-31,p_tbv,0.6193974645025451
AFL,2016-03-31,p_tbv,
JPM,2016-03-31,p_tbv,0.8264228685135842
AFL,2016-06-30,p_tbv,
BAC,2016-06-30,p_tbv,0.5941112688387001
JPM,2016-06-30,p_tbv,0.8566538464967248
BAC,2016-09-30,p_tbv,0.6909048016639902
JPM,2016-09-30,p_tbv,0.9076139781896203
AFL,2016-09-30,p_tbv,
JPM,2016-12-31,p_tbv,1.1919248295727294
AFL,2016-12-31,p_tbv,
BAC,2016-12-31,p_tbv,0.9989204973761214
JPM,2017-03-31,p_tbv,1.1907375569270888
BAC,2017-03-31,p_tbv,1.0476781652825484
AFL,2017-03-31,p_tbv,
JPM,2017-06-30,p_tbv,1.2200575672334864
AFL,2017-06-30,p_tbv,
BAC,2017-06-30,p_tbv,1.058370045202142
JPM,2017-09-30,p_tbv,1.2685596151650538
AFL,2017-09-30,p_tbv,
BAC,2017-09-30,p_tbv,1.09499354170368
BAC,2017-12-31,p_tbv,1.31599068673637
JPM,2017-12-31,p_tbv,1.4554867062435772
AFL,2017-12-31,p_tbv,
JPM,2018-03-31,p_tbv,1.4599765517818086
AFL,2018-03-31,p_tbv,
BAC,2018-03-31,p_tbv,1.3099923923458379
BAC,2018-06-30,p_tbv,1.2296351947051336
AFL,2018-06-30,p_tbv,
JPM,2018-06-30,p_tbv,1.3641980914549072
BAC,2018-09-30,p_tbv,1.2874530174265915
AFL,2018-09-30,p_tbv,
JPM,2018-09-30,p_tbv,1.4574382866024709
AFL,2018-12-31,p_tbv,
BAC,2018-12-31,p_tbv,1.0722894535153862
JPM,2018-12-31,p_tbv,1.2918948477922814
BAC,2019-03-31,p_tbv,1.1439802310169662
JPM,2019-03-31,p_tbv,1.2882417329459743
AFL,2019-03-31,p_tbv,
BAC,2019-06-30,p_tbv,1.1551645448348618
JPM,2019-06-30,p_tbv,1.3905242408591394
AFL,2019-06-30,p_tbv,
JPM,2019-09-30,p_tbv,1.4450972306698082
AFL,2019-09-30,p_tbv,
BAC,2019-09-30,p_tbv,1.1616509031638809
BAC,2019-12-31,p_tbv,1.4497987891602764
JPM,2019-12-31,p_tbv,1.762469398805023
AFL,2019-12-31,p_tbv,1.1743817885025687
BAC,2020-03-31,p_tbv,0.8249959201570685
JPM,2020-03-31,p_tbv,1.0998166574310755
AFL,2020-03-31,p_tbv,
BAC,2020-06-30,p_tbv,0.9160785848264316
AFL,2020-06-30,p_tbv,
JPM,2020-06-30,p_tbv,1.1366098255721695
AFL,2020-09-30,p_tbv,
BAC,2020-09-30,p_tbv,0.9216136371663176
JPM,2020-09-30,p_tbv,1.140392185732475
BAC,2020-12-31,p_tbv,1.1460225495179674
JPM,2020-12-31,p_tbv,1.4764348148979458
AFL,2020-12-31,p_tbv,0.8428088891388884
JPM,2021-03-31,p_tbv,1.7661279900605462
AFL,2021-03-31,p_tbv,
BAC,2021-03-31,p_tbv,1.4555564901839917
AFL,2021-06-30,p_tbv,
BAC,2021-06-30,p_tbv,1.531312339831623
JPM,2021-06-30,p_tbv,1.7505462150749078
JPM,2021-09-30,p_tbv,1.8106348074891574
BAC,2021-09-30,p_tbv,1.5759280754309604
AFL,2021-09-30,p_tbv,
AFL,2021-12-31,p_tbv,2.1279238532453832
BAC,2021-12-31,p_tbv,1.6923701586434632
JPM,2021-12-31,p_tbv,1.7450019561180288
BAC,2022-03-31,p_tbv,1.5364091794334378
AFL,2022-03-31,p_tbv,
JPM,2022-03-31,p_tbv,1.540344024361189
AFL,2022-06-30,p_tbv,
JPM,2022-06-30,p_tbv,1.2763836356004787
BAC,2022-06-30,p_tbv,1.1469377733870696
JPM,2022-09-30,p_tbv,1.1889650468268298
BAC,2022-09-30,p_tbv,1.1174217691545272
AFL,2022-09-30,p_tbv,
BAC,2022-12-31,p_tbv,1.211447758894736
AFL,2022-12-31,p_tbv,2.1377503227742514
JPM,2022-12-31,p_tbv,1.5154333318696933
AFL,2023-03-31,p_tbv,
BAC,2023-03-31,p_tbv,1.0198504074025363
JPM,2023-03-31,p_tbv,1.4240727973184406
JPM,2023-06-30,p_tbv,1.5325683205499527
AFL,2023-06-30,p_tbv,
BAC,2023-06-30,p_tbv,1.0035722615414024
JPM,2023-09-30,p_tbv,1.5027831792355266
AFL,2023-09-30,p_tbv,
BAC,2023-09-30,p_tbv,0.9485790793434713
BAC,2023-12-31,p_tbv,1.1597479174106373
JPM,2023-12-31,p_tbv,1.7152264188856372
AFL,2023-12-31,p_tbv,2.155716959900619
JPM,2024-03-31,p_tbv,1.9492681146737132
BAC,2024-03-31,p_tbv,1.287880765951776
AFL,2024-03-31,p_tbv,
JPM,2024-06-30,p_tbv,1.9407937795987398
BAC,2024-06-30,p_tbv,1.3449627009293135
AFL,2024-06-30,p_tbv,
JPM,2024-09-30,p_tbv,1.9784629977813917
AFL,2024-09-30,p_tbv,
BAC,2024-09-30,p_tbv,1.3252507160583058
AFL,2024-12-31,p_tbv,2.1905779500732065
JPM,2024-12-31,p_tbv,2.280535434416973
BAC,2024-12-31,p_tbv,1.4991195536801527
JPM,2025-03-31,p_tbv,2.250325031602304
BAC,2025-03-31,p_tbv,1.402684174989599
AFL,2025-03-31,p_tbv,
AFL,2025-06-30,p_tbv,
BAC,2025-06-30,p_tbv,1.5474002399761084
JPM,2025-06-30,p_tbv,2.600156013481922
JPM,2025-09-30,p_tbv,2.7857256005147186
BAC,2025-09-30,p_tbv,1.6468920602617607
AFL,2025-09-30,p_tbv,
AFL,2025-12-31,p_tbv,1.996819692554141
JPM,2025-12-31,p_tbv,2.8533625383154164
BAC,2025-12-31,p_tbv,1.7842192905745669
JPM,2026-03-31,p_tbv,2.5456089945059905
BAC,2026-03-31,p_tbv,1.5529406222881228
AFL,2026-03-31,p_tbv,
JPM,2026-06-30,p_tbv,2.727470817661082
BAC,2026-06-30,p_tbv,1.7909171366810452
AFL,2026-06-30,p_tbv,
JPM,2006-12-31,p_ppnr,
BAC,2006-12-31,p_ppnr,
JPM,2007-12-31,p_ppnr,
BAC,2007-12-31,p_ppnr,
JPM,2008-06-30,p_ppnr,
BAC,2008-06-30,p_ppnr,
JPM,2008-09-30,p_ppnr,
BAC,2008-09-30,p_ppnr,
BAC,2008-12-31,p_ppnr,
JPM,2008-12-31,p_ppnr,
BAC,2009-03-31,p_ppnr,
JPM,2009-03-31,p_ppnr,
BAC,2009-06-30,p_ppnr,
JPM,2009-06-30,p_ppnr,
BAC,2009-09-30,p_ppnr,
JPM,2009-09-30,p_ppnr,
BAC,2009-12-31,p_ppnr,1.68718245514827
JPM,2009-12-31,p_ppnr,2.206388861914551
BAC,2010-03-31,p_ppnr,2.8347315906133237
JPM,2010-03-31,p_ppnr,2.4479819494242228
BAC,2010-06-30,p_ppnr,2.4873469747863926
JPM,2010-06-30,p_ppnr,2.081246858258003
BAC,2010-09-30,p_ppnr,2.9320762081702263
JPM,2010-09-30,p_ppnr,2.337061586423208
BAC,2010-12-31,p_ppnr,3.707050293155883
JPM,2010-12-31,p_ppnr,2.680966185581208
BAC,2011-03-31,p_ppnr,5.3564388052133225
JPM,2011-03-31,p_ppnr,3.118600398287929
BAC,2011-06-30,p_ppnr,
JPM,2011-06-30,p_ppnr,2.8012271313301564
BAC,2011-09-30,p_ppnr,5.286817237436644
JPM,2011-09-30,p_ppnr,2.08020649940865
JPM,2011-12-31,p_ppnr,2.558837990868749
BAC,2011-12-31,p_ppnr,3.344957322441356
JPM,2012-03-31,p_ppnr,3.646349278119639
BAC,2012-03-31,p_ppnr,8.200486818965173
BAC,2012-06-30,p_ppnr,3.020224555162273
JPM,2012-06-30,p_ppnr,3.0997493682455017
JPM,2012-09-30,p_ppnr,3.3621995851966195
BAC,2012-09-30,p_ppnr,4.529150296625971
BAC,2012-12-31,p_ppnr,8.699510465726808
JPM,2012-12-31,p_ppnr,3.610006535355133
BAC,2013-03-31,p_ppnr,8.95331761119976
JPM,2013-03-31,p_ppnr,3.719396656370305
JPM,2013-06-30,p_ppnr,3.8861059932250557
BAC,2013-06-30,p_ppnr,8.487187074526519
JPM,2013-09-30,p_ppnr,5.274520765453193
BAC,2013-09-30,p_ppnr,7.787224375152058
BAC,2013-12-31,p_ppnr,7.6238858058047585
JPM,2013-12-31,p_ppnr,5.916014150314615
BAC,2014-03-31,p_ppnr,9.493112686285192
JPM,2014-03-31,p_ppnr,6.4650528236430596
BAC,2014-06-30,p_ppnr,11.833167082958717
JPM,2014-06-30,p_ppnr,6.180237167842031
BAC,2014-09-30,p_ppnr,19.110525279432785
JPM,2014-09-30,p_ppnr,4.763204225132342
BAC,2014-12-31,p_ppnr,14.518267405245496
JPM,2014-12-31,p_ppnr,5.1442400502625905
JPM,2015-03-31,p_ppnr,4.872113107063582
BAC,2015-03-31,p_ppnr,9.103900168129481
JPM,2015-06-30,p_ppnr,5.4551937254833485
BAC,2015-06-30,p_ppnr,7.633637903884239
BAC,2015-09-30,p_ppnr,5.3626423228082745
JPM,2015-09-30,p_ppnr,5.103059236216247
JPM,2015-12-31,p_ppnr,5.428993267300279
BAC,2015-12-31,p_ppnr,5.817712391106588
BAC,2016-03-31,p_ppnr,4.4805803785605045
JPM,2016-03-31,p_ppnr,4.824375492384454
BAC,2016-06-30,p_ppnr,4.430386051777583
JPM,2016-06-30,p_ppnr,4.857008043380182
BAC,2016-09-30,p_ppnr,5.013226260795442
JPM,2016-09-30,p_ppnr,4.820977378146011
JPM,2016-12-31,p_ppnr,6.181207386225953
BAC,2016-12-31,p_ppnr,6.884236984258261
JPM,2017-03-31,p_ppnr,6.1854828767861285
BAC,2017-03-31,p_ppnr,6.770023576502421
JPM,2017-06-30,p_ppnr,6.381874451268653
BAC,2017-06-30,p_ppnr,6.701526160388824
JPM,2017-09-30,p_ppnr,6.503574935069184
BAC,2017-09-30,p_ppnr,6.915280735421502
BAC,2017-12-31,p_ppnr,7.9984904215926536
JPM,2017-12-31,p_ppnr,7.3564446571018545
JPM,2018-03-31,p_ppnr,7.0270525658994725
BAC,2018-03-31,p_ppnr,7.672529220807567
BAC,2018-06-30,p_ppnr,7.028826589405676
JPM,2018-06-30,p_ppnr,6.483638680431582
BAC,2018-09-30,p_ppnr,7.021734231134494
JPM,2018-09-30,p_ppnr,6.878433466851551
BAC,2018-12-31,p_ppnr,5.560919271764391
JPM,2018-12-31,p_ppnr,5.917889044853504
BAC,2019-03-31,p_ppnr,5.897641224816215
JPM,2019-03-31,p_ppnr,5.878779420955947
BAC,2019-06-30,p_ppnr,6.010721125025871
JPM,2019-06-30,p_ppnr,6.349643743771171
JPM,2019-09-30,p_ppnr,6.448099065611589
BAC,2019-09-30,p_ppnr,6.289193189548327
BAC,2019-12-31,p_ppnr,7.813012905738019
JPM,2019-12-31,p_ppnr,7.458713482996651
BAC,2020-03-31,p_ppnr,4.5089239035425095
JPM,2020-03-31,p_ppnr,4.769983813412821
BAC,2020-06-30,p_ppnr,5.15447512687869
JPM,2020-06-30,p_ppnr,4.658573623899705
BAC,2020-09-30,p_ppnr,5.540241315247037
JPM,2020-09-30,p_ppnr,4.866931685574573
BAC,2020-12-31,p_ppnr,7.710956869299963
JPM,2020-12-31,p_ppnr,6.374641326895707
JPM,2021-03-31,p_ppnr,7.387062250181686
BAC,2021-03-31,p_ppnr,10.53550788081956
BAC,2021-06-30,p_ppnr,12.334906428334808
JPM,2021-06-30,p_ppnr,7.979758246457379
JPM,2021-09-30,p_ppnr,8.311501630088863
BAC,2021-09-30,p_ppnr,11.359021562223207
BAC,2021-12-31,p_ppnr,11.579908317143706
JPM,2021-12-31,p_ppnr,8.45728972538164
BAC,2022-03-31,p_ppnr,10.12462137102385
JPM,2022-03-31,p_ppnr,7.514994356785333
JPM,2022-06-30,p_ppnr,6.334058835864481
BAC,2022-06-30,p_ppnr,7.408168782196296
JPM,2022-09-30,p_ppnr,5.811235864009884
BAC,2022-09-30,p_ppnr,7.033947618957082
BAC,2022-12-31,p_ppnr,7.380858981031653
JPM,2022-12-31,p_ppnr,6.939764817449893
BAC,2023-03-31,p_ppnr,6.04569772149519
JPM,2023-03-31,p_ppnr,6.0291538798652775
JPM,2023-06-30,p_ppnr,5.88104724346633
BAC,2023-06-30,p_ppnr,5.755440054160073
JPM,2023-09-30,p_ppnr,5.500362112682599
BAC,2023-09-30,p_ppnr,5.515935360089834
BAC,2023-12-31,p_ppnr,6.947305881167372
JPM,2023-12-31,p_ppnr,6.65575171205885
JPM,2024-03-31,p_ppnr,7.703036078248003
BAC,2024-03-31,p_ppnr,8.149053297447322
JPM,2024-06-30,p_ppnr,7.1763684463319715
BAC,2024-06-30,p_ppnr,8.545038919609981
JPM,2024-09-30,p_ppnr,7.263648579359858
BAC,2024-09-30,p_ppnr,8.63080388900461
JPM,2024-12-31,p_ppnr,7.770105647087753
BAC,2024-12-31,p_ppnr,8.636793121706816
JPM,2025-03-31,p_ppnr,7.61532214868041
BAC,2025-03-31,p_ppnr,7.7064715708857
BAC,2025-06-30,p_ppnr,8.410582335387089
JPM,2025-06-30,p_ppnr,9.535786350693753
JPM,2025-09-30,p_ppnr,10.077845284951097
BAC,2025-09-30,p_ppnr,8.797405025817481
JPM,2025-12-31,p_ppnr,10.180127773728533
BAC,2025-12-31,p_ppnr,9.239313981051849
JPM,2026-03-31,p_ppnr,8.997837641661434
BAC,2026-03-31,p_ppnr,7.7370477757001135
JPM,2026-06-30,p_ppnr,9.052954268849353
BAC,2026-06-30,p_ppnr,8.453474202924383
AFL,2006-12-31,p_core_earnings,
AFL,2007-12-31,p_core_earnings,
AFL,2008-06-30,p_core_earnings,
AFL,2008-09-30,p_core_earnings,
AFL,2008-12-31,p_core_earnings,
AFL,2009-03-31,p_core_earnings,
AFL,2009-06-30,p_core_earnings,
AFL,2009-09-30,p_core_earnings,
AFL,2009-12-31,p_core_earnings,
AFL,2010-03-31,p_core_earnings,
AFL,2010-06-30,p_core_earnings,
AFL,2010-09-30,p_core_earnings,
AFL,2010-12-31,p_core_earnings,
AFL,2011-03-31,p_core_earnings,
AFL,2011-06-30,p_core_earnings,
AFL,2011-09-30,p_core_earnings,
AFL,2011-12-31,p_core_earnings,4.106952531535224
AFL,2012-03-31,p_core_earnings,4.569025972955442
AFL,2012-06-30,p_core_earnings,4.317030755650961
AFL,2012-09-30,p_core_earnings,5.034047265082986
AFL,2012-12-31,p_core_earnings,5.6316068597630435
AFL,2013-03-31,p_core_earnings,5.71956258242484
AFL,2013-06-30,p_core_earnings,6.885140636403426
AFL,2013-09-30,p_core_earnings,7.508766857473009
AFL,2013-12-31,p_core_earnings,8.425306630935475
AFL,2014-03-31,p_core_earnings,7.714899768227384
AFL,2014-06-30,p_core_earnings,7.571463328148194
AFL,2014-09-30,p_core_earnings,7.081827247038868
AFL,2014-12-31,p_core_earnings,7.736181036073562
AFL,2015-03-31,p_core_earnings,8.292503133824997
AFL,2015-06-30,p_core_earnings,8.896975142982203
AFL,2015-09-30,p_core_earnings,8.336392115875753
AFL,2015-12-31,p_core_earnings,8.365649833267394
AFL,2016-03-31,p_core_earnings,8.452659974363756
AFL,2016-06-30,p_core_earnings,8.456669173130086
AFL,2016-09-30,p_core_earnings,8.082255770020788
AFL,2016-12-31,p_core_earnings,8.647749610077835
AFL,2017-03-31,p_core_earnings,8.736916399382416
AFL,2017-06-30,p_core_earnings,9.323117475181277
AFL,2017-09-30,p_core_earnings,10.176048886183692
AFL,2017-12-31,p_core_earnings,6.042754696072038
AFL,2018-03-31,p_core_earnings,5.808244036837685
AFL,2018-06-30,p_core_earnings,5.629079068413909
AFL,2018-09-30,p_core_earnings,6.022040307713521
AFL,2018-12-31,p_core_earnings,8.84941512481571
AFL,2019-03-31,p_core_earnings,9.510529895195594
AFL,2019-06-30,p_core_earnings,10.21892202106552
AFL,2019-09-30,p_core_earnings,9.352434457062532
AFL,2019-12-31,p_core_earnings,9.841380855730018
AFL,2020-03-31,p_core_earnings,5.944272821650879
AFL,2020-06-30,p_core_earnings,6.083680784214647
AFL,2020-09-30,p_core_earnings,4.43451455748591
AFL,2020-12-31,p_core_earnings,5.558064167875117
AFL,2021-03-31,p_core_earnings,6.277348402040465
AFL,2021-06-30,p_core_earnings,6.461877191477808
AFL,2021-09-30,p_core_earnings,8.368070477705736
AFL,2021-12-31,p_core_earnings,9.481761709716205
AFL,2022-03-31,p_core_earnings,10.317286053256323
AFL,2022-06-30,p_core_earnings,9.26362925908942
AFL,2022-09-30,p_core_earnings,7.720271031890308
AFL,2022-12-31,p_core_earnings,9.992424192177387
AFL,2023-03-31,p_core_earnings,8.174360483112526
AFL,2023-06-30,p_core_earnings,7.4148038726843915
AFL,2023-09-30,p_core_earnings,8.465315127049339
AFL,2023-12-31,p_core_earnings,10.121524506926383
AFL,2024-03-31,p_core_earnings,8.903713417475482
AFL,2024-06-30,p_core_earnings,8.95246472356137
AFL,2024-09-30,p_core_earnings,15.885428894949987
AFL,2024-12-31,p_core_earnings,10.410886927914145
AFL,2025-03-31,p_core_earnings,16.49313250947915
AFL,2025-06-30,p_core_earnings,22.897981937948916
AFL,2025-09-30,p_core_earnings,14.07658634656662
AFL,2025-12-31,p_core_earnings,16.07022015786276
AFL,2026-03-31,p_core_earnings,12.148349570691908
AFL,2026-06-30,p_core_earnings,12.192311908679557
AAPL,2006-09-30,pe_to_revenue_growth,
JPM,2006-12-31,pe_to_revenue_growth,
BAC,2006-12-31,pe_to_revenue_growth,
AFL,2006-12-31,pe_to_revenue_growth,
MSFT,2007-06-30,pe_to_revenue_growth,
AZO,2007-08-25,pe_to_revenue_growth,
AAPL,2007-09-29,pe_to_revenue_growth,
JPM,2007-12-31,pe_to_revenue_growth,
BAC,2007-12-31,pe_to_revenue_growth,
AFL,2007-12-31,pe_to_revenue_growth,
AAPL,2008-06-28,pe_to_revenue_growth,
JPM,2008-06-30,pe_to_revenue_growth,
BAC,2008-06-30,pe_to_revenue_growth,
AFL,2008-06-30,pe_to_revenue_growth,
MSFT,2008-06-30,pe_to_revenue_growth,
AZO,2008-08-30,pe_to_revenue_growth,
AAPL,2008-09-27,pe_to_revenue_growth,
JPM,2008-09-30,pe_to_revenue_growth,
MSFT,2008-09-30,pe_to_revenue_growth,
AFL,2008-09-30,pe_to_revenue_growth,
BAC,2008-09-30,pe_to_revenue_growth,
AZO,2008-11-22,pe_to_revenue_growth,
AAPL,2008-12-27,pe_to_revenue_growth,
AFL,2008-12-31,pe_to_revenue_growth,
BAC,2008-12-31,pe_to_revenue_growth,
MSFT,2008-12-31,pe_to_revenue_growth,
JPM,2008-12-31,pe_to_revenue_growth,
AZO,2009-02-14,pe_to_revenue_growth,
AAPL,2009-03-28,pe_to_revenue_growth,
AFL,2009-03-31,pe_to_revenue_growth,
BAC,2009-03-31,pe_to_revenue_growth,
MSFT,2009-03-31,pe_to_revenue_growth,
JPM,2009-03-31,pe_to_revenue_growth,
AZO,2009-05-09,pe_to_revenue_growth,
AAPL,2009-06-27,pe_to_revenue_growth,
MSFT,2009-06-30,pe_to_revenue_growth,
BAC,2009-06-30,pe_to_revenue_growth,
AFL,2009-06-30,pe_to_revenue_growth,
JPM,2009-06-30,pe_to_revenue_growth,
AZO,2009-08-29,pe_to_revenue_growth,
AAPL,2009-09-26,pe_to_revenue_growth,
MSFT,2009-09-30,pe_to_revenue_growth,
BAC,2009-09-30,pe_to_revenue_growth,
JPM,2009-09-30,pe_to_revenue_growth,
AFL,2009-09-30,pe_to_revenue_growth,
AZO,2009-11-21,pe_to_revenue_growth,
AAPL,2009-12-26,pe_to_revenue_growth,
AFL,2009-12-31,pe_to_revenue_growth,
BAC,2009-12-31,pe_to_revenue_growth,
JPM,2009-12-31,pe_to_revenue_growth,
MSFT,2009-12-31,pe_to_revenue_growth,
AZO,2010-02-13,pe_to_revenue_growth,
AAPL,2010-03-27,pe_to_revenue_growth,
BAC,2010-03-31,pe_to_revenue_growth,
JPM,2010-03-31,pe_to_revenue_growth,
AFL,2010-03-31,pe_to_revenue_growth,
MSFT,2010-03-31,pe_to_revenue_growth,
AZO,2010-05-08,pe_to_revenue_growth,
AAPL,2010-06-26,pe_to_revenue_growth,
BAC,2010-06-30,pe_to_revenue_growth,
AFL,2010-06-30,pe_to_revenue_growth,
JPM,2010-06-30,pe_to_revenue_growth,
MSFT,2010-06-30,pe_to_revenue_growth,1.1871664706283684
AZO,2010-08-28,pe_to_revenue_growth,1.7903014401960498
AAPL,2010-09-25,pe_to_revenue_growth,0.31080721882276086
MSFT,2010-09-30,pe_to_revenue_growth,0.4643039873918646
BAC,2010-09-30,pe_to_revenue_growth,
AFL,2010-09-30,pe_to_revenue_growth,
JPM,2010-09-30,pe_to_revenue_growth,
AZO,2010-11-20,pe_to_revenue_growth,1.6245757963994594
AAPL,2010-12-25,pe_to_revenue_growth,0.24023963813144175
BAC,2010-12-31,pe_to_revenue_growth,
JPM,2010-12-31,pe_to_revenue_growth,2.846367715625756
MSFT,2010-12-31,pe_to_revenue_growth,0.6478873839036869
AFL,2010-12-31,pe_to_revenue_growth,0.5804102129320601
AZO,2011-02-12,pe_to_revenue_growth,1.3923368415515716
AAPL,2011-03-26,pe_to_revenue_growth,0.19849597031146315
BAC,2011-03-31,pe_to_revenue_growth,
JPM,2011-03-31,pe_to_revenue_growth,
MSFT,2011-03-31,pe_to_revenue_growth,0.49720559909779694
AFL,2011-03-31,pe_to_revenue_growth,0.6702333833830124
AZO,2011-05-07,pe_to_revenue_growth,1.458540776211214
AAPL,2011-06-25,pe_to_revenue_growth,0.1434954784097053
MSFT,2011-06-30,pe_to_revenue_growth,0.6217141939634292
AFL,2011-06-30,pe_to_revenue_growth,0.9544304276436558
BAC,2011-06-30,pe_to_revenue_growth,
JPM,2011-06-30,pe_to_revenue_growth,
AZO,2011-08-27,pe_to_revenue_growth,1.603902341599885
AAPL,2011-09-24,pe_to_revenue_growth,0.18563379205906017
MSFT,2011-09-30,pe_to_revenue_growth,0.8543749921096381
AFL,2011-09-30,pe_to_revenue_growth,0.8695318904603075
BAC,2011-09-30,pe_to_revenue_growth,
JPM,2011-09-30,pe_to_revenue_growth,1.842094000015406
AZO,2011-11-19,pe_to_revenue_growth,1.8312449802008042
JPM,2011-12-31,pe_to_revenue_growth,
MSFT,2011-12-31,pe_to_revenue_growth,0.9080620191074621
AAPL,2011-12-31,pe_to_revenue_growth,0.14338602694301447
BAC,2011-12-31,pe_to_revenue_growth,
AFL,2011-12-31,pe_to_revenue_growth,1.066582106924161
AZO,2012-02-11,pe_to_revenue_growth,1.97160040168188
MSFT,2012-03-31,pe_to_revenue_growth,1.4320935849441743
AAPL,2012-03-31,pe_to_revenue_growth,0.19583680408185225
AFL,2012-03-31,pe_to_revenue_growth,0.5436666379862194
JPM,2012-03-31,pe_to_revenue_growth,
BAC,2012-03-31,pe_to_revenue_growth,
AZO,2012-05-05,pe_to_revenue_growth,2.206071418976036
BAC,2012-06-30,pe_to_revenue_growth,0.6883205187034286
AAPL,2012-06-30,pe_to_revenue_growth,0.2389876626564726
AFL,2012-06-30,pe_to_revenue_growth,0.36530651468097297
JPM,2012-06-30,pe_to_revenue_growth,
MSFT,2012-06-30,pe_to_revenue_growth,2.240199297782613
AZO,2012-08-25,pe_to_revenue_growth,2.3644510478667393
AAPL,2012-09-29,pe_to_revenue_growth,0.28533554923618015
MSFT,2012-09-30,pe_to_revenue_growth,
AFL,2012-09-30,pe_to_revenue_growth,0.35453470272606896
JPM,2012-09-30,pe_to_revenue_growth,
BAC,2012-09-30,pe_to_revenue_growth,
AZO,2012-11-17,pe_to_revenue_growth,2.6776442595065393
AAPL,2012-12-29,pe_to_revenue_growth,0.3392408258818761
BAC,2012-12-31,pe_to_revenue_growth,
AFL,2012-12-31,pe_to_revenue_growth,0.4386554038812414
MSFT,2012-12-31,pe_to_revenue_growth,
JPM,2012-12-31,pe_to_revenue_growth,
AZO,2013-02-09,pe_to_revenue_growth,3.3489286249864256
AAPL,2013-03-30,pe_to_revenue_growth,0.4779274281099572
AFL,2013-03-31,pe_to_revenue_growth,0.6862803550092939
BAC,2013-03-31,pe_to_revenue_growth,
MSFT,2013-03-31,pe_to_revenue_growth,2.9110851625149565
JPM,2013-03-31,pe_to_revenue_growth,
AZO,2013-05-04,pe_to_revenue_growth,3.9425220758206874
AAPL,2013-06-29,pe_to_revenue_growth,0.6007448624810396
JPM,2013-06-30,pe_to_revenue_growth,0.9559974118552332
MSFT,2013-06-30,pe_to_revenue_growth,1.9463587986844408
BAC,2013-06-30,pe_to_revenue_growth,
AFL,2013-06-30,pe_to_revenue_growth,1.0457539399206701
AZO,2013-08-31,pe_to_revenue_growth,2.39167613432704
AAPL,2013-09-28,pe_to_revenue_growth,1.1373362911819367
JPM,2013-09-30,pe_to_revenue_growth,3.1641405270553085
AFL,2013-09-30,pe_to_revenue_growth,
MSFT,2013-09-30,pe_to_revenue_growth,0.9179730747038627
BAC,2013-09-30,pe_to_revenue_growth,
AZO,2013-11-23,pe_to_revenue_growth,2.3532456624914846
AAPL,2013-12-28,pe_to_revenue_growth,2.0918779614016914
AFL,2013-12-31,pe_to_revenue_growth,
MSFT,2013-12-31,pe_to_revenue_growth,0.7892809933382039
BAC,2013-12-31,pe_to_revenue_growth,2.6452179190759013
JPM,2013-12-31,pe_to_revenue_growth,
AZO,2014-02-15,pe_to_revenue_growth,2.3166577424981587
AAPL,2014-03-29,pe_to_revenue_growth,2.6643858104111717
AFL,2014-03-31,pe_to_revenue_growth,
MSFT,2014-03-31,pe_to_revenue_growth,1.318824415264297
BAC,2014-03-31,pe_to_revenue_growth,5.1915695306852365
JPM,2014-03-31,pe_to_revenue_growth,
AZO,2014-05-10,pe_to_revenue_growth,2.1160453403363513
AAPL,2014-06-28,pe_to_revenue_growth,2.4539878925431187
AFL,2014-06-30,pe_to_revenue_growth,
MSFT,2014-06-30,pe_to_revenue_growth,1.1522521908135595
BAC,2014-06-30,pe_to_revenue_growth,
JPM,2014-06-30,pe_to_revenue_growth,
AZO,2014-08-30,pe_to_revenue_growth,4.762840508297097
AAPL,2014-09-27,pe_to_revenue_growth,1.9786580666133768
MSFT,2014-09-30,pe_to_revenue_growth,1.1027238787961626
BAC,2014-09-30,pe_to_revenue_growth,
AFL,2014-09-30,pe_to_revenue_growth,
JPM,2014-09-30,pe_to_revenue_growth,
AZO,2014-11-22,pe_to_revenue_growth,4.037859931474648
AAPL,2014-12-27,pe_to_revenue_growth,0.8998423621268719
BAC,2014-12-31,pe_to_revenue_growth,
JPM,2014-12-31,pe_to_revenue_growth,
MSFT,2014-12-31,pe_to_revenue_growth,1.3167933766684259
AFL,2014-12-31,pe_to_revenue_growth,
AZO,2015-02-14,pe_to_revenue_growth,4.156882881002706
AAPL,2015-03-28,pe_to_revenue_growth,0.6512887440091822
JPM,2015-03-31,pe_to_revenue_growth,
BAC,2015-03-31,pe_to_revenue_growth,
MSFT,2015-03-31,pe_to_revenue_growth,1.0431730518264257
AFL,2015-03-31,pe_to_revenue_growth,
AZO,2015-05-09,pe_to_revenue_growth,4.376833877058691
AAPL,2015-06-27,pe_to_revenue_growth,0.4963081101734074
JPM,2015-06-30,pe_to_revenue_growth,
MSFT,2015-06-30,pe_to_revenue_growth,3.3087816634949165
AFL,2015-06-30,pe_to_revenue_growth,
BAC,2015-06-30,pe_to_revenue_growth,
AZO,2015-08-29,pe_to_revenue_growth,2.6832154656920086
AAPL,2015-09-26,pe_to_revenue_growth,0.40047828830824705
AFL,2015-09-30,pe_to_revenue_growth,
MSFT,2015-09-30,pe_to_revenue_growth,
BAC,2015-09-30,pe_to_revenue_growth,
JPM,2015-09-30,pe_to_revenue_growth,
AZO,2015-11-21,pe_to_revenue_growth,2.971502683840328
AAPL,2015-12-26,pe_to_revenue_growth,0.5749013696573517
MSFT,2015-12-31,pe_to_revenue_growth,
AFL,2015-12-31,pe_to_revenue_growth,
JPM,2015-12-31,pe_to_revenue_growth,
BAC,2015-12-31,pe_to_revenue_growth,
AZO,2016-02-13,pe_to_revenue_growth,2.910063950767947
AAPL,2016-03-26,pe_to_revenue_growth,1.4433503439765942
BAC,2016-03-31,pe_to_revenue_growth,
MSFT,2016-03-31,pe_to_revenue_growth,
AFL,2016-03-31,pe_to_revenue_growth,
JPM,2016-03-31,pe_to_revenue_growth,
AZO,2016-05-07,pe_to_revenue_growth,3.326236847754189
AAPL,2016-06-25,pe_to_revenue_growth,
MSFT,2016-06-30,pe_to_revenue_growth,
AFL,2016-06-30,pe_to_revenue_growth,
BAC,2016-06-30,pe_to_revenue_growth,
JPM,2016-06-30,pe_to_revenue_growth,
AZO,2016-08-27,pe_to_revenue_growth,4.206079635032475
AAPL,2016-09-24,pe_to_revenue_growth,
MSFT,2016-09-30,pe_to_revenue_growth,
BAC,2016-09-30,pe_to_revenue_growth,
JPM,2016-09-30,pe_to_revenue_growth,
AFL,2016-09-30,pe_to_revenue_growth,2.197987855094957
AZO,2016-11-19,pe_to_revenue_growth,4.537178749105275
MSFT,2016-12-31,pe_to_revenue_growth,
AAPL,2016-12-31,pe_to_revenue_growth,
JPM,2016-12-31,pe_to_revenue_growth,3.0823299657111
AFL,2016-12-31,pe_to_revenue_growth,1.0751528398815684
BAC,2016-12-31,pe_to_revenue_growth,
AZO,2017-02-11,pe_to_revenue_growth,5.5280690892635125
MSFT,2017-03-31,pe_to_revenue_growth,4.17797995522416
JPM,2017-03-31,pe_to_revenue_growth,1.6159332302687075
BAC,2017-03-31,pe_to_revenue_growth,4.7986026295141455
AFL,2017-03-31,pe_to_revenue_growth,1.4977883791059858
AAPL,2017-04-01,pe_to_revenue_growth,
AZO,2017-05-06,pe_to_revenue_growth,6.830683614106364
MSFT,2017-06-30,pe_to_revenue_growth,1.455569160085448
JPM,2017-06-30,pe_to_revenue_growth,1.4320207513538001
AFL,2017-06-30,pe_to_revenue_growth,1.7163539303078572
BAC,2017-06-30,pe_to_revenue_growth,2.1759574139182143
AAPL,2017-07-01,pe_to_revenue_growth,
AZO,2017-08-26,pe_to_revenue_growth,5.045739457714544
AAPL,2017-09-30,pe_to_revenue_growth,2.4738187033634342
JPM,2017-09-30,pe_to_revenue_growth,1.7690946695889045
MSFT,2017-09-30,pe_to_revenue_growth,1.414668988152091
AFL,2017-09-30,pe_to_revenue_growth,
BAC,2017-09-30,pe_to_revenue_growth,2.50231242267069
AZO,2017-11-18,pe_to_revenue_growth,5.047809692074984
AAPL,2017-12-30,pe_to_revenue_growth,1.673148468551701
BAC,2017-12-31,pe_to_revenue_growth,3.4960792478092335
MSFT,2017-12-31,pe_to_revenue_growth,2.902664756288196
JPM,2017-12-31,pe_to_revenue_growth,2.8946629145622538
AFL,2017-12-31,pe_to_revenue_growth,
AZO,2018-02-10,pe_to_revenue_growth,4.22349378822398
JPM,2018-03-31,pe_to_revenue_growth,2.0748232487681446
MSFT,2018-03-31,pe_to_revenue_growth,2.65807761617222
AAPL,2018-03-31,pe_to_revenue_growth,1.224452505880286
AFL,2018-03-31,pe_to_revenue_growth,
BAC,2018-03-31,pe_to_revenue_growth,3.9826140526943443
AZO,2018-05-05,pe_to_revenue_growth,3.4888443274648995
BAC,2018-06-30,pe_to_revenue_growth,
AAPL,2018-06-30,pe_to_revenue_growth,1.0775548436784719
AFL,2018-06-30,pe_to_revenue_growth,
JPM,2018-06-30,pe_to_revenue_growth,1.6780349865063646
MSFT,2018-06-30,pe_to_revenue_growth,3.0011561992630225
AZO,2018-08-25,pe_to_revenue_growth,5.175123214163501
AAPL,2018-09-29,pe_to_revenue_growth,1.1305055785382347
MSFT,2018-09-30,pe_to_revenue_growth,2.7609650888190007
BAC,2018-09-30,pe_to_revenue_growth,
AFL,2018-09-30,pe_to_revenue_growth,
JPM,2018-09-30,pe_to_revenue_growth,1.5255401026971116
AZO,2018-11-17,pe_to_revenue_growth,6.407341615890085
AAPL,2018-12-29,pe_to_revenue_growth,1.2695072778140373
AFL,2018-12-31,pe_to_revenue_growth,
BAC,2018-12-31,pe_to_revenue_growth,1.6738469161430245
MSFT,2018-12-31,pe_to_revenue_growth,1.3845299709750571
JPM,2018-12-31,pe_to_revenue_growth,1.036755318022682
AZO,2019-02-09,pe_to_revenue_growth,
AAPL,2019-03-30,pe_to_revenue_growth,3.3262036287751267
BAC,2019-03-31,pe_to_revenue_growth,2.322716067562275
JPM,2019-03-31,pe_to_revenue_growth,1.361055752243343
MSFT,2019-03-31,pe_to_revenue_growth,1.5860315214288263
AFL,2019-03-31,pe_to_revenue_growth,
AZO,2019-05-04,pe_to_revenue_growth,7.791394145990899
AAPL,2019-06-29,pe_to_revenue_growth,
BAC,2019-06-30,pe_to_revenue_growth,1.8436905407426363
JPM,2019-06-30,pe_to_revenue_growth,1.7460026447036416
MSFT,2019-06-30,pe_to_revenue_growth,1.771373143404756
AFL,2019-06-30,pe_to_revenue_growth,
AZO,2019-08-31,pe_to_revenue_growth,3.032820712377006
AAPL,2019-09-28,pe_to_revenue_growth,
JPM,2019-09-30,pe_to_revenue_growth,1.7010851995465464
AFL,2019-09-30,pe_to_revenue_growth,
MSFT,2019-09-30,pe_to_revenue_growth,1.8940408019570703
BAC,2019-09-30,pe_to_revenue_growth,2.4519981755543547
AZO,2019-11-23,pe_to_revenue_growth,2.682232587204248
AAPL,2019-12-28,pe_to_revenue_growth,9.315524218395767
BAC,2019-12-31,pe_to_revenue_growth,
JPM,2019-12-31,pe_to_revenue_growth,1.6088642886976887
MSFT,2019-12-31,pe_to_revenue_growth,1.940564336616198
AFL,2019-12-31,pe_to_revenue_growth,4.045824989132585
AZO,2020-02-15,pe_to_revenue_growth,2.315489021652966
AAPL,2020-03-28,pe_to_revenue_growth,5.015764095536566
BAC,2020-03-31,pe_to_revenue_growth,
JPM,2020-03-31,pe_to_revenue_growth,1.7389331742806426
AFL,2020-03-31,pe_to_revenue_growth,
MSFT,2020-03-31,pe_to_revenue_growth,1.8380583451925085
AZO,2020-05-09,pe_to_revenue_growth,2.8894400504981923
AAPL,2020-06-27,pe_to_revenue_growth,4.459878529749029
BAC,2020-06-30,pe_to_revenue_growth,
AFL,2020-06-30,pe_to_revenue_growth,
JPM,2020-06-30,pe_to_revenue_growth,1.3148019210712119
MSFT,2020-06-30,pe_to_revenue_growth,2.4595548473863817
AZO,2020-08-29,pe_to_revenue_growth,2.55303905359253
AAPL,2020-09-26,pe_to_revenue_growth,6.032389435455508
AFL,2020-09-30,pe_to_revenue_growth,
BAC,2020-09-30,pe_to_revenue_growth,
MSFT,2020-09-30,pe_to_revenue_growth,2.417910255721888
JPM,2020-09-30,pe_to_revenue_growth,1.8199305486742312
AZO,2020-11-21,pe_to_revenue_growth,1.783126219852859
AAPL,2020-12-26,pe_to_revenue_growth,3.473640480135928
BAC,2020-12-31,pe_to_revenue_growth,
JPM,2020-12-31,pe_to_revenue_growth,3.2268585653502195
MSFT,2020-12-31,pe_to_revenue_growth,2.224283650682838
AFL,2020-12-31,pe_to_revenue_growth,
AZO,2021-02-13,pe_to_revenue_growth,1.3063950848585533
AAPL,2021-03-27,pe_to_revenue_growth,1.2210872752731816
JPM,2021-03-31,pe_to_revenue_growth,1.286764941879013
AFL,2021-03-31,pe_to_revenue_growth,1.1944607354588213
BAC,2021-03-31,pe_to_revenue_growth,
MSFT,2021-03-31,pe_to_revenue_growth,1.9964779408557922
AZO,2021-05-08,pe_to_revenue_growth,0.8814056765244682
AAPL,2021-06-26,pe_to_revenue_growth,0.9372243410706462
AFL,2021-06-30,pe_to_revenue_growth,0.9356303733036377
BAC,2021-06-30,pe_to_revenue_growth,
JPM,2021-06-30,pe_to_revenue_growth,
MSFT,2021-06-30,pe_to_revenue_growth,1.8413391655347677
AZO,2021-08-28,pe_to_revenue_growth,1.028632408244813
AAPL,2021-09-25,pe_to_revenue_growth,0.7681340851731787
JPM,2021-09-30,pe_to_revenue_growth,4.125836702191257
MSFT,2021-09-30,pe_to_revenue_growth,1.5256760921255779
BAC,2021-09-30,pe_to_revenue_growth,
AFL,2021-09-30,pe_to_revenue_growth,2.171499424384432
AZO,2021-11-20,pe_to_revenue_growth,1.0631943619245967
AAPL,2021-12-25,pe_to_revenue_growth,0.9891564358814374
AFL,2021-12-31,pe_to_revenue_growth,
BAC,2021-12-31,pe_to_revenue_growth,2.5383665358285423
JPM,2021-12-31,pe_to_revenue_growth,
MSFT,2021-12-31,pe_to_revenue_growth,1.6668855098328816
AZO,2022-02-12,pe_to_revenue_growth,1.0359394520859224
AAPL,2022-03-26,pe_to_revenue_growth,1.4775962151462687
MSFT,2022-03-31,pe_to_revenue_growth,1.5190515690251254
BAC,2022-03-31,pe_to_revenue_growth,2.128618944917087
AFL,2022-03-31,pe_to_revenue_growth,
JPM,2022-03-31,pe_to_revenue_growth,
AZO,2022-05-07,pe_to_revenue_growth,1.5565184075999012
AAPL,2022-06-25,pe_to_revenue_growth,1.9483791957281242
MSFT,2022-06-30,pe_to_revenue_growth,1.4345319471719213
AFL,2022-06-30,pe_to_revenue_growth,
JPM,2022-06-30,pe_to_revenue_growth,
BAC,2022-06-30,pe_to_revenue_growth,1.1527651546582531
AZO,2022-08-27,pe_to_revenue_growth,1.6641624299812667
AAPL,2022-09-24,pe_to_revenue_growth,3.099476960211759
JPM,2022-09-30,pe_to_revenue_growth,
BAC,2022-09-30,pe_to_revenue_growth,1.3375771524928686
AFL,2022-09-30,pe_to_revenue_growth,
MSFT,2022-09-30,pe_to_revenue_growth,1.5913621186774396
AZO,2022-11-19,pe_to_revenue_growth,2.129812317707724
MSFT,2022-12-31,pe_to_revenue_growth,2.489202180455406
BAC,2022-12-31,pe_to_revenue_growth,1.3717784205249504
AAPL,2022-12-31,pe_to_revenue_growth,8.79481201553327
AFL,2022-12-31,pe_to_revenue_growth,
JPM,2022-12-31,pe_to_revenue_growth,1.6702571803389101
AZO,2023-02-11,pe_to_revenue_growth,2.4376628411993293
AFL,2023-03-31,pe_to_revenue_growth,
BAC,2023-03-31,pe_to_revenue_growth,0.796208213043908
JPM,2023-03-31,pe_to_revenue_growth,0.6291304227536797
MSFT,2023-03-31,pe_to_revenue_growth,3.892435178026345
AAPL,2023-04-01,pe_to_revenue_growth,
AZO,2023-05-06,pe_to_revenue_growth,2.5178853295082915
MSFT,2023-06-30,pe_to_revenue_growth,4.991459973708993
JPM,2023-06-30,pe_to_revenue_growth,0.3770613046868238
AFL,2023-06-30,pe_to_revenue_growth,
BAC,2023-06-30,pe_to_revenue_growth,0.672257577941122
AAPL,2023-07-01,pe_to_revenue_growth,
AZO,2023-08-26,pe_to_revenue_growth,2.500079971332394
JPM,2023-09-30,pe_to_revenue_growth,0.31232870880138563
AAPL,2023-09-30,pe_to_revenue_growth,
AFL,2023-09-30,pe_to_revenue_growth,
BAC,2023-09-30,pe_to_revenue_growth,0.7227565258199906
MSFT,2023-09-30,pe_to_revenue_growth,3.9878878209696595
AZO,2023-11-18,pe_to_revenue_growth,2.808999044649637
AAPL,2023-12-30,pe_to_revenue_growth,
BAC,2023-12-31,pe_to_revenue_growth,1.1842151500218312
JPM,2023-12-31,pe_to_revenue_growth,0.41652306769772246
MSFT,2023-12-31,pe_to_revenue_growth,2.8998609900438903
AFL,2023-12-31,pe_to_revenue_growth,
AZO,2024-02-10,pe_to_revenue_growth,3.2720573099275914
AAPL,2024-03-30,pe_to_revenue_growth,
JPM,2024-03-31,pe_to_revenue_growth,0.5904527407350173
MSFT,2024-03-31,pe_to_revenue_growth,2.5667229815462926
BAC,2024-03-31,pe_to_revenue_growth,2.62502361689275
AFL,2024-03-31,pe_to_revenue_growth,2.9209355578419407
AZO,2024-05-04,pe_to_revenue_growth,3.9725355849046333
AAPL,2024-06-29,pe_to_revenue_growth,
JPM,2024-06-30,pe_to_revenue_growth,0.6416363929663517
BAC,2024-06-30,pe_to_revenue_growth,6.189840890809099
MSFT,2024-06-30,pe_to_revenue_growth,2.3797314623920856
AFL,2024-06-30,pe_to_revenue_growth,2.4420803010420373
AZO,2024-08-31,pe_to_revenue_growth,3.594958805816594
AAPL,2024-09-28,pe_to_revenue_growth,18.3803516963872
JPM,2024-09-30,pe_to_revenue_growth,0.8608890823568661
MSFT,2024-09-30,pe_to_revenue_growth,2.1311638679723655
AFL,2024-09-30,pe_to_revenue_growth,
BAC,2024-09-30,pe_to_revenue_growth,
AZO,2024-11-23,pe_to_revenue_growth,3.9360021249880486
AAPL,2024-12-28,pe_to_revenue_growth,15.352658398106602
AFL,2024-12-31,pe_to_revenue_growth,
JPM,2024-12-31,pe_to_revenue_growth,0.9258259781674135
MSFT,2024-12-31,pe_to_revenue_growth,2.23068769205507
BAC,2024-12-31,pe_to_revenue_growth,4.162009525719675
AZO,2025-02-15,pe_to_revenue_growth,4.845368960035943
AAPL,2025-03-29,pe_to_revenue_growth,6.829538744284798
JPM,2025-03-31,pe_to_revenue_growth,0.9459827109707143
BAC,2025-03-31,pe_to_revenue_growth,1.9597965356163094
MSFT,2025-03-31,pe_to_revenue_growth,2.031395855536118
AFL,2025-03-31,pe_to_revenue_growth,
AZO,2025-05-10,pe_to_revenue_growth,4.774496792621583
AAPL,2025-06-28,pe_to_revenue_growth,5.050951924787853
AFL,2025-06-30,pe_to_revenue_growth,
MSFT,2025-06-30,pe_to_revenue_growth,2.4226036830647346
BAC,2025-06-30,pe_to_revenue_growth,1.6583311851103286
JPM,2025-06-30,pe_to_revenue_growth,4.712073793563334
AZO,2025-08-30,pe_to_revenue_growth,11.94962878227482
AAPL,2025-09-27,pe_to_revenue_growth,5.31078465222287
MSFT,2025-09-30,pe_to_revenue_growth,2.3498001553105756
JPM,2025-09-30,pe_to_revenue_growth,4.224366249586825
BAC,2025-09-30,pe_to_revenue_growth,1.2949986607666617
AFL,2025-09-30,pe_to_revenue_growth,6.0540042698155165
AZO,2025-11-22,pe_to_revenue_growth,7.098531715045392
AAPL,2025-12-27,pe_to_revenue_growth,3.407412061932958
AFL,2025-12-31,pe_to_revenue_growth,
MSFT,2025-12-31,pe_to_revenue_growth,1.8063005743924503
JPM,2025-12-31,pe_to_revenue_growth,5.6282167021520815
BAC,2025-12-31,pe_to_revenue_growth,1.5921003468074753
AZO,2026-02-14,pe_to_revenue_growth,5.334337595247788
AAPL,2026-03-28,pe_to_revenue_growth,2.3408300871430927
MSFT,2026-03-31,pe_to_revenue_growth,1.2286608622296427
JPM,2026-03-31,pe_to_revenue_growth,4.033370891583648
BAC,2026-03-31,pe_to_revenue_growth,1.4104997717429857
AFL,2026-03-31,pe_to_revenue_growth,1.6721775658776474
AZO,2026-05-09,pe_to_revenue_growth,4.141657854309712
AAPL,2026-06-27,pe_to_revenue_growth,2.2740257447624286
JPM,2026-06-30,pe_to_revenue_growth,0.9980149324367148
BAC,2026-06-30,pe_to_revenue_growth,1.2680592249153686
AFL,2026-06-30,pe_to_revenue_growth,0.8984700438494286
MSFT,2026-06-30,pe_to_revenue_growth,1.1685002075881294
AMT,2006-12-31,p_ffo,
O,2007-12-31,p_ffo,
AMT,2007-12-31,p_ffo,
AMT,2008-06-30,p_ffo,
AMT,2008-09-30,p_ffo,
AMT,2008-12-31,p_ffo,
O,2008-12-31,p_ffo,
AMT,2009-03-31,p_ffo,
AMT,2009-06-30,p_ffo,
O,2009-06-30,p_ffo,
O,2009-09-30,p_ffo,
AMT,2009-09-30,p_ffo,
O,2009-12-31,p_ffo,
AMT,2009-12-31,p_ffo,19.070431689919353
O,2010-03-31,p_ffo,
AMT,2010-03-31,p_ffo,17.478596680672457
O,2010-06-30,p_ffo,
AMT,2010-06-30,p_ffo,16.979045789051554
O,2010-09-30,p_ffo,
AMT,2010-09-30,p_ffo,18.60456393990364
AMT,2010-12-31,p_ffo,17.948761376518473
O,2010-12-31,p_ffo,7.52688922998863
AMT,2011-03-31,p_ffo,17.578770077371583
O,2011-03-31,p_ffo,8.40243155785806
O,2011-06-30,p_ffo,8.16046131026992
AMT,2011-06-30,p_ffo,16.81405229481888
AMT,2011-09-30,p_ffo,18.802139541050323
O,2011-09-30,p_ffo,7.472171503108943
O,2011-12-31,p_ffo,7.835389314301037
AMT,2011-12-31,p_ffo,18.197768920127693
AMT,2012-03-31,p_ffo,16.46893907686474
O,2012-03-31,p_ffo,8.872135406167912
AMT,2012-06-30,p_ffo,18.98279560280984
O,2012-06-30,p_ffo,9.348423638745013
O,2012-09-30,p_ffo,9.191055101484386
AMT,2012-09-30,p_ffo,15.784311441424395
AMT,2012-12-31,p_ffo,17.591698239135003
O,2012-12-31,p_ffo,8.848322985106195
O,2013-03-31,p_ffo,10.76319320167778
AMT,2013-03-31,p_ffo,17.718440743379183
AMT,2013-06-30,p_ffo,16.147024137383266
O,2013-06-30,p_ffo,10.065863866644847
O,2013-09-30,p_ffo,8.53646417546184
AMT,2013-09-30,p_ffo,16.51159646159291
AMT,2013-12-31,p_ffo,17.47602992713288
O,2013-12-31,p_ffo,6.939439913970029
AMT,2014-03-31,p_ffo,16.792377874121026
O,2014-03-31,p_ffo,8.205372096629917
AMT,2014-06-30,p_ffo,16.40087032002661
O,2014-06-30,p_ffo,9.241161513794703
AMT,2014-09-30,p_ffo,16.255940653421142
O,2014-09-30,p_ffo,8.125345154039591
AMT,2014-12-31,p_ffo,16.281102237132604
O,2014-12-31,p_ffo,9.102840596048358
O,2015-03-31,p_ffo,9.99990222917181
AMT,2015-03-31,p_ffo,15.793890400992515
AMT,2015-06-30,p_ffo,16.42798147419675
O,2015-06-30,p_ffo,8.81587571033076
AMT,2015-09-30,p_ffo,15.689815552727053
O,2015-09-30,p_ffo,9.638096335143787
O,2015-12-31,p_ffo,10.376480549494888
AMT,2015-12-31,p_ffo,15.976707011076382
AMT,2016-03-31,p_ffo,15.782650616552584
O,2016-03-31,p_ffo,13.223508667000646
AMT,2016-06-30,p_ffo,16.931929765978992
O,2016-06-30,p_ffo,14.615177602870308
AMT,2016-09-30,p_ffo,15.493079622010407
O,2016-09-30,p_ffo,14.118531859244452
AMT,2016-12-31,p_ffo,14.31543927517854
O,2016-12-31,p_ffo,11.770004763130169
O,2017-03-31,p_ffo,12.211513430082373
AMT,2017-03-31,p_ffo,15.735879466599572
O,2017-06-30,p_ffo,11.581007789388035
AMT,2017-06-30,p_ffo,16.206737746252518
AMT,2017-09-30,p_ffo,16.400986120471416
O,2017-09-30,p_ffo,11.909300678434018
AMT,2017-12-31,p_ffo,16.653405253264584
O,2017-12-31,p_ffo,12.88739068911627
AMT,2018-03-31,p_ffo,17.266860981161525
O,2018-03-31,p_ffo,12.112849209049303
O,2018-06-30,p_ffo,12.464371065978769
AMT,2018-06-30,p_ffo,17.58667613283644
O,2018-09-30,p_ffo,13.331536113388967
AMT,2018-09-30,p_ffo,17.42067958346248
O,2018-12-31,p_ffo,13.979713453678833
AMT,2018-12-31,p_ffo,17.094762535532848
AMT,2019-03-31,p_ffo,20.738176123763374
O,2019-03-31,p_ffo,16.68861078013525
AMT,2019-06-30,p_ffo,21.002744201355117
O,2019-06-30,p_ffo,15.909135379593232
AMT,2019-09-30,p_ffo,22.06318092624772
O,2019-09-30,p_ffo,17.964064567620035
AMT,2019-12-31,p_ffo,23.211319173665427
O,2019-12-31,p_ffo,16.23892160851147
AMT,2020-03-31,p_ffo,21.694055322494062
O,2020-03-31,p_ffo,11.48098146038872
O,2020-06-30,p_ffo,13.668899107087562
AMT,2020-06-30,p_ffo,25.81612720406525
O,2020-09-30,p_ffo,15.249020357095173
AMT,2020-09-30,p_ffo,24.290506735998573
AMT,2020-12-31,p_ffo,23.733654604488496
O,2020-12-31,p_ffo,15.750003580220136
AMT,2021-03-31,p_ffo,23.449197573282994
O,2021-03-31,p_ffo,17.634873591339456
O,2021-06-30,p_ffo,18.44472480396106
AMT,2021-06-30,p_ffo,24.574357637426743
AMT,2021-09-30,p_ffo,22.416904714037617
O,2021-09-30,p_ffo,16.609890679511604
AMT,2021-12-31,p_ffo,23.366113790706663
O,2021-12-31,p_ffo,19.439563837595603
O,2022-03-31,p_ffo,21.408031792901703
AMT,2022-03-31,p_ffo,18.856612113504617
AMT,2022-06-30,p_ffo,18.05856260667971
O,2022-06-30,p_ffo,18.106932744446247
AMT,2022-09-30,p_ffo,14.37930715119647
O,2022-09-30,p_ffo,13.933191191402534
AMT,2022-12-31,p_ffo,17.621450451079106
O,2022-12-31,p_ffo,13.103856114775597
AMT,2023-03-31,p_ffo,18.6488935654832
O,2023-03-31,p_ffo,13.845579955552473
AMT,2023-06-30,p_ffo,20.13584195773317
O,2023-06-30,p_ffo,13.15376574967493
AMT,2023-09-30,p_ffo,18.891085819848055
O,2023-09-30,p_ffo,11.173662727839114
O,2023-12-31,p_ffo,12.584940356386696
AMT,2023-12-31,p_ffo,20.403916140213628
O,2024-03-31,p_ffo,14.369293919058999
AMT,2024-03-31,p_ffo,17.547345424663245
O,2024-06-30,p_ffo,13.86613283043289
AMT,2024-06-30,p_ffo,16.932816669007646
AMT,2024-09-30,p_ffo,30.190465665429734
O,2024-09-30,p_ffo,16.35243653524254
O,2024-12-31,p_ffo,13.412594199839889
AMT,2024-12-31,p_ffo,18.990088945966992
AMT,2025-03-31,p_ffo,25.163240827767318
O,2025-03-31,p_ffo,14.619945626934012
AMT,2025-06-30,p_ffo,30.275735174829137
O,2025-06-30,p_ffo,15.066843943110912
O,2025-09-30,p_ffo,15.948171089353092
AMT,2025-09-30,p_ffo,17.646761676704582
O,2025-12-31,p_ffo,14.589937568262261
AMT,2025-12-31,p_ffo,17.65767947128258
O,2026-03-31,p_ffo,16.169243445623735
AMT,2026-03-31,p_ffo,15.906026293884125
O,2026-06-30,p_ffo,15.932580875739902
AAPL,2006-09-30,buyback_distortion_flag,
AMT,2006-12-31,buyback_distortion_flag,
JPM,2006-12-31,buyback_distortion_flag,
BAC,2006-12-31,buyback_distortion_flag,
AFL,2006-12-31,buyback_distortion_flag,
MSFT,2007-06-30,buyback_distortion_flag,
AZO,2007-08-25,buyback_distortion_flag,
AAPL,2007-09-29,buyback_distortion_flag,
JPM,2007-12-31,buyback_distortion_flag,
BAC,2007-12-31,buyback_distortion_flag,
AFL,2007-12-31,buyback_distortion_flag,
O,2007-12-31,buyback_distortion_flag,
AMT,2007-12-31,buyback_distortion_flag,
AAPL,2008-06-28,buyback_distortion_flag,
JPM,2008-06-30,buyback_distortion_flag,
BAC,2008-06-30,buyback_distortion_flag,
AMT,2008-06-30,buyback_distortion_flag,
AFL,2008-06-30,buyback_distortion_flag,
MSFT,2008-06-30,buyback_distortion_flag,
AZO,2008-08-30,buyback_distortion_flag,
AAPL,2008-09-27,buyback_distortion_flag,
JPM,2008-09-30,buyback_distortion_flag,0.0
AMT,2008-09-30,buyback_distortion_flag,
MSFT,2008-09-30,buyback_distortion_flag,0.0
AFL,2008-09-30,buyback_distortion_flag,0.0
BAC,2008-09-30,buyback_distortion_flag,0.0
AZO,2008-11-22,buyback_distortion_flag,
AAPL,2008-12-27,buyback_distortion_flag,
AFL,2008-12-31,buyback_distortion_flag,0.0
AMT,2008-12-31,buyback_distortion_flag,0.0
BAC,2008-12-31,buyback_distortion_flag,0.0
O,2008-12-31,buyback_distortion_flag,
MSFT,2008-12-31,buyback_distortion_flag,0.0
JPM,2008-12-31,buyback_distortion_flag,0.0
AZO,2009-02-14,buyback_distortion_flag,
AAPL,2009-03-28,buyback_distortion_flag,
AFL,2009-03-31,buyback_distortion_flag,0.0
BAC,2009-03-31,buyback_distortion_flag,0.0
MSFT,2009-03-31,buyback_distortion_flag,0.0
AMT,2009-03-31,buyback_distortion_flag,0.0
JPM,2009-03-31,buyback_distortion_flag,0.0
AZO,2009-05-09,buyback_distortion_flag,
AAPL,2009-06-27,buyback_distortion_flag,
MSFT,2009-06-30,buyback_distortion_flag,0.0
BAC,2009-06-30,buyback_distortion_flag,0.0
AFL,2009-06-30,buyback_distortion_flag,0.0
AMT,2009-06-30,buyback_distortion_flag,0.0
JPM,2009-06-30,buyback_distortion_flag,0.0
O,2009-06-30,buyback_distortion_flag,
AZO,2009-08-29,buyback_distortion_flag,
AAPL,2009-09-26,buyback_distortion_flag,0.0
O,2009-09-30,buyback_distortion_flag,
MSFT,2009-09-30,buyback_distortion_flag,0.0
AMT,2009-09-30,buyback_distortion_flag,0.0
BAC,2009-09-30,buyback_distortion_flag,0.0
JPM,2009-09-30,buyback_distortion_flag,0.0
AFL,2009-09-30,buyback_distortion_flag,0.0
AZO,2009-11-21,buyback_distortion_flag,
AAPL,2009-12-26,buyback_distortion_flag,0.0
O,2009-12-31,buyback_distortion_flag,
AFL,2009-12-31,buyback_distortion_flag,0.0
BAC,2009-12-31,buyback_distortion_flag,0.0
JPM,2009-12-31,buyback_distortion_flag,0.0
AMT,2009-12-31,buyback_distortion_flag,0.0
MSFT,2009-12-31,buyback_distortion_flag,0.0
AZO,2010-02-13,buyback_distortion_flag,
AAPL,2010-03-27,buyback_distortion_flag,0.0
BAC,2010-03-31,buyback_distortion_flag,0.0
O,2010-03-31,buyback_distortion_flag,
JPM,2010-03-31,buyback_distortion_flag,0.0
AFL,2010-03-31,buyback_distortion_flag,0.0
MSFT,2010-03-31,buyback_distortion_flag,0.0
AMT,2010-03-31,buyback_distortion_flag,0.0
AZO,2010-05-08,buyback_distortion_flag,
AAPL,2010-06-26,buyback_distortion_flag,0.0
BAC,2010-06-30,buyback_distortion_flag,0.0
O,2010-06-30,buyback_distortion_flag,
AFL,2010-06-30,buyback_distortion_flag,0.0
AMT,2010-06-30,buyback_distortion_flag,0.0
JPM,2010-06-30,buyback_distortion_flag,0.0
MSFT,2010-06-30,buyback_distortion_flag,0.0
AZO,2010-08-28,buyback_distortion_flag,
AAPL,2010-09-25,buyback_distortion_flag,0.0
MSFT,2010-09-30,buyback_distortion_flag,0.0
BAC,2010-09-30,buyback_distortion_flag,0.0
AFL,2010-09-30,buyback_distortion_flag,0.0
O,2010-09-30,buyback_distortion_flag,0.0
AMT,2010-09-30,buyback_distortion_flag,0.0
JPM,2010-09-30,buyback_distortion_flag,0.0
AZO,2010-11-20,buyback_distortion_flag,
AAPL,2010-12-25,buyback_distortion_flag,0.0
BAC,2010-12-31,buyback_distortion_flag,0.0
AMT,2010-12-31,buyback_distortion_flag,0.0
JPM,2010-12-31,buyback_distortion_flag,0.0
MSFT,2010-12-31,buyback_distortion_flag,0.0
AFL,2010-12-31,buyback_distortion_flag,0.0
O,2010-12-31,buyback_distortion_flag,0.0
AZO,2011-02-12,buyback_distortion_flag,
AAPL,2011-03-26,buyback_distortion_flag,0.0
AMT,2011-03-31,buyback_distortion_flag,0.0
O,2011-03-31,buyback_distortion_flag,0.0
BAC,2011-03-31,buyback_distortion_flag,0.0
JPM,2011-03-31,buyback_distortion_flag,0.0
MSFT,2011-03-31,buyback_distortion_flag,0.0
AFL,2011-03-31,buyback_distortion_flag,0.0
AZO,2011-05-07,buyback_distortion_flag,
AAPL,2011-06-25,buyback_distortion_flag,0.0
MSFT,2011-06-30,buyback_distortion_flag,0.0
O,2011-06-30,buyback_distortion_flag,0.0
AFL,2011-06-30,buyback_distortion_flag,0.0
AMT,2011-06-30,buyback_distortion_flag,0.0
BAC,2011-06-30,buyback_distortion_flag,0.0
JPM,2011-06-30,buyback_distortion_flag,0.0
AZO,2011-08-27,buyback_distortion_flag,
AAPL,2011-09-24,buyback_distortion_flag,0.0
MSFT,2011-09-30,buyback_distortion_flag,0.0
AMT,2011-09-30,buyback_distortion_flag,0.0
O,2011-09-30,buyback_distortion_flag,0.0
AFL,2011-09-30,buyback_distortion_flag,0.0
BAC,2011-09-30,buyback_distortion_flag,0.0
JPM,2011-09-30,buyback_distortion_flag,0.0
AZO,2011-11-19,buyback_distortion_flag,
JPM,2011-12-31,buyback_distortion_flag,0.0
MSFT,2011-12-31,buyback_distortion_flag,0.0
AAPL,2011-12-31,buyback_distortion_flag,0.0
O,2011-12-31,buyback_distortion_flag,0.0
AMT,2011-12-31,buyback_distortion_flag,0.0
BAC,2011-12-31,buyback_distortion_flag,0.0
AFL,2011-12-31,buyback_distortion_flag,0.0
AZO,2012-02-11,buyback_distortion_flag,
MSFT,2012-03-31,buyback_distortion_flag,0.0
AMT,2012-03-31,buyback_distortion_flag,0.0
AAPL,2012-03-31,buyback_distortion_flag,0.0
AFL,2012-03-31,buyback_distortion_flag,0.0
JPM,2012-03-31,buyback_distortion_flag,0.0
BAC,2012-03-31,buyback_distortion_flag,0.0
O,2012-03-31,buyback_distortion_flag,0.0
AZO,2012-05-05,buyback_distortion_flag,
BAC,2012-06-30,buyback_distortion_flag,0.0
AAPL,2012-06-30,buyback_distortion_flag,0.0
AMT,2012-06-30,buyback_distortion_flag,0.0
O,2012-06-30,buyback_distortion_flag,0.0
AFL,2012-06-30,buyback_distortion_flag,0.0
JPM,2012-06-30,buyback_distortion_flag,0.0
MSFT,2012-06-30,buyback_distortion_flag,0.0
AZO,2012-08-25,buyback_distortion_flag,
AAPL,2012-09-29,buyback_distortion_flag,0.0
MSFT,2012-09-30,buyback_distortion_flag,0.0
O,2012-09-30,buyback_distortion_flag,0.0
AMT,2012-09-30,buyback_distortion_flag,0.0
AFL,2012-09-30,buyback_distortion_flag,0.0
JPM,2012-09-30,buyback_distortion_flag,0.0
BAC,2012-09-30,buyback_distortion_flag,0.0
AZO,2012-11-17,buyback_distortion_flag,
AAPL,2012-12-29,buyback_distortion_flag,0.0
AMT,2012-12-31,buyback_distortion_flag,0.0
BAC,2012-12-31,buyback_distortion_flag,0.0
O,2012-12-31,buyback_distortion_flag,0.0
AFL,2012-12-31,buyback_distortion_flag,0.0
MSFT,2012-12-31,buyback_distortion_flag,0.0
JPM,2012-12-31,buyback_distortion_flag,0.0
AZO,2013-02-09,buyback_distortion_flag,
AAPL,2013-03-30,buyback_distortion_flag,0.0
AFL,2013-03-31,buyback_distortion_flag,0.0
BAC,2013-03-31,buyback_distortion_flag,0.0
MSFT,2013-03-31,buyback_distortion_flag,0.0
O,2013-03-31,buyback_distortion_flag,0.0
AMT,2013-03-31,buyback_distortion_flag,0.0
JPM,2013-03-31,buyback_distortion_flag,0.0
AZO,2013-05-04,buyback_distortion_flag,
AAPL,2013-06-29,buyback_distortion_flag,0.0
JPM,2013-06-30,buyback_distortion_flag,0.0
MSFT,2013-06-30,buyback_distortion_flag,0.0
BAC,2013-06-30,buyback_distortion_flag,0.0
AMT,2013-06-30,buyback_distortion_flag,0.0
AFL,2013-06-30,buyback_distortion_flag,0.0
O,2013-06-30,buyback_distortion_flag,0.0
AZO,2013-08-31,buyback_distortion_flag,
AAPL,2013-09-28,buyback_distortion_flag,0.0
JPM,2013-09-30,buyback_distortion_flag,0.0
AFL,2013-09-30,buyback_distortion_flag,0.0
O,2013-09-30,buyback_distortion_flag,0.0
MSFT,2013-09-30,buyback_distortion_flag,0.0
AMT,2013-09-30,buyback_distortion_flag,0.0
BAC,2013-09-30,buyback_distortion_flag,0.0
AZO,2013-11-23,buyback_distortion_flag,
AAPL,2013-12-28,buyback_distortion_flag,0.0
AFL,2013-12-31,buyback_distortion_flag,0.0
MSFT,2013-12-31,buyback_distortion_flag,0.0
AMT,2013-12-31,buyback_distortion_flag,0.0
O,2013-12-31,buyback_distortion_flag,0.0
BAC,2013-12-31,buyback_distortion_flag,0.0
JPM,2013-12-31,buyback_distortion_flag,0.0
AZO,2014-02-15,buyback_distortion_flag,
AAPL,2014-03-29,buyback_distortion_flag,0.0
AFL,2014-03-31,buyback_distortion_flag,0.0
MSFT,2014-03-31,buyback_distortion_flag,0.0
BAC,2014-03-31,buyback_distortion_flag,0.0
AMT,2014-03-31,buyback_distortion_flag,0.0
O,2014-03-31,buyback_distortion_flag,0.0
JPM,2014-03-31,buyback_distortion_flag,0.0
AZO,2014-05-10,buyback_distortion_flag,
AAPL,2014-06-28,buyback_distortion_flag,0.0
AFL,2014-06-30,buyback_distortion_flag,0.0
AMT,2014-06-30,buyback_distortion_flag,0.0
MSFT,2014-06-30,buyback_distortion_flag,0.0
BAC,2014-06-30,buyback_distortion_flag,0.0
O,2014-06-30,buyback_distortion_flag,0.0
JPM,2014-06-30,buyback_distortion_flag,0.0
AZO,2014-08-30,buyback_distortion_flag,
AAPL,2014-09-27,buyback_distortion_flag,0.0
MSFT,2014-09-30,buyback_distortion_flag,0.0
BAC,2014-09-30,buyback_distortion_flag,0.0
AMT,2014-09-30,buyback_distortion_flag,0.0
AFL,2014-09-30,buyback_distortion_flag,0.0
O,2014-09-30,buyback_distortion_flag,0.0
JPM,2014-09-30,buyback_distortion_flag,0.0
AZO,2014-11-22,buyback_distortion_flag,
AAPL,2014-12-27,buyback_distortion_flag,0.0
BAC,2014-12-31,buyback_distortion_flag,0.0
AMT,2014-12-31,buyback_distortion_flag,0.0
JPM,2014-12-31,buyback_distortion_flag,0.0
MSFT,2014-12-31,buyback_distortion_flag,0.0
O,2014-12-31,buyback_distortion_flag,0.0
AFL,2014-12-31,buyback_distortion_flag,0.0
AZO,2015-02-14,buyback_distortion_flag,
AAPL,2015-03-28,buyback_distortion_flag,0.0
JPM,2015-03-31,buyback_distortion_flag,0.0
BAC,2015-03-31,buyback_distortion_flag,0.0
MSFT,2015-03-31,buyback_distortion_flag,0.0
O,2015-03-31,buyback_distortion_flag,0.0
AFL,2015-03-31,buyback_distortion_flag,0.0
AMT,2015-03-31,buyback_distortion_flag,0.0
AZO,2015-05-09,buyback_distortion_flag,
AAPL,2015-06-27,buyback_distortion_flag,0.0
JPM,2015-06-30,buyback_distortion_flag,0.0
MSFT,2015-06-30,buyback_distortion_flag,0.0
AMT,2015-06-30,buyback_distortion_flag,0.0
AFL,2015-06-30,buyback_distortion_flag,0.0
O,2015-06-30,buyback_distortion_flag,0.0
BAC,2015-06-30,buyback_distortion_flag,0.0
AZO,2015-08-29,buyback_distortion_flag,
AAPL,2015-09-26,buyback_distortion_flag,0.0
AFL,2015-09-30,buyback_distortion_flag,0.0
AMT,2015-09-30,buyback_distortion_flag,0.0
MSFT,2015-09-30,buyback_distortion_flag,0.0
BAC,2015-09-30,buyback_distortion_flag,0.0
JPM,2015-09-30,buyback_distortion_flag,0.0
O,2015-09-30,buyback_distortion_flag,0.0
AZO,2015-11-21,buyback_distortion_flag,
AAPL,2015-12-26,buyback_distortion_flag,0.0
MSFT,2015-12-31,buyback_distortion_flag,0.0
AFL,2015-12-31,buyback_distortion_flag,0.0
JPM,2015-12-31,buyback_distortion_flag,0.0
O,2015-12-31,buyback_distortion_flag,0.0
AMT,2015-12-31,buyback_distortion_flag,0.0
BAC,2015-12-31,buyback_distortion_flag,0.0
AZO,2016-02-13,buyback_distortion_flag,
AAPL,2016-03-26,buyback_distortion_flag,0.0
BAC,2016-03-31,buyback_distortion_flag,0.0
MSFT,2016-03-31,buyback_distortion_flag,0.0
AMT,2016-03-31,buyback_distortion_flag,0.0
AFL,2016-03-31,buyback_distortion_flag,0.0
O,2016-03-31,buyback_distortion_flag,0.0
JPM,2016-03-31,buyback_distortion_flag,0.0
AZO,2016-05-07,buyback_distortion_flag,
AAPL,2016-06-25,buyback_distortion_flag,0.0
MSFT,2016-06-30,buyback_distortion_flag,0.0
AFL,2016-06-30,buyback_distortion_flag,0.0
BAC,2016-06-30,buyback_distortion_flag,0.0
AMT,2016-06-30,buyback_distortion_flag,0.0
JPM,2016-06-30,buyback_distortion_flag,0.0
O,2016-06-30,buyback_distortion_flag,0.0
AZO,2016-08-27,buyback_distortion_flag,
AAPL,2016-09-24,buyback_distortion_flag,0.0
AMT,2016-09-30,buyback_distortion_flag,0.0
MSFT,2016-09-30,buyback_distortion_flag,0.0
BAC,2016-09-30,buyback_distortion_flag,0.0
JPM,2016-09-30,buyback_distortion_flag,0.0
O,2016-09-30,buyback_distortion_flag,0.0
AFL,2016-09-30,buyback_distortion_flag,0.0
AZO,2016-11-19,buyback_distortion_flag,
MSFT,2016-12-31,buyback_distortion_flag,0.0
AMT,2016-12-31,buyback_distortion_flag,0.0
AAPL,2016-12-31,buyback_distortion_flag,0.0
O,2016-12-31,buyback_distortion_flag,0.0
JPM,2016-12-31,buyback_distortion_flag,0.0
AFL,2016-12-31,buyback_distortion_flag,0.0
BAC,2016-12-31,buyback_distortion_flag,0.0
AZO,2017-02-11,buyback_distortion_flag,
MSFT,2017-03-31,buyback_distortion_flag,0.0
O,2017-03-31,buyback_distortion_flag,0.0
AMT,2017-03-31,buyback_distortion_flag,0.0
JPM,2017-03-31,buyback_distortion_flag,0.0
BAC,2017-03-31,buyback_distortion_flag,0.0
AFL,2017-03-31,buyback_distortion_flag,0.0
AAPL,2017-04-01,buyback_distortion_flag,0.0
AZO,2017-05-06,buyback_distortion_flag,
O,2017-06-30,buyback_distortion_flag,0.0
MSFT,2017-06-30,buyback_distortion_flag,0.0
AMT,2017-06-30,buyback_distortion_flag,0.0
JPM,2017-06-30,buyback_distortion_flag,0.0
AFL,2017-06-30,buyback_distortion_flag,0.0
BAC,2017-06-30,buyback_distortion_flag,0.0
AAPL,2017-07-01,buyback_distortion_flag,0.0
AZO,2017-08-26,buyback_distortion_flag,
AAPL,2017-09-30,buyback_distortion_flag,0.0
AMT,2017-09-30,buyback_distortion_flag,0.0
O,2017-09-30,buyback_distortion_flag,0.0
JPM,2017-09-30,buyback_distortion_flag,0.0
MSFT,2017-09-30,buyback_distortion_flag,0.0
AFL,2017-09-30,buyback_distortion_flag,0.0
BAC,2017-09-30,buyback_distortion_flag,0.0
AZO,2017-11-18,buyback_distortion_flag,
AAPL,2017-12-30,buyback_distortion_flag,0.0
BAC,2017-12-31,buyback_distortion_flag,0.0
AMT,2017-12-31,buyback_distortion_flag,0.0
MSFT,2017-12-31,buyback_distortion_flag,0.0
JPM,2017-12-31,buyback_distortion_flag,0.0
AFL,2017-12-31,buyback_distortion_flag,0.0
O,2017-12-31,buyback_distortion_flag,0.0
AZO,2018-02-10,buyback_distortion_flag,
JPM,2018-03-31,buyback_distortion_flag,0.0
MSFT,2018-03-31,buyback_distortion_flag,0.0
AAPL,2018-03-31,buyback_distortion_flag,0.0
AMT,2018-03-31,buyback_distortion_flag,0.0
O,2018-03-31,buyback_distortion_flag,0.0
AFL,2018-03-31,buyback_distortion_flag,0.0
BAC,2018-03-31,buyback_distortion_flag,0.0
AZO,2018-05-05,buyback_distortion_flag,
BAC,2018-06-30,buyback_distortion_flag,0.0
AAPL,2018-06-30,buyback_distortion_flag,0.0
O,2018-06-30,buyback_distortion_flag,0.0
AFL,2018-06-30,buyback_distortion_flag,0.0
JPM,2018-06-30,buyback_distortion_flag,0.0
AMT,2018-06-30,buyback_distortion_flag,0.0
MSFT,2018-06-30,buyback_distortion_flag,0.0
AZO,2018-08-25,buyback_distortion_flag,
AAPL,2018-09-29,buyback_distortion_flag,0.0
O,2018-09-30,buyback_distortion_flag,0.0
MSFT,2018-09-30,buyback_distortion_flag,0.0
BAC,2018-09-30,buyback_distortion_flag,0.0
AFL,2018-09-30,buyback_distortion_flag,0.0
AMT,2018-09-30,buyback_distortion_flag,0.0
JPM,2018-09-30,buyback_distortion_flag,0.0
AZO,2018-11-17,buyback_distortion_flag,
AAPL,2018-12-29,buyback_distortion_flag,0.0
O,2018-12-31,buyback_distortion_flag,0.0
AMT,2018-12-31,buyback_distortion_flag,0.0
AFL,2018-12-31,buyback_distortion_flag,0.0
BAC,2018-12-31,buyback_distortion_flag,0.0
MSFT,2018-12-31,buyback_distortion_flag,0.0
JPM,2018-12-31,buyback_distortion_flag,0.0
AZO,2019-02-09,buyback_distortion_flag,
AAPL,2019-03-30,buyback_distortion_flag,0.0
AMT,2019-03-31,buyback_distortion_flag,0.0
BAC,2019-03-31,buyback_distortion_flag,0.0
JPM,2019-03-31,buyback_distortion_flag,0.0
MSFT,2019-03-31,buyback_distortion_flag,0.0
O,2019-03-31,buyback_distortion_flag,0.0
AFL,2019-03-31,buyback_distortion_flag,0.0
AZO,2019-05-04,buyback_distortion_flag,
AAPL,2019-06-29,buyback_distortion_flag,0.0
BAC,2019-06-30,buyback_distortion_flag,0.0
JPM,2019-06-30,buyback_distortion_flag,0.0
AMT,2019-06-30,buyback_distortion_flag,0.0
O,2019-06-30,buyback_distortion_flag,0.0
MSFT,2019-06-30,buyback_distortion_flag,0.0
AFL,2019-06-30,buyback_distortion_flag,0.0
AZO,2019-08-31,buyback_distortion_flag,
AAPL,2019-09-28,buyback_distortion_flag,0.0
JPM,2019-09-30,buyback_distortion_flag,0.0
AFL,2019-09-30,buyback_distortion_flag,0.0
MSFT,2019-09-30,buyback_distortion_flag,0.0
BAC,2019-09-30,buyback_distortion_flag,0.0
AMT,2019-09-30,buyback_distortion_flag,0.0
O,2019-09-30,buyback_distortion_flag,0.0
AZO,2019-11-23,buyback_distortion_flag,
AAPL,2019-12-28,buyback_distortion_flag,0.0
BAC,2019-12-31,buyback_distortion_flag,0.0
JPM,2019-12-31,buyback_distortion_flag,0.0
MSFT,2019-12-31,buyback_distortion_flag,0.0
AMT,2019-12-31,buyback_distortion_flag,0.0
AFL,2019-12-31,buyback_distortion_flag,0.0
O,2019-12-31,buyback_distortion_flag,0.0
AZO,2020-02-15,buyback_distortion_flag,
AAPL,2020-03-28,buyback_distortion_flag,0.0
BAC,2020-03-31,buyback_distortion_flag,0.0
AMT,2020-03-31,buyback_distortion_flag,1.0
JPM,2020-03-31,buyback_distortion_flag,0.0
AFL,2020-03-31,buyback_distortion_flag,0.0
O,2020-03-31,buyback_distortion_flag,0.0
MSFT,2020-03-31,buyback_distortion_flag,0.0
AZO,2020-05-09,buyback_distortion_flag,
AAPL,2020-06-27,buyback_distortion_flag,0.0
BAC,2020-06-30,buyback_distortion_flag,0.0
AFL,2020-06-30,buyback_distortion_flag,0.0
JPM,2020-06-30,buyback_distortion_flag,0.0
MSFT,2020-06-30,buyback_distortion_flag,0.0
O,2020-06-30,buyback_distortion_flag,0.0
AMT,2020-06-30,buyback_distortion_flag,0.0
AZO,2020-08-29,buyback_distortion_flag,
AAPL,2020-09-26,buyback_distortion_flag,0.0
O,2020-09-30,buyback_distortion_flag,0.0
AFL,2020-09-30,buyback_distortion_flag,0.0
AMT,2020-09-30,buyback_distortion_flag,0.0
BAC,2020-09-30,buyback_distortion_flag,0.0
MSFT,2020-09-30,buyback_distortion_flag,0.0
JPM,2020-09-30,buyback_distortion_flag,0.0
AZO,2020-11-21,buyback_distortion_flag,
AAPL,2020-12-26,buyback_distortion_flag,0.0
BAC,2020-12-31,buyback_distortion_flag,0.0
JPM,2020-12-31,buyback_distortion_flag,0.0
AMT,2020-12-31,buyback_distortion_flag,0.0
MSFT,2020-12-31,buyback_distortion_flag,0.0
AFL,2020-12-31,buyback_distortion_flag,0.0
O,2020-12-31,buyback_distortion_flag,0.0
AZO,2021-02-13,buyback_distortion_flag,
AAPL,2021-03-27,buyback_distortion_flag,0.0
JPM,2021-03-31,buyback_distortion_flag,0.0
AMT,2021-03-31,buyback_distortion_flag,0.0
AFL,2021-03-31,buyback_distortion_flag,0.0
O,2021-03-31,buyback_distortion_flag,0.0
BAC,2021-03-31,buyback_distortion_flag,0.0
MSFT,2021-03-31,buyback_distortion_flag,0.0
AZO,2021-05-08,buyback_distortion_flag,
AAPL,2021-06-26,buyback_distortion_flag,0.0
AFL,2021-06-30,buyback_distortion_flag,0.0
BAC,2021-06-30,buyback_distortion_flag,0.0
O,2021-06-30,buyback_distortion_flag,0.0
JPM,2021-06-30,buyback_distortion_flag,0.0
MSFT,2021-06-30,buyback_distortion_flag,0.0
AMT,2021-06-30,buyback_distortion_flag,0.0
AZO,2021-08-28,buyback_distortion_flag,
AAPL,2021-09-25,buyback_distortion_flag,0.0
JPM,2021-09-30,buyback_distortion_flag,0.0
MSFT,2021-09-30,buyback_distortion_flag,0.0
AMT,2021-09-30,buyback_distortion_flag,0.0
BAC,2021-09-30,buyback_distortion_flag,0.0
O,2021-09-30,buyback_distortion_flag,0.0
AFL,2021-09-30,buyback_distortion_flag,0.0
AZO,2021-11-20,buyback_distortion_flag,
AAPL,2021-12-25,buyback_distortion_flag,0.0
AFL,2021-12-31,buyback_distortion_flag,1.0
AMT,2021-12-31,buyback_distortion_flag,0.0
O,2021-12-31,buyback_distortion_flag,0.0
BAC,2021-12-31,buyback_distortion_flag,0.0
JPM,2021-12-31,buyback_distortion_flag,0.0
MSFT,2021-12-31,buyback_distortion_flag,0.0
AZO,2022-02-12,buyback_distortion_flag,
AAPL,2022-03-26,buyback_distortion_flag,0.0
MSFT,2022-03-31,buyback_distortion_flag,0.0
O,2022-03-31,buyback_distortion_flag,0.0
AMT,2022-03-31,buyback_distortion_flag,0.0
BAC,2022-03-31,buyback_distortion_flag,0.0
AFL,2022-03-31,buyback_distortion_flag,0.0
JPM,2022-03-31,buyback_distortion_flag,0.0
AZO,2022-05-07,buyback_distortion_flag,
AAPL,2022-06-25,buyback_distortion_flag,0.0
MSFT,2022-06-30,buyback_distortion_flag,0.0
AMT,2022-06-30,buyback_distortion_flag,0.0
O,2022-06-30,buyback_distortion_flag,0.0
AFL,2022-06-30,buyback_distortion_flag,0.0
JPM,2022-06-30,buyback_distortion_flag,0.0
BAC,2022-06-30,buyback_distortion_flag,0.0
AZO,2022-08-27,buyback_distortion_flag,
AAPL,2022-09-24,buyback_distortion_flag,0.0
AMT,2022-09-30,buyback_distortion_flag,0.0
JPM,2022-09-30,buyback_distortion_flag,0.0
O,2022-09-30,buyback_distortion_flag,0.0
BAC,2022-09-30,buyback_distortion_flag,0.0
AFL,2022-09-30,buyback_distortion_flag,0.0
MSFT,2022-09-30,buyback_distortion_flag,0.0
AZO,2022-11-19,buyback_distortion_flag,
MSFT,2022-12-31,buyback_distortion_flag,0.0
BAC,2022-12-31,buyback_distortion_flag,0.0
AAPL,2022-12-31,buyback_distortion_flag,0.0
AMT,2022-12-31,buyback_distortion_flag,0.0
AFL,2022-12-31,buyback_distortion_flag,0.0
JPM,2022-12-31,buyback_distortion_flag,0.0
O,2022-12-31,buyback_distortion_flag,0.0
AZO,2023-02-11,buyback_distortion_flag,
AFL,2023-03-31,buyback_distortion_flag,0.0
AMT,2023-03-31,buyback_distortion_flag,0.0
BAC,2023-03-31,buyback_distortion_flag,0.0
O,2023-03-31,buyback_distortion_flag,0.0
JPM,2023-03-31,buyback_distortion_flag,0.0
MSFT,2023-03-31,buyback_distortion_flag,0.0
AAPL,2023-04-01,buyback_distortion_flag,0.0
AZO,2023-05-06,buyback_distortion_flag,
MSFT,2023-06-30,buyback_distortion_flag,0.0
AMT,2023-06-30,buyback_distortion_flag,0.0
JPM,2023-06-30,buyback_distortion_flag,0.0
O,2023-06-30,buyback_distortion_flag,0.0
AFL,2023-06-30,buyback_distortion_flag,0.0
BAC,2023-06-30,buyback_distortion_flag,0.0
AAPL,2023-07-01,buyback_distortion_flag,0.0
AZO,2023-08-26,buyback_distortion_flag,
AMT,2023-09-30,buyback_distortion_flag,0.0
O,2023-09-30,buyback_distortion_flag,0.0
JPM,2023-09-30,buyback_distortion_flag,0.0
AAPL,2023-09-30,buyback_distortion_flag,0.0
AFL,2023-09-30,buyback_distortion_flag,0.0
BAC,2023-09-30,buyback_distortion_flag,0.0
MSFT,2023-09-30,buyback_distortion_flag,0.0
AZO,2023-11-18,buyback_distortion_flag,
AAPL,2023-12-30,buyback_distortion_flag,0.0
BAC,2023-12-31,buyback_distortion_flag,0.0
JPM,2023-12-31,buyback_distortion_flag,0.0
MSFT,2023-12-31,buyback_distortion_flag,0.0
O,2023-12-31,buyback_distortion_flag,0.0
AMT,2023-12-31,buyback_distortion_flag,0.0
AFL,2023-12-31,buyback_distortion_flag,0.0
AZO,2024-02-10,buyback_distortion_flag,
AAPL,2024-03-30,buyback_distortion_flag,0.0
JPM,2024-03-31,buyback_distortion_flag,0.0
O,2024-03-31,buyback_distortion_flag,0.0
MSFT,2024-03-31,buyback_distortion_flag,0.0
BAC,2024-03-31,buyback_distortion_flag,0.0
AMT,2024-03-31,buyback_distortion_flag,0.0
AFL,2024-03-31,buyback_distortion_flag,0.0
AZO,2024-05-04,buyback_distortion_flag,
AAPL,2024-06-29,buyback_distortion_flag,0.0
JPM,2024-06-30,buyback_distortion_flag,0.0
O,2024-06-30,buyback_distortion_flag,0.0
BAC,2024-06-30,buyback_distortion_flag,0.0
MSFT,2024-06-30,buyback_distortion_flag,0.0
AMT,2024-06-30,buyback_distortion_flag,0.0
AFL,2024-06-30,buyback_distortion_flag,0.0
AZO,2024-08-31,buyback_distortion_flag,
AAPL,2024-09-28,buyback_distortion_flag,0.0
AMT,2024-09-30,buyback_distortion_flag,0.0
JPM,2024-09-30,buyback_distortion_flag,0.0
MSFT,2024-09-30,buyback_distortion_flag,0.0
AFL,2024-09-30,buyback_distortion_flag,0.0
O,2024-09-30,buyback_distortion_flag,0.0
BAC,2024-09-30,buyback_distortion_flag,0.0
AZO,2024-11-23,buyback_distortion_flag,
AAPL,2024-12-28,buyback_distortion_flag,0.0
AFL,2024-12-31,buyback_distortion_flag,0.0
O,2024-12-31,buyback_distortion_flag,0.0
JPM,2024-12-31,buyback_distortion_flag,0.0
AMT,2024-12-31,buyback_distortion_flag,0.0
MSFT,2024-12-31,buyback_distortion_flag,0.0
BAC,2024-12-31,buyback_distortion_flag,0.0
AZO,2025-02-15,buyback_distortion_flag,
AAPL,2025-03-29,buyback_distortion_flag,0.0
JPM,2025-03-31,buyback_distortion_flag,0.0
BAC,2025-03-31,buyback_distortion_flag,0.0
MSFT,2025-03-31,buyback_distortion_flag,0.0
AFL,2025-03-31,buyback_distortion_flag,0.0
AMT,2025-03-31,buyback_distortion_flag,0.0
O,2025-03-31,buyback_distortion_flag,0.0
AZO,2025-05-10,buyback_distortion_flag,
AAPL,2025-06-28,buyback_distortion_flag,0.0
AMT,2025-06-30,buyback_distortion_flag,0.0
AFL,2025-06-30,buyback_distortion_flag,0.0
MSFT,2025-06-30,buyback_distortion_flag,0.0
BAC,2025-06-30,buyback_distortion_flag,0.0
O,2025-06-30,buyback_distortion_flag,0.0
JPM,2025-06-30,buyback_distortion_flag,0.0
AZO,2025-08-30,buyback_distortion_flag,
AAPL,2025-09-27,buyback_distortion_flag,0.0
O,2025-09-30,buyback_distortion_flag,0.0
MSFT,2025-09-30,buyback_distortion_flag,0.0
JPM,2025-09-30,buyback_distortion_flag,0.0
AMT,2025-09-30,buyback_distortion_flag,0.0
BAC,2025-09-30,buyback_distortion_flag,0.0
AFL,2025-09-30,buyback_distortion_flag,0.0
AZO,2025-11-22,buyback_distortion_flag,
AAPL,2025-12-27,buyback_distortion_flag,0.0
O,2025-12-31,buyback_distortion_flag,0.0
AFL,2025-12-31,buyback_distortion_flag,0.0
MSFT,2025-12-31,buyback_distortion_flag,0.0
JPM,2025-12-31,buyback_distortion_flag,0.0
BAC,2025-12-31,buyback_distortion_flag,0.0
AMT,2025-12-31,buyback_distortion_flag,0.0
AZO,2026-02-14,buyback_distortion_flag,
AAPL,2026-03-28,buyback_distortion_flag,0.0
MSFT,2026-03-31,buyback_distortion_flag,0.0
JPM,2026-03-31,buyback_distortion_flag,0.0
BAC,2026-03-31,buyback_distortion_flag,0.0
O,2026-03-31,buyback_distortion_flag,0.0
AMT,2026-03-31,buyback_distortion_flag,0.0
AFL,2026-03-31,buyback_distortion_flag,0.0
AZO,2026-05-09,buyback_distortion_flag,
AAPL,2026-06-27,buyback_distortion_flag,0.0
JPM,2026-06-30,buyback_distortion_flag,0.0
BAC,2026-06-30,buyback_distortion_flag,0.0
AFL,2026-06-30,buyback_distortion_flag,0.0
MSFT,2026-06-30,buyback_distortion_flag,0.0
O,2026-06-30,buyback_distortion_flag,0.0
